Workbook

Sheet Temperatura
A2: VARIABLE | B2: TEMPERATURA MEDIA (°C) | C2: MES | D2: =VLOOKUP(E2,Climatologia_TMED!AA1:AC13,2,FALSE) -> JULIO | E2: 7 | F2: AÑO | G2: 2026 | H2: DIAS | I2: =VLOOKUP(E2,Climatologia_TMED!AA1:AC13,3,FALSE) -> 31
A4: CODIGO | B4: ESTACION | C4: AREA_OP | D4: LON | E4: LAT | F4: ELEV | G4: COD_DPTO | H4: COD_MUNICIPIO | I4: DEPARTAMENTO | J4: MUNICIPIO | K4: 1 | L4: 2 | M4: 3 | N4: 4 | O4: 5 | P4: 6 | Q4: 7 | R4: 8 | S4: 9 | T4: 10 | U4: 11 | V4: 12 | W4: 13 | X4: 14 | Y4: 15 | Z4: 16 | AA4: 17 | AB4: 18 | AC4: 19 | AD4: 20 | AE4: 21 | AF4: 22 | AG4: 23 | AH4: 24 | AI4: 25 | AJ4: 26 | AK4: 27 | AL4: 28 | AM4: 29 | AN4: 30 | AO4: 31 | AP4: NUM_DATOS | AQ4: MEDIA_MENSUAL | AR4: MEDIA_MULTIANUAL | AS4: ANOMALIA
A5: 17015010 | B5: Aeropuerto Sesquicentenario | C5: Met_Aeronautica | D5: -81.704 | E5: 12.587 | F5: 1 | G5: 88 | H5: 88001 | I5: Archipiélago de San Andres, Providencia y Santa Catalina | J5: Isla de San Andrés | K5: 30 | L5: 29.8 | M5: 29.1 | N5: 26.5 | O5: 28.3 | P5: 29.9 | Q5: 29.2 | R5: 29.4 | S5: 29.9 | T5: 29.1 | U5: 29.8 | V5: 28.5 | W5: 27.1 | X5: 28 | Y5: 28.4 | Z5: 28.9 | AA5: 29.5 | AB5: 29.2 | AC5: 29.4 | AD5: 26.7 | AE5: 28.8 | AF5: 28.8 | AG5: 29.2 | AH5: 27.8 | AI5: 28.8 | AP5: =COUNTIF(K5:AO5,">0") -> 25 | AQ5: =IF(AP5>14,AVERAGE(K5:AO5),"") -> 28.804 | AR5: =IFERROR(VLOOKUP(A5,Climatologia_TMED!A:U,9+$E$2,FALSE),"") -> 28.153215 | AS5: =IF(OR(AQ5="",AR5=""),"",IFERROR(AQ5-AR5,"")) -> 0.65078511
A6: 17025020 | B6: Aeropuerto El Embrujo | C6: Met_Aeronautica | D6: -81.358 | E6: 13.36 | F6: 7 | G6: 88 | H6: 88564 | I6: Archipiélago de San Andres, Providencia y Santa Catalina | J6: Isla de Providencia | K6: 29 | L6: 29.7 | M6: 29.7 | N6: 27.8 | O6: 27.5 | P6: 29 | Q6: 29 | R6: 29 | S6: 29.4 | T6: 28.7 | U6: 29.1 | V6: 29.5 | W6: 28.6 | X6: 28.4 | Y6: 28.7 | Z6: 29.5 | AA6: 29.3 | AB6: 28.9 | AC6: 28.3 | AD6: 28.2 | AE6: 28.7 | AF6: 29.3 | AG6: 28.8 | AH6: 27.5 | AI6: 29.2 | AP6: =COUNTIF(K6:AO6,">0") -> 25 | AQ6: =IF(AP6>14,AVERAGE(K6:AO6),"") -> 28.832 | AR6: =IFERROR(VLOOKUP(A6,Climatologia_TMED!A:U,9+$E$2,FALSE),"") -> 28.395234 | AS6: =IF(OR(AQ6="",AR6=""),"",IFERROR(AQ6-AR6,"")) -> 0.43676611
A7: 15015050 | B7: Aeropuerto Simón Bolívar | C7: Met_Aeronautica | D7: -74.229 | E7: 11.128 | F7: 4 | G7: 47 | H7: 47001 | I7: Magdalena | J7: Santa Marta | K7: 30.9 | L7: 32.4 | M7: 30.9 | N7: 29.4 | O7: 31.5 | P7: 31.9 | Q7: 34 | R7: 34.2 | S7: 30.6 | T7: 30.2 | U7: 32 | V7: 32.5 | W7: 31.1 | X7: 33 | Y7: 33.1 | Z7: 33.4 | AA7: 33.8 | AB7: 31.9 | AC7: 31.6 | AD7: 27.1 | AE7: 29.1 | AF7: 32.1 | AG7: 29.6 | AH7: 28.8 | AI7: 31 | AP7: =COUNTIF(K7:AO7,">0") -> 25 | AQ7: =IF(AP7>14,AVERAGE(K7:AO7),"") -> 31.444 | AR7: =IFERROR(VLOOKUP(A7,Climatologia_TMED!A:U,9+$E$2,FALSE),"") -> 29.20018 | AS7: =IF(OR(AQ7="",AR7=""),"",IFERROR(AQ7-AR7,"")) -> 2.2438195
A8: 14015080 | B8: Aeropuerto Rafael Nuñez | C8: Met_Aeronautica | D8: -75.516 | E8: 10.447 | F8: 2 | G8: 13 | H8: 13001 | I8: Bolívar | J8: Cartagena de Indias | K8: 29.5 | L8: 30.1 | M8: 29 | N8: 28.6 | O8: 29.7 | P8: 30.1 | Q8: 30.7 | R8: 31 | S8: 30.3 | T8: 30.1 | U8: 30.5 | V8: 30 | W8: 29 | X8: 30.2 | Y8: 30.7 | Z8: 30.4 | AA8: 30.6 | AB8: 30.9 | AC8: 29.5 | AD8: 27.2 | AE8: 29 | AF8: 29.2 | AG8: 28.6 | AH8: 28.4 | AI8: 29.5 | AP8: =COUNTIF(K8:AO8,">0") -> 25 | AQ8: =IF(AP8>14,AVERAGE(K8:AO8),"") -> 29.712 | AR8: =IFERROR(VLOOKUP(A8,Climatologia_TMED!A:U,9+$E$2,FALSE),"") -> 28.578539 | AS8: =IF(OR(AQ8="",AR8=""),"",IFERROR(AQ8-AR8,"")) -> 1.1334607
A9: 29045190 | B9: Aeropuerto Ernesto Cortissoz - AUT | C9: Met_Aeronautica | D9: -74.78 | E9: 10.918 | F9: 14 | G9: 8 | H9: 8758 | I9: Atlántico | J9: Soledad | K9: 29.6 | L9: 29.4 | M9: 28.7 | N9: 28.1 | O9: 29.9 | P9: 29.4 | Q9: 30.5 | R9: 30.6 | S9: 29.9 | T9: 29.1 | U9: 29.7 | V9: 29.5 | W9: 29.1 | X9: 30.8 | Y9: 30.5 | Z9: 30 | AA9: 30.1 | AB9: 29.8 | AC9: 29.3 | AD9: 25.4 | AE9: 29.1 | AF9: 29.1 | AG9: 29.1 | AH9: 28.7 | AI9: 29.2 | AP9: =COUNTIF(K9:AO9,">0") -> 25 | AQ9: =IF(AP9>14,AVERAGE(K9:AO9),"") -> 29.384 | AR9: =IFERROR(VLOOKUP(A9,Climatologia_TMED!A:U,9+$E$2,FALSE),"") -> 29.787469 | AS9: =IF(OR(AQ9="",AR9=""),"",IFERROR(AQ9-AR9,"")) -> -0.40346898
A10: 15065180 | B10: Aeropuerto Almirante Padilla | C10: Met_Aeronautica | D10: -72.918 | E10: 11.53 | F10: 4 | G10: 44 | H10: 44001 | I10: La Guajira | J10: Riohacha | K10: 31.2 | L10: 31 | M10: 30.7 | N10: 31 | O10: 32.1 | P10: 31.6 | Q10: 33.1 | R10: 33.2 | S10: 32.1 | T10: 31.1 | U10: 30.7 | V10: 32.5 | W10: 31.1 | X10: 32.5 | Y10: 33 | Z10: 32.2 | AA10: 32.9 | AB10: 31.8 | AC10: 30.6 | AD10: 32 | AE10: 32.5 | AF10: 30 | AG10: 31 | AH10: 31.7 | AI10: 30.5 | AP10: =COUNTIF(K10:AO10,">0") -> 25 | AQ10: =IF(AP10>14,AVERAGE(K10:AO10),"") -> 31.684 | AR10: =IFERROR(VLOOKUP(A10,Climatologia_TMED!A:U,9+$E$2,FALSE),"") -> 30.079422 | AS10: =IF(OR(AQ10="",AR10=""),"",IFERROR(AQ10-AR10,"")) -> 1.604578
A11: 28025502 | B11: Aeropuerto Alfonso López | C11: Met_Aeronautica | D11: -73.248 | E11: 10.436 | F11: 138 | G11: 20 | H11: 20001 | I11: Cesar | J11: Valledupar | K11: 34 | L11: 32.9 | M11: 31.1 | N11: 31.3 | O11: 33.5 | P11: 33.1 | Q11: 34.6 | R11: 33.9 | S11: 32.9 | T11: 33.1 | U11: 33.5 | V11: 31.2 | W11: 32.2 | X11: 34.1 | Y11: 34.4 | Z11: 33.8 | AA11: 34.1 | AB11: 32.8 | AC11: 32.5 | AD11: 29.2 | AE11: 31.5 | AF11: 31.7 | AG11: 30 | AH11: 31.7 | AI11: 33.2 | AP11: =COUNTIF(K11:AO11,">0") -> 25 | AQ11: =IF(AP11>14,AVERAGE(K11:AO11),"") -> 32.652 | AR11: =IFERROR(VLOOKUP(A11,Climatologia_TMED!A:U,9+$E$2,FALSE),"") -> 30.003914 | AS11: =IF(OR(AQ11="",AR11=""),"",IFERROR(AQ11-AR11,"")) -> 2.6480859
A12: 13035501 | B12: Aeropuerto Los Garzones | C12: Met_Aeronautica | D12: -75.825 | E12: 8.826 | F12: 20 | G12: 23 | H12: 23001 | I12: Córdoba | J12: Montería | K12: 30.7 | L12: 28.7 | M12: 30.7 | N12: 28.3 | O12: 31.3 | P12: 31 | Q12: 31.5 | R12: 31.7 | S12: 27.2 | T12: 30.9 | U12: 30.7 | V12: 29.8 | W12: 29 | X12: 31.8 | Y12: 31.5 | Z12: 32 | AA12: 31.8 | AB12: 31.5 | AC12: 28.5 | AD12: 27.9 | AE12: 30 | AF12: 30.5 | AG12: 25.8 | AH12: 29.2 | AI12: 30.9 | AP12: =COUNTIF(K12:AO12,">0") -> 25 | AQ12: =IF(AP12>14,AVERAGE(K12:AO12),"") -> 30.116 | AR12: =IFERROR(VLOOKUP(A12,Climatologia_TMED!A:U,9+$E$2,FALSE),"") -> 28.265666 | AS12: =IF(OR(AQ12="",AR12=""),"",IFERROR(AQ12-AR12,"")) -> 1.8503336
A13: 23155030 | B13: Aeropuerto Yariguies | C13: Met_Aeronautica | D13: -73.809 | E13: 7.026 | F13: 126 | G13: 68 | H13: 68081 | I13: Santander | J13: Barrancabermeja | K13: 30.7 | L13: 28.7 | M13: 29.6 | N13: 27.6 | O13: 30.8 | P13: 31.4 | Q13: 32.4 | R13: 32.4 | S13: 26.4 | T13: 29.7 | U13: 30.3 | V13: 27.9 | W13: 29.8 | X13: 31.3 | Y13: 31.7 | Z13: 32.9 | AA13: 33.7 | AB13: 30.8 | AC13: 28.6 | AD13: 27.8 | AE13: 27.6 | AF13: 29.9 | AG13: 26.9 | AH13: 29.6 | AI13: 30.3 | AP13: =COUNTIF(K13:AO13,">0") -> 25 | AQ13: =IF(AP13>14,AVERAGE(K13:AO13),"") -> 29.952 | AR13: =IFERROR(VLOOKUP(A13,Climatologia_TMED!A:U,9+$E$2,FALSE),"") -> 28.329395 | AS13: =IF(OR(AQ13="",AR13=""),"",IFERROR(AQ13-AR13,"")) -> 1.6226053
A14: 23195502 | B14: Aeropuerto Palonegro | C14: Met_Aeronautica | D14: -73.185 | E14: 7.121 | F14: 1189 | G14: 68 | H14: 68406 | I14: Santander | J14: Lebrija | K14: 24.9 | L14: 22.7 | M14: 23 | N14: 22.6 | O14: 24.2 | P14: 24.6 | Q14: 25.9 | R14: 25.2 | S14: 21.4 | T14: 23.2 | U14: 23.7 | V14: 22.5 | W14: 23.6 | X14: 23.2 | Y14: 25.4 | Z14: 26.2 | AA14: 25.3 | AB14: 23.5 | AC14: 22.9 | AD14: 21.9 | AE14: 22 | AF14: 24.7 | AG14: 21.9 | AH14: 22.4 | AI14: 23.1 | AP14: =COUNTIF(K14:AO14,">0") -> 25 | AQ14: =IF(AP14>14,AVERAGE(K14:AO14),"") -> 23.6 | AR14: =IFERROR(VLOOKUP(A14,Climatologia_TMED!A:U,9+$E$2,FALSE),"") -> 21.72154 | AS14: =IF(OR(AQ14="",AR14=""),"",IFERROR(AQ14-AR14,"")) -> 1.87846
A15: 16015010 | B15: Aeropuerto Camilo Daza | C15: Met_Aeronautica | D15: -72.509 | E15: 7.93 | F15: 250 | G15: 54 | H15: 54001 | I15: Norte de Santander | J15: Cúcuta | K15: 25.2 | L15: 26.6 | M15: 27.3 | N15: 28.5 | O15: 30.7 | P15: 31 | Q15: 30.2 | R15: 32.4 | S15: 27.3 | T15: 30.5 | U15: 29 | V15: 27.8 | W15: 29.7 | X15: 29.4 | Y15: 31.2 | Z15: 30.1 | AA15: 31 | AB15: 28 | AC15: 28.5 | AD15: 26.2 | AE15: 29.1 | AF15: 31.3 | AG15: 28.1 | AH15: 31 | AI15: 28.9 | AP15: =COUNTIF(K15:AO15,">0") -> 25 | AQ15: =IF(AP15>14,AVERAGE(K15:AO15),"") -> 29.16 | AR15: =IFERROR(VLOOKUP(A15,Climatologia_TMED!A:U,9+$E$2,FALSE),"") -> 28.235505 | AS15: =IF(OR(AQ15="",AR15=""),"",IFERROR(AQ15-AR15,"")) -> 0.92449462
A16: 12015070 | B16: Aeropuerto Los Cedros | C16: Met_Aeronautica | D16: -76.718 | E16: 7.816 | F16: 41 | G16: 5 | H16: 5147 | I16: Antioquia | J16: Carepa | K16: 28.1 | L16: 28.6 | M16: 28.1 | N16: 27.2 | O16: 29.7 | P16: 27.5 | Q16: 30.1 | R16: 30.1 | S16: 25.3 | T16: 28.9 | U16: 27.5 | V16: 27 | W16: 28.7 | X16: 30 | Y16: 30.5 | Z16: 30.4 | AA16: 30.1 | AB16: 27.8 | AC16: 26.9 | AD16: 27.5 | AE16: 28.4 | AF16: 29 | AG16: 24.6 | AH16: 28.1 | AI16: 29.6 | AP16: =COUNTIF(K16:AO16,">0") -> 25 | AQ16: =IF(AP16>14,AVERAGE(K16:AO16),"") -> 28.388 | AR16: =IFERROR(VLOOKUP(A16,Climatologia_TMED!A:U,9+$E$2,FALSE),"") -> 27.637653 | AS16: =IF(OR(AQ16="",AR16=""),"",IFERROR(AQ16-AR16,"")) -> 0.75034715
... A37: 26175040 | B37: Hacienda Tunez | C37: Area Operativa 01 - Antioquia-Chocó | D37: -75.650972 | E37: 5.80025 | F37: 604 | G37: 5 | H37: 5282 | I37: Antioquia | J37: Fredonia | K37: 27.9 | L37: 25.65 | M37: 26.85 | N37: 25.8 | O37: 27.05 | P37: 27.85 | Q37: 28.45 | R37: 27.25 | S37: 27.3 | T37: 28.9 | U37: 26.75 | V37: 26.85 | W37: 28.7 | X37: 28.2 | Y37: 27.1 | Z37: 28.3 | AA37: 28.05 | AB37: 27.95 | AC37: 26.85 | AD37: 27.7 | AE37: 27.2 | AF37: 28.25 | AG37: 25.1 | AH37: 27.45 | AI37: 27.4 | AP37: =COUNTIF(K37:AO37,">0") -> 25 | AQ37: =IF(AP37>14,AVERAGE(K37:AO37),"") -> 27.394 | AR37: =IFERROR(VLOOKUP(A37,Climatologia_TMED!A:U,9+$E$2,FALSE),"") -> 25.88623 | AS37: =IF(OR(AQ37="",AR37=""),"",IFERROR(AQ37-AR37,"")) -> 1.5077701
A38: 26185020 | B38: Mesopotamia | C38: Area Operativa 01 - Antioquia-Chocó | D38: -75.318639 | E38: 5.8863611 | F38: 2408 | G38: 5 | H38: 5400 | I38: Antioquia | J38: La Unión | K38: 17.2 | L38: 15.4 | M38: 16.4 | N38: 14.95 | O38: 15.95 | P38: 15.6 | Q38: 17.2 | R38: 17.25 | S38: 15.6 | T38: 16.7 | U38: 15.4 | V38: 14.75 | W38: 16 | Y38: 16.1 | Z38: 16.2 | AA38: 17.45 | AB38: 15.95 | AC38: 15.5 | AE38: 15.85 | AF38: 15.55 | AG38: 14.9 | AH38: 16.3 | AI38: 15.2 | AP38: =COUNTIF(K38:AO38,">0") -> 23 | AQ38: =IF(AP38>14,AVERAGE(K38:AO38),"") -> 15.973913 | AR38: =IFERROR(VLOOKUP(A38,Climatologia_TMED!A:U,9+$E$2,FALSE),"") -> 15.017929 | AS38: =IF(OR(AQ38="",AR38=""),"",IFERROR(AQ38-AR38,"")) -> 0.95598404
A39: 26205080 | B39: La Aldea | C39: Area Operativa 01 - Antioquia-Chocó | D39: -75.700944 | E39: 6.3410556 | F39: 1737 | G39: 5 | H39: 5001 | I39: Antioquia | J39: Medellín | K39: 23.466667 | L39: 23.4 | M39: 22.666667 | N39: 19.666667 | O39: 22.133333 | P39: 24.266667 | Q39: 24.333333 | R39: 24.4 | S39: 20.866667 | T39: 23.133333 | U39: 21.733333 | V39: 20.133333 | W39: 22.8 | Y39: 23 | Z39: 24.666667 | AA39: 24.933333 | AB39: 23.2 | AC39: 21.4 | AD39: 19.733333 | AE39: 21.333333 | AF39: 21.8 | AG39: 19.133333 | AH39: 21.866667 | AI39: 21.8 | AP39: =COUNTIF(K39:AO39,">0") -> 24 | AQ39: =IF(AP39>14,AVERAGE(K39:AO39),"") -> 22.327778 | AR39: =IFERROR(VLOOKUP(A39,Climatologia_TMED!A:U,9+$E$2,FALSE),"") | AS39: =IF(OR(AQ39="",AR39=""),"",IFERROR(AQ39-AR39,""))
A40: 27015090 | B40: Tulio Ospina | C40: Area Operativa 01 - Antioquia-Chocó | D40: -75.55325 | E40: 6.3196944 | F40: 1453 | G40: 5 | H40: 5088 | I40: Antioquia | J40: Bello | K40: 25.666667 | M40: 25.6 | N40: 23.4 | O40: 24.733333 | P40: 27.133333 | Q40: 27.533333 | R40: 27.066667 | S40: 24.333333 | T40: 25.466667 | U40: 25.066667 | V40: 22.266667 | Y40: 25.2 | Z40: 26.733333 | AA40: 26.2 | AB40: 26.2 | AC40: 24.8 | AF40: 25.15 | AH40: 24.333333 | AI40: 24.133333 | AP40: =COUNTIF(K40:AO40,">0") -> 19 | AQ40: =IF(AP40>14,AVERAGE(K40:AO40),"") -> 25.316667 | AR40: =IFERROR(VLOOKUP(A40,Climatologia_TMED!A:U,9+$E$2,FALSE),"") -> 22.851791 | AS40: =IF(OR(AQ40="",AR40=""),"",IFERROR(AQ40-AR40,"")) -> 2.4648759
A41: 27015260 | B41: La Salada | C41: Area Operativa 01 - Antioquia-Chocó | D41: -75.624667 | E41: 6.0483611 | F41: 1923 | G41: 5 | H41: 5129 | I41: Antioquia | J41: Caldas | K41: 20.733333 | L41: 20 | M41: 21.2 | N41: 20.4 | O41: 21 | P41: 21.6 | Q41: 21.933333 | R41: 21.866667 | S41: 21.133333 | T41: 21.6 | U41: 19.6 | V41: 18.4 | W41: 20.133333 | X41: 21.266667 | Y41: 19.533333 | Z41: 21.533333 | AA41: 20.333333 | AB41: 18.866667 | AD41: 17.9 | AE41: 19.8 | AF41: 18.8 | AG41: 18.4 | AH41: 18 | AI41: 20.466667 | AP41: =COUNTIF(K41:AO41,">0") -> 24 | AQ41: =IF(AP41>14,AVERAGE(K41:AO41),"") -> 20.1875 | AR41: =IFERROR(VLOOKUP(A41,Climatologia_TMED!A:U,9+$E$2,FALSE),"") -> 18.492109 | AS41: =IF(OR(AQ41="",AR41=""),"",IFERROR(AQ41-AR41,"")) -> 1.6953908
A42: 12045010 | B42: Arboletes | C42: Area Operativa 02 - Atlántico-Bolivar-Sucre | D42: -76.431944 | E42: 8.8469444 | F42: 4 | G42: 5 | H42: 5051 | I42: Antioquia | J42: Arboletes | K42: 28.85 | L42: 28.4 | M42: 27.5 | N42: 26.8 | O42: 28.7 | P42: 28.45 | Q42: 28.65 | R42: 28.5 | S42: 25.8 | T42: 28.15 | U42: 28.6 | V42: 27.95 | W42: 26.9 | X42: 28.95 | Y42: 28.9 | Z42: 29.55 | AA42: 29.05 | AB42: 28.6 | AC42: 28.5 | AD42: 26.55 | AE42: 27.825 | AF42: 28.6 | AG42: 24.7 | AH42: 27.5 | AI42: 28.55 | AP42: =COUNTIF(K42:AO42,">0") -> 25 | AQ42: =IF(AP42>14,AVERAGE(K42:AO42),"") -> 28.021 | AR42: =IFERROR(VLOOKUP(A42,Climatologia_TMED!A:U,9+$E$2,FALSE),"") -> 27.752686 | AS42: =IF(OR(AQ42="",AR42=""),"",IFERROR(AQ42-AR42,"")) -> 0.26831448
A43: 12045020 | B43: Cristo Rey - Aut | C43: Area Operativa 02 - Atlántico-Bolivar-Sucre | D43: -76.224444 | E43: 9.0711111 | F43: 15 | G43: 23 | H43: 23574 | I43: Córdoba | J43: Puerto Escondido | K43: 30.75 | N43: 28.55 | O43: 29.85 | P43: 29.95 | Q43: 30.55 | R43: 29.4 | S43: 29.15 | T43: 28.75 | U43: 29.85 | V43: 28.9 | W43: 27.8 | X43: 29.85 | Y43: 30.55 | Z43: 30.75 | AA43: 30.65 | AB43: 30.5 | AC43: 29.4 | AD43: 27.25 | AE43: 28.85 | AF43: 29.85 | AG43: 26.1 | AH43: 28.6 | AI43: 29.75 | AP43: =COUNTIF(K43:AO43,">0") -> 23 | AQ43: =IF(AP43>14,AVERAGE(K43:AO43),"") -> 29.373913 | AR43: =IFERROR(VLOOKUP(A43,Climatologia_TMED!A:U,9+$E$2,FALSE),"") | AS43: =IF(OR(AQ43="",AR43=""),"",IFERROR(AQ43-AR43,""))
A44: 13015040 | B44: Represa Urra | C44: Area Operativa 02 - Atlántico-Bolivar-Sucre | D44: -76.203056 | E44: 8.0141667 | F44: 300 | G44: 23 | H44: 23807 | I44: Córdoba | J44: Tierralta | K44: 28.575 | L44: 26.675 | M44: 26.95 | N44: 27.275 | O44: 29.5 | P44: 28.3 | Q44: 29.9 | R44: 28.975 | S44: 25.45 | T44: 28.8 | U44: 29.45 | V44: 26.65 | W44: 27.7 | X44: 29.45 | Y44: 31.35 | Z44: 31.2 | AA44: 29.925 | AB44: 30.05 | AC44: 28.75 | AD44: 27.425 | AE44: 28.45 | AF44: 28.425 | AG44: 25.55 | AH44: 28.9 | AI44: 28.95 | AP44: =COUNTIF(K44:AO44,">0") -> 25 | AQ44: =IF(AP44>14,AVERAGE(K44:AO44),"") -> 28.505 | AR44: =IFERROR(VLOOKUP(A44,Climatologia_TMED!A:U,9+$E$2,FALSE),"") -> 27.342343 | AS44: =IF(OR(AQ44="",AR44=""),"",IFERROR(AQ44-AR44,"")) -> 1.1626566
A45: 25025080 | B45: Aeropuerto Rafael Barvo | C45: Area Operativa 02 - Atlántico-Bolivar-Sucre | D45: -75.283056 | E45: 9.3338889 | F45: 166 | G45: 70 | H45: 70215 | I45: Sucre | J45: Corozal | K45: 29.55 | L45: 29.5 | M45: 30.1 | N45: 27.45 | O45: 29.6 | P45: 30.65 | Q45: 30.5 | R45: 30.8 | S45: 28.75 | T45: 29.9 | U45: 30.2 | V45: 29 | W45: 28.35 | X45: 29.6 | Y45: 30.1 | Z45: 31 | AA45: 31.35 | AB45: 30 | AC45: 27.75 | AD45: 27 | AE45: 27.95 | AF45: 29.65 | AG45: 25.65 | AH45: 28.45 | AI45: 29.65 | AP45: =COUNTIF(K45:AO45,">0") -> 25 | AQ45: =IF(AP45>14,AVERAGE(K45:AO45),"") -> 29.3 | AR45: =IFERROR(VLOOKUP(A45,Climatologia_TMED!A:U,9+$E$2,FALSE),"") -> 27.768107 | AS45: =IF(OR(AQ45="",AR45=""),"",IFERROR(AQ45-AR45,"")) -> 1.5318925
A46: 13075010 | B46: Chima | C46: Area Operativa 02 - Atlántico-Bolivar-Sucre | D46: -75.622083 | E46: 9.15075 | F46: 20 | G46: 5 | H46: 5172 | I46: Antioquia | J46: Chigorodó | K46: 30.375 | L46: 29 | M46: 28.8 | N46: 27.7 | O46: 29.25 | P46: 29.65 | Q46: 29.8 | R46: 30.1 | S46: 28.2 | T46: 28.6 | U46: 28.8 | V46: 28.55 | W46: 28.15 | X46: 28.75 | Y46: 29.55 | Z46: 30.05 | AA46: 30.35 | AB46: 29.65 | AC46: 28.5 | AD46: 27 | AE46: 28.9 | AF46: 28.55 | AG46: 27.1 | AH46: 29.3 | AI46: 29.4 | AP46: =COUNTIF(K46:AO46,">0") -> 25 | AQ46: =IF(AP46>14,AVERAGE(K46:AO46),"") -> 28.963 | AR46: =IFERROR(VLOOKUP(A46,Climatologia_TMED!A:U,9+$E$2,FALSE),"") -> 27.906198 | AS46: =IF(OR(AQ46="",AR46=""),"",IFERROR(AQ46-AR46,"")) -> 1.0568024
A47: 13075020 | B47: El Salado | C47: Area Operativa 02 - Atlántico-Bolivar-Sucre | D47: -75.582222 | E47: 8.9138889 | F47: 40 | G47: 23 | H47: 23189 | I47: Córdoba | J47: Ciénaga De Oro | K47: 31.166667 | L47: 29.533333 | M47: 30.366667 | N47: 28.3 | O47: 31 | P47: 30.866667 | Q47: 31.133333 | R47: 31.133333 | S47: 26.8 | T47: 29.866667 | U47: 30.333333 | V47: 30.066667 | W47: 29.2 | X47: 31.733333 | Y47: 31.666667 | Z47: 31.933333 | AA47: 31.8 | AB47: 31.6 | AC47: 26.466667 | AD47: 27.733333 | AE47: 30.333333 | AF47: 30.466667 | AG47: 25.933333 | AH47: 29.333333 | AI47: 31.4 | AP47: =COUNTIF(K47:AO47,">0") -> 25 | AQ47: =IF(AP47>14,AVERAGE(K47:AO47),"") -> 30.006667 | AR47: =IFERROR(VLOOKUP(A47,Climatologia_TMED!A:U,9+$E$2,FALSE),"") -> 27.968876 | AS47: =IF(OR(AQ47="",AR47=""),"",IFERROR(AQ47-AR47,"")) -> 2.0377908
A48: 13085010 | B48: La Doctrina | C48: Area Operativa 02 - Atlántico-Bolivar-Sucre | D48: -75.892778 | E48: 9.2972222 | F48: 20 | G48: 23 | H48: 23417 | I48: Córdoba | J48: Lorica | AP48: =COUNTIF(K48:AO48,">0") -> 0 | AQ48: =IF(AP48>14,AVERAGE(K48:AO48),"") | AR48: =IFERROR(VLOOKUP(A48,Climatologia_TMED!A:U,9+$E$2,FALSE),"") -> 28.301925 | AS48: =IF(OR(AQ48="",AR48=""),"",IFERROR(AQ48-AR48,""))
A49: 13085030 | B49: San Bernardo Del Viento | C49: Area Operativa 02 - Atlántico-Bolivar-Sucre | D49: -75.95 | E49: 9.37 | F49: 22 | G49: 23 | H49: 23675 | I49: Córdoba | J49: San Bernardo Del Viento | AP49: =COUNTIF(K49:AO49,">0") -> 0 | AQ49: =IF(AP49>14,AVERAGE(K49:AO49),"") | AR49: =IFERROR(VLOOKUP(A49,Climatologia_TMED!A:U,9+$E$2,FALSE),"") -> 27.33464 | AS49: =IF(OR(AQ49="",AR49=""),"",IFERROR(AQ49-AR49,""))
A50: 25025160 | B50: Cuba Hacienda | C50: Area Operativa 02 - Atlántico-Bolivar-Sucre | D50: -75.402778 | E50: 8.0038889 | F50: 50 | G50: 23 | H50: 23466 | I50: Córdoba | J50: Montelíbano | K50: 28.95 | L50: 28.5 | M50: 30.95 | N50: 28.9 | O50: 31.05 | P50: 31.2 | Q50: 31.05 | R50: 30.55 | S50: 26.4 | T50: 29.15 | U50: 30.9 | V50: 28.3 | W50: 28.4 | X50: 29.35 | Y50: 31.25 | Z50: 30.2 | AA50: 31.3 | AB50: 29.6 | AC50: 28.8 | AD50: 26.85 | AE50: 28.25 | AF50: 28.85 | AG50: 25.65 | AH50: 28.35 | AI50: 29.05 | AP50: =COUNTIF(K50:AO50,">0") -> 25 | AQ50: =IF(AP50>14,AVERAGE(K50:AO50),"") -> 29.272 | AR50: =IFERROR(VLOOKUP(A50,Climatologia_TMED!A:U,9+$E$2,FALSE),"") -> 27.28869 | AS50: =IF(OR(AQ50="",AR50=""),"",IFERROR(AQ50-AR50,"")) -> 1.9833097
A51: 25025190 | B51: Planeta Rica - Aut | C51: Area Operativa 02 - Atlántico-Bolivar-Sucre | D51: -75.583722 | E51: 8.3993333 | F51: 90 | G51: 23 | H51: 23555 | I51: Córdoba | J51: Planeta Rica | K51: 30 | L51: 29.1 | M51: 28.95 | N51: 28.5 | O51: 29.8 | P51: 29.025 | Q51: 30.7 | R51: 31.55 | S51: 26.1 | T51: 29.4 | U51: 29.9 | V51: 28.05 | W51: 28.65 | X51: 30.85 | AP51: =COUNTIF(K51:AO51,">0") -> 14 | AQ51: =IF(AP51>14,AVERAGE(K51:AO51),"") | AR51: =IFERROR(VLOOKUP(A51,Climatologia_TMED!A:U,9+$E$2,FALSE),"") -> 27.938143 | AS51: =IF(OR(AQ51="",AR51=""),"",IFERROR(AQ51-AR51,""))
A52: 25025210 | B52: Pinillos | C52: Area Operativa 02 - Atlántico-Bolivar-Sucre | D52: -74.457778 | E52: 8.9113889 | F52: 10 | G52: 13 | H52: 13549 | I52: Bolívar | J52: Pinillos | AP52: =COUNTIF(K52:AO52,">0") -> 0 | AQ52: =IF(AP52>14,AVERAGE(K52:AO52),"") | AR52: =IFERROR(VLOOKUP(A52,Climatologia_TMED!A:U,9+$E$2,FALSE),"") | AS52: =IF(OR(AQ52="",AR52=""),"",IFERROR(AQ52-AR52,""))
A53: 25025270 | B53: Unisucre Aut | C53: Area Operativa 02 - Atlántico-Bolivar-Sucre | D53: -75.3875 | E53: 9.3163889 | F53: 160 | G53: 70 | H53: 70670 | I53: Sucre | J53: Sampués | K53: 30.55 | L53: 29.65 | M53: 28.05 | N53: 26.55 | O53: 29.2 | P53: 30.1 | Q53: 31.15 | R53: 31.8 | S53: 26.65 | T53: 29.35 | U53: 29.6 | V53: 27.8 | W53: 27.8 | X53: 30.15 | Y53: 30.65 | Z53: 30.9 | AA53: 31.15 | AB53: 29.7 | AC53: 27.85 | AD53: 26.7 | AE53: 27.75 | AF53: 28.15 | AG53: 25.5 | AH53: 27.65 | AI53: 29 | AP53: =COUNTIF(K53:AO53,">0") -> 25 | AQ53: =IF(AP53>14,AVERAGE(K53:AO53),"") -> 28.936 | AR53: =IFERROR(VLOOKUP(A53,Climatologia_TMED!A:U,9+$E$2,FALSE),"") -> 27.359246 | AS53: =IF(OR(AQ53="",AR53=""),"",IFERROR(AQ53-AR53,"")) -> 1.5767537
A54: 25025380 | B54: San Benito - Aut | C54: Area Operativa 02 - Atlántico-Bolivar-Sucre | D54: -75.044722 | E54: 9.1638889 | F54: 20 | G54: 70 | H54: 70678 | I54: Sucre | J54: San Benito Abad | K54: 30.85 | L54: 28.7 | M54: 30.85 | N54: 28.75 | O54: 31.2 | P54: 31.65 | Q54: 31.7 | R54: 32.15 | S54: 27.35 | T54: 30.1 | U54: 30.1 | V54: 30.2 | W54: 29.15 | X54: 30.85 | Y54: 31.7 | Z54: 31.8 | AA54: 31.65 | AB54: 31.3 | AC54: 28.95 | AD54: 27.7 | AE54: 29.5 | AF54: 31.2 | AG54: 26.15 | AH54: 29.45 | AI54: 30.45 | AP54: =COUNTIF(K54:AO54,">0") -> 25 | AQ54: =IF(AP54>14,AVERAGE(K54:AO54),"") -> 30.138 | AR54: =IFERROR(VLOOKUP(A54,Climatologia_TMED!A:U,9+$E$2,FALSE),"") -> 28.498226 | AS54: =IF(OR(AQ54="",AR54=""),"",IFERROR(AQ54-AR54,"")) -> 1.639774
A55: 29015000 | B55: El Guamo - Aut | C55: Area Operativa 02 - Atlántico-Bolivar-Sucre | D55: -74.976638 | E55: 10.034607 | F55: 75 | G55: 13 | H55: 13248 | I55: Bolívar | J55: El Guamo | L55: 29.8 | R55: 32.65 | S55: 30.35 | T55: 31.8 | U55: 30.5 | V55: 28.9 | W55: 29.55 | X55: 30.4 | Y55: 33.2 | Z55: 33.5 | AA55: 31.85 | AB55: 29.95 | AC55: 30.3 | AE55: 29 | AF55: 27.65 | AG55: 28 | AH55: 29.35 | AI55: 28.95 | AP55: =COUNTIF(K55:AO55,">0") -> 18 | AQ55: =IF(AP55>14,AVERAGE(K55:AO55),"") -> 30.316667 | AR55: =IFERROR(VLOOKUP(A55,Climatologia_TMED!A:U,9+$E$2,FALSE),"") -> 28.43096 | AS55: =IF(OR(AQ55="",AR55=""),"",IFERROR(AQ55-AR55,"")) -> 1.885707
A56: 29035000 | B56: Sincerin - Aut | C56: Area Operativa 02 - Atlántico-Bolivar-Sucre | D56: -75.278278 | E56: 10.142583 | F56: 10 | G56: 13 | H56: 13052 | I56: Bolívar | J56: Arjona | K56: 30.15 | L56: 28.85 | M56: 29.3 | N56: 29.5 | O56: 30.25 | P56: 30.7 | Q56: 30.25 | R56: 30.8 | S56: 29.8 | T56: 30.4 | U56: 29.95 | V56: 29.25 | W56: 29.7 | X56: 30.55 | Y56: 30.25 | Z56: 29.95 | AA56: 29.9 | AB56: 30.45 | AC56: 29.25 | AD56: 29 | AE56: 28.2 | AF56: 27.05 | AG56: 27.9 | AH56: 27.8 | AI56: 27.45 | AP56: =COUNTIF(K56:AO56,">0") -> 25 | AQ56: =IF(AP56>14,AVERAGE(K56:AO56),"") -> 29.466 | AR56: =IFERROR(VLOOKUP(A56,Climatologia_TMED!A:U,9+$E$2,FALSE),"") | AS56: =IF(OR(AQ56="",AR56=""),"",IFERROR(AQ56-AR56,""))
A57: 29035030 | B57: Presa Ay Grande | C57: Area Operativa 02 - Atlántico-Bolivar-Sucre | D57: -75.326301 | E57: 9.879634 | F57: 60 | G57: 13 | H57: 13442 | I57: Bolívar | J57: María La Baja | AP57: =COUNTIF(K57:AO57,">0") -> 0 | AQ57: =IF(AP57>14,AVERAGE(K57:AO57),"") | AR57: =IFERROR(VLOOKUP(A57,Climatologia_TMED!A:U,9+$E$2,FALSE),"") | AS57: =IF(OR(AQ57="",AR57=""),"",IFERROR(AQ57-AR57,""))
A58: 29035080 | B58: Normal Manati - Aut | C58: Area Operativa 02 - Atlántico-Bolivar-Sucre | D58: -74.954726 | E58: 10.453966 | F58: 10 | G58: 8 | H58: 8436 | I58: Atlántico | J58: Manatí | AP58: =COUNTIF(K58:AO58,">0") -> 0 | AQ58: =IF(AP58>14,AVERAGE(K58:AO58),"") | AR58: =IFERROR(VLOOKUP(A58,Climatologia_TMED!A:U,9+$E$2,FALSE),"") -> 27.866212 | AS58: =IF(OR(AQ58="",AR58=""),"",IFERROR(AQ58-AR58,""))
A59: 29035110 | B59: San Pablo | C59: Area Operativa 02 - Atlántico-Bolivar-Sucre | D59: -75.258611 | E59: 10.043167 | F59: 20 | G59: 13 | H59: 13442 | I59: Bolívar | J59: María La Baja | K59: 29.15 | L59: 29 | M59: 29.7 | N59: 27.95 | O59: 28.95 | P59: 29.9 | Q59: 28.3 | R59: 29.95 | S59: 29 | T59: 30.4 | U59: 29.1 | V59: 27.65 | W59: 27.7 | X59: 29.625 | Y59: 30.05 | Z59: 32.45 | AA59: 31.55 | AB59: 29.65 | AC59: 29 | AD59: 26.7 | AE59: 28.5 | AF59: 28.75 | AH59: 26.65 | AI59: 28.7 | AP59: =COUNTIF(K59:AO59,">0") -> 24 | AQ59: =IF(AP59>14,AVERAGE(K59:AO59),"") -> 29.098958 | AR59: =IFERROR(VLOOKUP(A59,Climatologia_TMED!A:U,9+$E$2,FALSE),"") -> 28.11422 | AS59: =IF(OR(AQ59="",AR59=""),"",IFERROR(AQ59-AR59,"")) -> 0.9847385
A60: 31015010 | B60: El Trueno | C60: Area Operativa 03 - Meta-Guaviare-Guainía | D60: -72.639861 | E60: 2.372592 | F60: 216 | G60: 95 | H60: 95025 | I60: Guaviare | J60: El Retorno | L60: 24.55 | M60: 25.3 | N60: 25 | O60: 25.5 | P60: 26 | Q60: 25 | S60: 24.8 | T60: 26.25 | U60: 25.5 | V60: 24.9 | W60: 26.75 | X60: 25.55 | Z60: 26.5 | AA60: 26.9 | AB60: 26.3 | AC60: 25.1 | AD60: 27.4 | AE60: 26.55 | AP60: =COUNTIF(K60:AO60,">0") -> 18 | AQ60: =IF(AP60>14,AVERAGE(K60:AO60),"") -> 25.769444 | AR60: =IFERROR(VLOOKUP(A60,Climatologia_TMED!A:U,9+$E$2,FALSE),"") -> 24.144564 | AS60: =IF(OR(AQ60="",AR60=""),"",IFERROR(AQ60-AR60,"")) -> 1.6248802
A61: 31095030 | B61: Puerto Inirida - Aut | C61: Area Operativa 03 - Meta-Guaviare-Guainía | D61: -67.919111 | E61: 3.874444 | F61: 98 | G61: 94 | H61: 94001 | I61: Guainía | J61: Inírida | K61: 26.5 | L61: 26.9 | M61: 26.5 | N61: 25.75 | O61: 24.05 | P61: 26.45 | Q61: 26.75 | R61: 25.8 | S61: 27.1 | T61: 27.05 | U61: 26.35 | V61: 26.8 | W61: 26.65 | X61: 27.45 | Y61: 27 | Z61: 27.3 | AA61: 27.85 | AB61: 27.05 | AC61: 25.45 | AD61: 26.3 | AE61: 27.95 | AF61: 25.6 | AG61: 27.25 | AH61: 27.25 | AI61: 27.6 | AP61: =COUNTIF(K61:AO61,">0") -> 25 | AQ61: =IF(AP61>14,AVERAGE(K61:AO61),"") -> 26.668 | AR61: =IFERROR(VLOOKUP(A61,Climatologia_TMED!A:U,9+$E$2,FALSE),"") -> 25.706672 | AS61: =IF(OR(AQ61="",AR61=""),"",IFERROR(AQ61-AR61,"")) -> 0.96132832
A62: 32035010 | B62: La Macarena | C62: Area Operativa 03 - Meta-Guaviare-Guainía | D62: -73.793472 | E62: 2.176139 | F62: 227 | G62: 50 | H62: 50350 | I62: Meta | J62: La Macarena | K62: 25.066667 | L62: 24.333333 | M62: 25.666667 | N62: 26 | O62: 25.733333 | P62: 26.733333 | Q62: 25.8 | R62: 24.8 | S62: 24.333333 | T62: 26.066667 | U62: 25.533333 | V62: 25.866667 | W62: 26.533333 | X62: 25.2 | Y62: 26.6 | Z62: 26.733333 | AA62: 25.933333 | AB62: 25.4 | AC62: 26.333333 | AD62: 27.4 | AE62: 26.6 | AF62: 26.6 | AG62: 25.066667 | AH62: 27.733333 | AP62: =COUNTIF(K62:AO62,">0") -> 24 | AQ62: =IF(AP62>14,AVERAGE(K62:AO62),"") -> 25.919444 | AR62: =IFERROR(VLOOKUP(A62,Climatologia_TMED!A:U,9+$E$2,FALSE),"") -> 24.539004 | AS62: =IF(OR(AQ62="",AR62=""),"",IFERROR(AQ62-AR62,"")) -> 1.3804405
A63: 32075050 | B63: Mesetas | C63: Area Operativa 03 - Meta-Guaviare-Guainía | D63: -74.043 | E63: 3.38008 | F63: 556 | G63: 50 | H63: 50330 | I63: Meta | J63: Mesetas | AP63: =COUNTIF(K63:AO63,">0") -> 0 | AQ63: =IF(AP63>14,AVERAGE(K63:AO63),"") | AR63: =IFERROR(VLOOKUP(A63,Climatologia_TMED!A:U,9+$E$2,FALSE),"") -> 23.477686 | AS63: =IF(OR(AQ63="",AR63=""),"",IFERROR(AQ63-AR63,""))
A64: 32155010 | B64: Mapiripana | C64: Area Operativa 03 - Meta-Guaviare-Guainía | D64: -70.475139 | E64: 2.811778 | F64: 154 | G64: 94 | H64: 94343 | I64: Guainía | J64: Barrancominas | AP64: =COUNTIF(K64:AO64,">0") -> 0 | AQ64: =IF(AP64>14,AVERAGE(K64:AO64),"") | AR64: =IFERROR(VLOOKUP(A64,Climatologia_TMED!A:U,9+$E$2,FALSE),"") -> 25.279519 | AS64: =IF(OR(AQ64="",AR64=""),"",IFERROR(AQ64-AR64,""))
A65: 33055010 | B65: Cumaribo | C65: Area Operativa 03 - Meta-Guaviare-Guainía | D65: -69.812306 | E65: 4.494806 | F65: 158 | G65: 99 | H65: 99773 | I65: Vichada | J65: Cumaribo | R65: 25.1 | S65: 25 | V65: 26.4 | W65: 26.1 | X65: 26.6 | Y65: 25.8 | Z65: 28.3 | AA65: 26.65 | AB65: 25.1 | AC65: 24.8 | AD65: 27.1 | AE65: 25.55 | AF65: 24.05 | AG65: 23.85 | AH65: 26.7 | AI65: 25.3 | AP65: =COUNTIF(K65:AO65,">0") -> 16 | AQ65: =IF(AP65>14,AVERAGE(K65:AO65),"") -> 25.775 | AR65: =IFERROR(VLOOKUP(A65,Climatologia_TMED!A:U,9+$E$2,FALSE),"") -> 25.005206 | AS65: =IF(OR(AQ65="",AR65=""),"",IFERROR(AQ65-AR65,"")) -> 0.76979404
A66: 34015010 | B66: Las Gaviotas | C66: Area Operativa 03 - Meta-Guaviare-Guainía | D66: -70.930225 | E66: 4.553891 | F66: 173 | G66: 99 | H66: 99773 | I66: Vichada | J66: Cumaribo | K66: 27 | L66: 23.5 | M66: 24.9 | N66: 23.45 | O66: 23.95 | P66: 26.1 | Q66: 25.15 | R66: 26.45 | S66: 25.05 | T66: 25.15 | U66: 26.4 | V66: 26.5 | W66: 26.75 | X66: 26.5 | Y66: 25.85 | Z66: 27.5 | AA66: 27.3 | AB66: 25.65 | AC66: 24.7 | AD66: 26.05 | AE66: 25.4 | AF66: 24.4 | AG66: 23.65 | AH66: 27.55 | AI66: 26.3 | AP66: =COUNTIF(K66:AO66,">0") -> 25 | AQ66: =IF(AP66>14,AVERAGE(K66:AO66),"") -> 25.648 | AR66: =IFERROR(VLOOKUP(A66,Climatologia_TMED!A:U,9+$E$2,FALSE),"") -> 24.909115 | AS66: =IF(OR(AQ66="",AR66=""),"",IFERROR(AQ66-AR66,"")) -> 0.73888517
A67: 35025110 | B67: La Libertad - Aut | C67: Area Operativa 03 - Meta-Guaviare-Guainía | D67: -73.467865 | E67: 4.057415 | F67: 340 | G67: 50 | H67: 50001 | I67: Meta | J67: Villavicencio | K67: 26.95 | L67: 22.65 | M67: 24.5 | N67: 24.4 | O67: 24.2 | P67: 27.45 | Q67: 24.9 | S67: 24.15 | T67: 25.85 | V67: 26.75 | W67: 25.95 | X67: 25.7 | Y67: 25.45 | Z67: 25.45 | AA67: 26.15 | AB67: 24.45 | AC67: 25.1 | AD67: 25.55 | AE67: 26.45 | AF67: 25.95 | AG67: 24 | AH67: 27.85 | AI67: 25.9 | AP67: =COUNTIF(K67:AO67,">0") -> 23 | AQ67: =IF(AP67>14,AVERAGE(K67:AO67),"") -> 25.467391 | AR67: =IFERROR(VLOOKUP(A67,Climatologia_TMED!A:U,9+$E$2,FALSE),"") -> 24.651207 | AS67: =IF(OR(AQ67="",AR67=""),"",IFERROR(AQ67-AR67,"")) -> 0.81618439
A68: 35045020 | B68: Hacienda La Cabaña | C68: Area Operativa 03 - Meta-Guaviare-Guainía | D68: -73.3575 | E68: 4.3004444 | F68: 310 | G68: 50 | H68: 50226 | I68: Meta | J68: Cumaral | K68: 25.5 | L68: 23.05 | M68: 24.4 | N68: 24.75 | O68: 23.45 | P68: 25.4 | Q68: 24.05 | R68: 25.45 | S68: 24.5 | T68: 26.35 | U68: 27.3 | V68: 24.6 | W68: 27.45 | X68: 25.95 | Y68: 25.75 | Z68: 27.55 | AA68: 28.25 | AB68: 23.7 | AC68: 24.9 | AD68: 24.2 | AE68: 25.35 | AF68: 27.15 | AG68: 26.35 | AH68: 26.05 | AI68: 24.75 | AP68: =COUNTIF(K68:AO68,">0") -> 25 | AQ68: =IF(AP68>14,AVERAGE(K68:AO68),"") -> 25.448 | AR68: =IFERROR(VLOOKUP(A68,Climatologia_TMED!A:U,9+$E$2,FALSE),"") -> 24.525088 | AS68: =IF(OR(AQ68="",AR68=""),"",IFERROR(AQ68-AR68,"")) -> 0.9229125
A69: 35095110 | B69: Huerta La Grande | C69: Area Operativa 03 - Meta-Guaviare-Guainía | D69: -72.915458 | E69: 4.65144 | F69: 345 | G69: 85 | H69: 85440 | I69: Casanare | J69: Villanueva | K69: 25.4 | L69: 22.75 | M69: 24.05 | N69: 24.4 | O69: 24.025 | P69: 25.75 | Q69: 23.65 | R69: 25.725 | S69: 23.8 | T69: 25.45 | U69: 26.35 | V69: 25.15 | W69: 25.65 | X69: 24.825 | Y69: 25.225 | Z69: 26.05 | AA69: 27.275 | AB69: 24.625 | AC69: 24.7 | AD69: 25.75 | AE69: 25.05 | AF69: 23.75 | AG69: 22.7 | AH69: 26.45 | AI69: 25.35 | AP69: =COUNTIF(K69:AO69,">0") -> 25 | AQ69: =IF(AP69>14,AVERAGE(K69:AO69),"") -> 24.956 | AR69: =IFERROR(VLOOKUP(A69,Climatologia_TMED!A:U,9+$E$2,FALSE),"") -> 24.322398 | AS69: =IF(OR(AQ69="",AR69=""),"",IFERROR(AQ69-AR69,"")) -> 0.63360231
A70: 35105050 | B70: Guaicaramo | C70: Area Operativa 03 - Meta-Guaviare-Guainía | D70: -72.95364 | E70: 4.46865 | F70: 199 | G70: 50 | H70: 50110 | I70: Meta | J70: Barranca De Upía | K70: 27.033333 | L70: 24.066667 | M70: 26.066667 | P70: 27 | Q70: 25.6 | R70: 27.133333 | S70: 25.8 | T70: 26.866667 | U70: 27.2 | X70: 25.4 | Y70: 26.333333 | Z70: 27.333333 | AA70: 27.933333 | AE70: 26.866667 | AF70: 26.133333 | AG70: 25.966667 | AH70: 26.766667 | AI70: 27.466667 | AP70: =COUNTIF(K70:AO70,">0") -> 18 | AQ70: =IF(AP70>14,AVERAGE(K70:AO70),"") -> 26.498148 | AR70: =IFERROR(VLOOKUP(A70,Climatologia_TMED!A:U,9+$E$2,FALSE),"") -> 25.569959 | AS70: =IF(OR(AQ70="",AR70=""),"",IFERROR(AQ70-AR70,"")) -> 0.92818946
A71: 35225030 | B71: Modulos - Aut | C71: Area Operativa 03 - Meta-Guaviare-Guainía | D71: -71.433083 | E71: 4.910528 | F71: 139 | G71: 85 | H71: 85230 | I71: Casanare | J71: Orocué | K71: 26.666667 | L71: 24.233333 | M71: 25.633333 | N71: 23.966667 | O71: 24.666667 | P71: 26.8 | Q71: 24.3 | R71: 26.833333 | S71: 24.5 | T71: 27.166667 | U71: 26.833333 | V71: 25.866667 | W71: 26.233333 | X71: 27.133333 | Y71: 26.8 | Z71: 26.266667 | AA71: 27.766667 | AB71: 26.133333 | AC71: 25.133333 | AD71: 25.866667 | AE71: 26.433333 | AF71: 26.233333 | AG71: 24.3 | AH71: 26.766667 | AI71: 26.1 | AP71: =COUNTIF(K71:AO71,">0") -> 25 | AQ71: =IF(AP71>14,AVERAGE(K71:AO71),"") -> 25.945333 | AR71: =IFERROR(VLOOKUP(A71,Climatologia_TMED!A:U,9+$E$2,FALSE),"") -> 25.662443 | AS71: =IF(OR(AQ71="",AR71=""),"",IFERROR(AQ71-AR71,"")) -> 0.28289042
A72: 42075010 | B72: Mitu | C72: Area Operativa 03 - Meta-Guaviare-Guainía | D72: -70.239204 | E72: 1.259702 | F72: 168 | G72: 97 | H72: 97001 | I72: Vaupés | J72: Mitú | K72: 25.533333 | L72: 26.866667 | M72: 25.2 | N72: 25.133333 | O72: 23.866667 | P72: 24.166667 | Q72: 24.433333 | R72: 25.633333 | S72: 25.566667 | T72: 26.533333 | U72: 25.633333 | V72: 25.233333 | W72: 25.833333 | X72: 24.566667 | Y72: 26.166667 | Z72: 26.366667 | AA72: 25.666667 | AC72: 23.6 | AD72: 26.1 | AE72: 26.233333 | AF72: 24.933333 | AG72: 25.666667 | AH72: 25.966667 | AI72: 25.9 | AP72: =COUNTIF(K72:AO72,">0") -> 24 | AQ72: =IF(AP72>14,AVERAGE(K72:AO72),"") -> 25.45 | AR72: =IFERROR(VLOOKUP(A72,Climatologia_TMED!A:U,9+$E$2,FALSE),"") -> 24.973209 | AS72: =IF(OR(AQ72="",AR72=""),"",IFERROR(AQ72-AR72,"")) -> 0.47679126
A73: 3502500006 | B73: Morichal | C73: Area Operativa 03 - Meta-Guaviare-Guainía | D73: -73.242964 | E73: 3.9325472 | F73: 277 | G73: 50 | H73: 50680 | I73: Meta | J73: San Carlos De Guaroa | K73: 26.2 | L73: 23.4 | M73: 25.4 | P73: 26.4 | Q73: 26.55 | R73: 26.55 | S73: 24.75 | T73: 25.75 | U73: 25.75 | X73: 25.2 | Y73: 26.3 | Z73: 26.15 | AA73: 26.5 | AD73: 25.95 | AE73: 26.45 | AF73: 25.9 | AG73: 24.3 | AH73: 26.1 | AP73: =COUNTIF(K73:AO73,">0") -> 18 | AQ73: =IF(AP73>14,AVERAGE(K73:AO73),"") -> 25.755556 | AR73: =IFERROR(VLOOKUP(A73,Climatologia_TMED!A:U,9+$E$2,FALSE),"") | AS73: =IF(OR(AQ73="",AR73=""),"",IFERROR(AQ73-AR73,""))
A74: 21025030 | B74: Altamira El Grifo Aut | C74: Area Operativa 04 - Huila-Caquetá | D74: -75.736222 | E74: 2.0791667 | F74: 1368 | G74: 41 | H74: 41026 | I74: Huila | J74: Altamira | K74: 20.35 | L74: 18.7 | M74: 19.75 | N74: 20.15 | O74: 20.05 | P74: 22.05 | Q74: 21.45 | R74: 18.85 | S74: 19.3 | T74: 20.85 | U74: 21.45 | V74: 19.55 | W74: 20.85 | X74: 19.6 | Y74: 21.6 | Z74: 21.35 | AA74: 21.45 | AB74: 19.75 | AC74: 19.95 | AD74: 22.3 | AE74: 22.05 | AF74: 22.95 | AG74: 21.15 | AH74: 22.2 | AI74: 22.25 | AP74: =COUNTIF(K74:AO74,">0") -> 25 | AQ74: =IF(AP74>14,AVERAGE(K74:AO74),"") -> 20.798 | AR74: =IFERROR(VLOOKUP(A74,Climatologia_TMED!A:U,9+$E$2,FALSE),"") -> 19.998499 | AS74: =IF(OR(AQ74="",AR74=""),"",IFERROR(AQ74-AR74,"")) -> 0.79950125
A75: 21055030 | B75: Santa Leticia | C75: Area Operativa 04 - Huila-Caquetá | D75: -76.16 | E75: 2.24 | F75: 2085 | G75: 19 | H75: 19355 | I75: Cauca | J75: Inzá | K75: 15.466667 | L75: 15.066667 | M75: 14.466667 | N75: 15.533333 | O75: 15.6 | P75: 17.6 | Q75: 16.2 | R75: 14.333333 | S75: 15.666667 | T75: 15.066667 | U75: 17.066667 | V75: 14.733333 | W75: 15 | X75: 14.066667 | Y75: 15.566667 | Z75: 15.666667 | AA75: 16.6 | AB75: 15.4 | AC75: 15.066667 | AD75: 17.133333 | AE75: 17.266667 | AF75: 17.733333 | AG75: 18.333333 | AH75: 16.133333 | AI75: 16.333333 | AP75: =COUNTIF(K75:AO75,">0") -> 25 | AQ75: =IF(AP75>14,AVERAGE(K75:AO75),"") -> 15.884 | AR75: =IFERROR(VLOOKUP(A75,Climatologia_TMED!A:U,9+$E$2,FALSE),"") -> 15.181044 | AS75: =IF(OR(AQ75="",AR75=""),"",IFERROR(AQ75-AR75,"")) -> 0.70295631
A76: 21065040 | B76: Zuluaga Aut | C76: Area Operativa 04 - Huila-Caquetá | D76: -75.529444 | E76: 2.2525 | F76: 1270 | G76: 41 | H76: 41298 | I76: Huila | J76: Garzón | K76: 20.5 | L76: 20.075 | M76: 20.5 | N76: 20.05 | O76: 20.5 | P76: 21.95 | Q76: 21.2 | R76: 19.45 | S76: 20 | T76: 20.4 | U76: 22.3 | V76: 20.6 | W76: 20.85 | X76: 19.85 | Y76: 20.65 | Z76: 20.45 | AA76: 21.55 | AB76: 20.2 | AC76: 20.45 | AD76: 21.75 | AE76: 22.85 | AF76: 21.2 | AG76: 19.45 | AH76: 21.1 | AI76: 20.6 | AP76: =COUNTIF(K76:AO76,">0") -> 25 | AQ76: =IF(AP76>14,AVERAGE(K76:AO76),"") -> 20.739 | AR76: =IFERROR(VLOOKUP(A76,Climatologia_TMED!A:U,9+$E$2,FALSE),"") -> 19.799967 | AS76: =IF(OR(AQ76="",AR76=""),"",IFERROR(AQ76-AR76,"")) -> 0.93903339
A77: 21115100 | B77: Palacio-Vegalarga | C77: Area Operativa 04 - Huila-Caquetá | D77: -75.066389 | E77: 2.9426389 | F77: 1100 | G77: 41 | H77: 41001 | I77: Huila | J77: Neiva | K77: 23.666667 | L77: 23.466667 | M77: 22.133333 | N77: 23.266667 | O77: 24.266667 | P77: 25.266667 | Q77: 25.733333 | R77: 23.866667 | S77: 23.266667 | T77: 23.866667 | U77: 25.2 | V77: 21.266667 | W77: 24.533333 | X77: 23.2 | Y77: 24.4 | Z77: 25.133333 | AA77: 24.866667 | AB77: 21.4 | AC77: 23.066667 | AD77: 24.133333 | AE77: 25.333333 | AF77: 25 | AG77: 23.133333 | AH77: 24.8 | AI77: 23.533333 | AP77: =COUNTIF(K77:AO77,">0") -> 25 | AQ77: =IF(AP77>14,AVERAGE(K77:AO77),"") -> 23.912 | AR77: =IFERROR(VLOOKUP(A77,Climatologia_TMED!A:U,9+$E$2,FALSE),"") -> 22.683241 | AS77: =IF(OR(AQ77="",AR77=""),"",IFERROR(AQ77-AR77,"")) -> 1.2287591
A78: 21135030 | B78: Anchique | C78: Area Operativa 04 - Huila-Caquetá | D78: -75.109 | E78: 3.5738333 | F78: 415 | G78: 73 | H78: 73483 | I78: Tolima | J78: Natagaima | K78: 30.5 | L78: 30.1 | M78: 28.5 | N78: 29.85 | O78: 31.6 | P78: 32.65 | Q78: 32.75 | R78: 32.2 | S78: 30.4 | T78: 30 | U78: 32.4 | V78: 29.2 | W78: 32.1 | X78: 30.7 | Y78: 32.8 | Z78: 32.2 | AA78: 32.8 | AB78: 28.85 | AC78: 30.05 | AD78: 31.3 | AE78: 31.7 | AF78: 32.35 | AG78: 29.95 | AH78: 32.25 | AI78: 31.1 | AP78: =COUNTIF(K78:AO78,">0") -> 25 | AQ78: =IF(AP78>14,AVERAGE(K78:AO78),"") -> 31.132 | AR78: =IFERROR(VLOOKUP(A78,Climatologia_TMED!A:U,9+$E$2,FALSE),"") -> 29.18393 | AS78: =IF(OR(AQ78="",AR78=""),"",IFERROR(AQ78-AR78,"")) -> 1.9480702
A79: 21145040 | B79: San Alfonso | C79: Area Operativa 04 - Huila-Caquetá | D79: -75.110111 | E79: 3.3733611 | F79: 440 | G79: 41 | H79: 41872 | I79: Huila | J79: Villavieja | K79: 31.4 | L79: 31.466667 | M79: 31.133333 | N79: 30.466667 | O79: 30.466667 | P79: 32.866667 | Q79: 32.066667 | R79: 32.6 | S79: 31.866667 | T79: 31.4 | W79: 30.733333 | X79: 29.933333 | Y79: 29.066667 | Z79: 31.133333 | AA79: 32 | AB79: 27.466667 | AC79: 30.6 | AD79: 31.333333 | AE79: 31.733333 | AF79: 32.066667 | AG79: 32.066667 | AH79: 32.133333 | AI79: 31.4 | AP79: =COUNTIF(K79:AO79,">0") -> 23 | AQ79: =IF(AP79>14,AVERAGE(K79:AO79),"") -> 31.191304 | AR79: =IFERROR(VLOOKUP(A79,Climatologia_TMED!A:U,9+$E$2,FALSE),"") -> 29.469053 | AS79: =IF(OR(AQ79="",AR79=""),"",IFERROR(AQ79-AR79,"")) -> 1.7222515
A80: 21145080 | B80: Santa Ana - Aut | C80: Area Operativa 04 - Huila-Caquetá | D80: -74.702944 | E80: 3.5897778 | F80: 1410 | G80: 41 | H80: 41206 | I80: Huila | J80: Colombia | K80: 20.666667 | L80: 18.866667 | M80: 19.8 | N80: 20.333333 | O80: 20.533333 | P80: 20.333333 | Q80: 20.466667 | R80: 21.6 | S80: 20.6 | T80: 21.133333 | U80: 21.6 | V80: 19.733333 | W80: 20.466667 | X80: 20.2 | Y80: 22.933333 | Z80: 21.2 | AA80: 21.8 | AB80: 19.4 | AC80: 19.066667 | AD80: 22.2 | AE80: 21.933333 | AF80: 22.066667 | AG80: 20.733333 | AH80: 22 | AI80: 20 | AP80: =COUNTIF(K80:AO80,">0") -> 25 | AQ80: =IF(AP80>14,AVERAGE(K80:AO80),"") -> 20.786667 | AR80: =IFERROR(VLOOKUP(A80,Climatologia_TMED!A:U,9+$E$2,FALSE),"") -> 19.306579 | AS80: =IF(OR(AQ80="",AR80=""),"",IFERROR(AQ80-AR80,"")) -> 1.4800872
A81: 44045010 | B81: San Jose De Fragua | C81: Area Operativa 04 - Huila-Caquetá | D81: -75.9615 | E81: 1.3251389 | F81: 320 | G81: 18 | H81: 18610 | I81: Caquetá | J81: San José Del Fragua | K81: 24 | L81: 23.55 | M81: 22.85 | N81: 23.2 | O81: 24.55 | Q81: 23.5 | R81: 22.75 | S81: 23.65 | T81: 25.4 | U81: 25.25 | V81: 24.85 | W81: 22.8 | X81: 22.9 | Y81: 24.5 | Z81: 23.45 | AA81: 25.4 | AB81: 23 | AC81: 24.15 | AD81: 23.95 | AE81: 25.7 | AH81: 24.1 | AI81: 25.85 | AP81: =COUNTIF(K81:AO81,">0") -> 22 | AQ81: =IF(AP81>14,AVERAGE(K81:AO81),"") -> 24.061364 | AR81: =IFERROR(VLOOKUP(A81,Climatologia_TMED!A:U,9+$E$2,FALSE),"") -> 24.17463 | AS81: =IF(OR(AQ81="",AR81=""),"",IFERROR(AQ81-AR81,"")) -> -0.11326627
A82: 44045020 | B82: Valparaiso | C82: Area Operativa 04 - Huila-Caquetá | D82: -75.704472 | E82: 1.19525 | F82: 270 | G82: 18 | H82: 18860 | I82: Caquetá | J82: Valparaíso | K82: 25.066667 | L82: 24.8 | M82: 25.466667 | N82: 24.933333 | O82: 25.833333 | P82: 26.866667 | Q82: 24.933333 | R82: 23.933333 | S82: 24.133333 | T82: 27.066667 | U82: 25.4 | V82: 26.133333 | W82: 25.2 | X82: 26.333333 | Y82: 26.133333 | Z82: 25.6 | AA82: 27.133333 | AB82: 28.066667 | AC82: 26.266667 | AD82: 27.466667 | AE82: 28.333333 | AF82: 27.666667 | AG82: 26.266667 | AH82: 26.933333 | AI82: 27.133333 | AP82: =COUNTIF(K82:AO82,">0") -> 25 | AQ82: =IF(AP82>14,AVERAGE(K82:AO82),"") -> 26.124 | AR82: =IFERROR(VLOOKUP(A82,Climatologia_TMED!A:U,9+$E$2,FALSE),"") -> 25.173722 | AS82: =IF(OR(AQ82="",AR82=""),"",IFERROR(AQ82-AR82,"")) -> 0.95027754
A83: 15045010 | B83: Matitas | C83: Area Operativa 05 - Magdalena-Cesar-Guajira-San Andrés | D83: -73.030278 | E83: 11.263889 | F83: 20 | G83: 44 | H83: 44001 | I83: La Guajira | J83: Riohacha | AP83: =COUNTIF(K83:AO83,">0") -> 0 | AQ83: =IF(AP83>14,AVERAGE(K83:AO83),"") | AR83: =IFERROR(VLOOKUP(A83,Climatologia_TMED!A:U,9+$E$2,FALSE),"") | AS83: =IF(OR(AQ83="",AR83=""),"",IFERROR(AQ83-AR83,""))
A84: 15065501 | B84: La Mina Cerrejon - Aut | C84: Area Operativa 05 - Magdalena-Cesar-Guajira-San Andrés | D84: -72.615944 | E84: 11.137583 | F84: 80 | G84: 44 | H84: 44035 | I84: La Guajira | J84: Albania | AP84: =COUNTIF(K84:AO84,">0") -> 0 | AQ84: =IF(AP84>14,AVERAGE(K84:AO84),"") | AR84: =IFERROR(VLOOKUP(A84,Climatologia_TMED!A:U,9+$E$2,FALSE),"") -> 30.28449 | AS84: =IF(OR(AQ84="",AR84=""),"",IFERROR(AQ84-AR84,""))
A85: 15075030 | B85: Manaure | C85: Area Operativa 05 - Magdalena-Cesar-Guajira-San Andrés | D85: -72.4635 | E85: 11.781056 | F85: 1 | G85: 44 | H85: 44560 | I85: La Guajira | J85: Manaure | K85: 32.3 | L85: 31.6 | M85: 30.4 | N85: 29.65 | O85: 30.7 | P85: 31.8 | Q85: 30.85 | T85: 30.5 | Z85: 31.8 | AC85: 30.55 | AD85: 31.05 | AE85: 30.55 | AF85: 30.35 | AG85: 30.5 | AH85: 30.65 | AI85: 30.7 | AP85: =COUNTIF(K85:AO85,">0") -> 16 | AQ85: =IF(AP85>14,AVERAGE(K85:AO85),"") -> 30.871875 | AR85: =IFERROR(VLOOKUP(A85,Climatologia_TMED!A:U,9+$E$2,FALSE),"") | AS85: =IF(OR(AQ85="",AR85=""),"",IFERROR(AQ85-AR85,""))
A86: 15085030 | B86: Escuela Agricola Carraipia - Aut | C86: Area Operativa 05 - Magdalena-Cesar-Guajira-San Andrés | D86: -72.359944 | E86: 11.21675 | F86: 118 | G86: 44 | H86: 44430 | I86: La Guajira | J86: Maicao | K86: 29.95 | L86: 29.7 | M86: 29.35 | N86: 29.6 | O86: 29.35 | P86: 29.6 | Q86: 29.95 | R86: 30.4 | S86: 29.75 | T86: 29.55 | U86: 29.75 | V86: 30.05 | W86: 29.4 | X86: 29.9 | Y86: 30.15 | Z86: 30.05 | AA86: 29.9 | AB86: 29.35 | AC86: 29.95 | AD86: 29.7 | AE86: 29.3 | AF86: 29.9 | AG86: 29.75 | AH86: 29.8 | AI86: 29.6 | AP86: =COUNTIF(K86:AO86,">0") -> 25 | AQ86: =IF(AP86>14,AVERAGE(K86:AO86),"") -> 29.75 | AR86: =IFERROR(VLOOKUP(A86,Climatologia_TMED!A:U,9+$E$2,FALSE),"") -> 28.612083 | AS86: =IF(OR(AQ86="",AR86=""),"",IFERROR(AQ86-AR86,"")) -> 1.1379168
A87: 25025002 | B87: Los Alamos - Aut | C87: Area Operativa 05 - Magdalena-Cesar-Guajira-San Andrés | D87: -74.273639 | E87: 9.3040556 | F87: 25 | G87: 47 | H87: 47692 | I87: Magdalena | J87: San Sebastián De Buenavista | K87: 32.95 | L87: 30.45 | M87: 31.65 | N87: 30.4 | O87: 32.05 | P87: 33.4 | Q87: 33.85 | R87: 33.85 | S87: 29.55 | T87: 32.85 | U87: 32.65 | V87: 31.5 | W87: 31.75 | X87: 33.25 | Y87: 35.25 | Z87: 34.55 | AA87: 35.45 | AB87: 29.75 | AC87: 31.35 | AD87: 28.2 | AE87: 30.25 | AF87: 31.25 | AG87: 27.85 | AH87: 30.9 | AI87: 30.85 | AP87: =COUNTIF(K87:AO87,">0") -> 25 | AQ87: =IF(AP87>14,AVERAGE(K87:AO87),"") -> 31.832 | AR87: =IFERROR(VLOOKUP(A87,Climatologia_TMED!A:U,9+$E$2,FALSE),"") -> 29.00619 | AS87: =IF(OR(AQ87="",AR87=""),"",IFERROR(AQ87-AR87,"")) -> 2.82581
A88: 28015070 | B88: Urumita Aut | C88: Area Operativa 05 - Magdalena-Cesar-Guajira-San Andrés | D88: -73.016389 | E88: 10.566389 | F88: 255 | G88: 44 | H88: 44855 | I88: La Guajira | J88: Urumita | K88: 31.65 | L88: 29.1 | M88: 28.9 | N88: 27.85 | O88: 31 | P88: 30.8 | Q88: 31.55 | R88: 31.25 | S88: 30.8 | T88: 31.05 | U88: 30.6 | V88: 29.3 | W88: 28.25 | X88: 31.3 | Y88: 31.55 | Z88: 31.6 | AA88: 31.7 | AB88: 30.65 | AC88: 28.9 | AD88: 28.95 | AE88: 30.4 | AF88: 28.9 | AG88: 27.6 | AH88: 29.35 | AI88: 31.75 | AP88: =COUNTIF(K88:AO88,">0") -> 25 | AQ88: =IF(AP88>14,AVERAGE(K88:AO88),"") -> 30.19 | AR88: =IFERROR(VLOOKUP(A88,Climatologia_TMED!A:U,9+$E$2,FALSE),"") -> 28.690875 | AS88: =IF(OR(AQ88="",AR88=""),"",IFERROR(AQ88-AR88,"")) -> 1.4991254
A89: 28035010 | B89: Villa Rosa | C89: Area Operativa 05 - Magdalena-Cesar-Guajira-San Andrés | D89: -73.547389 | E89: 10.190667 | F89: 70 | G89: 20 | H89: 20001 | I89: Cesar | J89: Valledupar | K89: 34.85 | L89: 33.5 | N89: 31.05 | O89: 33.3 | P89: 34.1 | Q89: 34.75 | R89: 35.9 | S89: 31.05 | U89: 34.95 | V89: 32.65 | X89: 35.75 | Y89: 35.85 | Z89: 35.4 | AB89: 34.45 | AD89: 28.15 | AE89: 33 | AF89: 31.25 | AH89: 31.5 | AI89: 34.7 | AP89: =COUNTIF(K89:AO89,">0") -> 19 | AQ89: =IF(AP89>14,AVERAGE(K89:AO89),"") -> 33.481579 | AR89: =IFERROR(VLOOKUP(A89,Climatologia_TMED!A:U,9+$E$2,FALSE),"") -> 29.482499 | AS89: =IF(OR(AQ89="",AR89=""),"",IFERROR(AQ89-AR89,"")) -> 3.9990799
A90: 28035020 | B90: El Callao | C90: Area Operativa 05 - Magdalena-Cesar-Guajira-San Andrés | D90: -73.319444 | E90: 10.363056 | F90: 110 | G90: 20 | H90: 20001 | I90: Cesar | J90: Valledupar | K90: 32.75 | L90: 32.35 | M90: 29.45 | N90: 29.45 | O90: 33 | P90: 30.7 | Q90: 33.4 | R90: 33.85 | S90: 32.05 | T90: 32.45 | U90: 32.1 | V90: 31.9 | W90: 31.6 | X90: 33.75 | Y90: 33.7 | Z90: 33 | AA90: 33.4 | AB90: 33.15 | AG90: 29.75 | AH90: 30.7 | AI90: 31.85 | AP90: =COUNTIF(K90:AO90,">0") -> 21 | AQ90: =IF(AP90>14,AVERAGE(K90:AO90),"") -> 32.111905 | AR90: =IFERROR(VLOOKUP(A90,Climatologia_TMED!A:U,9+$E$2,FALSE),"") -> 29.03506 | AS90: =IF(OR(AQ90="",AR90=""),"",IFERROR(AQ90-AR90,"")) -> 3.0768447
A91: 25025330 | B91: Colegio Agropecuario Pailitas | C91: Area Operativa 05 - Magdalena-Cesar-Guajira-San Andrés | D91: -73.630083 | E91: 8.9542222 | F91: 50 | G91: 20 | H91: 20517 | I91: Cesar | J91: Pailitas | K91: 31 | L91: 30.7 | M91: 31.1 | N91: 30.9 | O91: 31.7 | P91: 30.3 | Q91: 34.8 | R91: 34.35 | S91: 31.3 | T91: 32.85 | U91: 33.2 | V91: 30.8 | W91: 31.65 | X91: 33.95 | Y91: 34.3 | Z91: 34.45 | AA91: 35.6 | AE91: 28.2 | AP91: =COUNTIF(K91:AO91,">0") -> 18 | AQ91: =IF(AP91>14,AVERAGE(K91:AO91),"") -> 32.286111 | AR91: =IFERROR(VLOOKUP(A91,Climatologia_TMED!A:U,9+$E$2,FALSE),"") | AS91: =IF(OR(AQ91="",AR91=""),"",IFERROR(AQ91-AR91,""))
A92: 23125100 | B92: Buenavista | C92: Area Operativa 06 - Boyacá-Casanare-Vichada | D92: -73.943111 | E92: 5.5149167 | F92: 2200 | G92: 15 | H92: 15109 | I92: Boyacá | J92: Buenavista | K92: 18.35 | L92: 18.05 | M92: 18.1 | N92: 15.65 | O92: 16.9 | P92: 19.2 | Q92: 19.25 | R92: 19.9 | S92: 15.65 | T92: 16.95 | U92: 18 | V92: 16.85 | W92: 17.95 | X92: 18.45 | Y92: 17.25 | Z92: 19.3 | AA92: 19.55 | AB92: 16.75 | AC92: 15.933333 | AD92: 15.25 | AE92: 16.85 | AF92: 17.6 | AG92: 16.85 | AH92: 17.25 | AI92: 17.25 | AP92: =COUNTIF(K92:AO92,">0") -> 25 | AQ92: =IF(AP92>14,AVERAGE(K92:AO92),"") -> 17.563333 | AR92: =IFERROR(VLOOKUP(A92,Climatologia_TMED!A:U,9+$E$2,FALSE),"") -> 16.163344 | AS92: =IF(OR(AQ92="",AR92=""),"",IFERROR(AQ92-AR92,"")) -> 1.3999892
A93: 23125140 | B93: Aeropuerto Furatena - Aut | C93: Area Operativa 06 - Boyacá-Casanare-Vichada | D93: -74.182417 | E93: 5.5208333 | F93: 1250 | G93: 15 | H93: 15580 | I93: Boyacá | J93: Quípama | K93: 24.066667 | L93: 23.066667 | M93: 23.266667 | N93: 22.333333 | O93: 22.933333 | P93: 24.2 | Q93: 24.466667 | R93: 25.066667 | S93: 22.333333 | T93: 24.2 | U93: 24.2 | V93: 22.733333 | W93: 23.333333 | X93: 24.2 | Y93: 24.8 | Z93: 25.466667 | AA93: 24.933333 | AB93: 23.933333 | AC93: 22 | AD93: 22 | AE93: 23.066667 | AF93: 23.266667 | AG93: 23.533333 | AH93: 23.733333 | AI93: 23.4 | AP93: =COUNTIF(K93:AO93,">0") -> 25 | AQ93: =IF(AP93>14,AVERAGE(K93:AO93),"") -> 23.621333 | AR93: =IFERROR(VLOOKUP(A93,Climatologia_TMED!A:U,9+$E$2,FALSE),"") -> 22.109488 | AS93: =IF(OR(AQ93="",AR93=""),"",IFERROR(AQ93-AR93,"")) -> 1.5118455
A94: 24015090 | B94: Institucion Agricola Santa Sofia | C94: Area Operativa 06 - Boyacá-Casanare-Vichada | D94: -73.602278 | E94: 5.7106667 | F94: 2300 | G94: 15 | H94: 15696 | I94: Boyacá | J94: Santa Sofía | K94: 16.9 | L94: 18.15 | M94: 17.35 | N94: 17.85 | O94: 17.8 | P94: 18 | Q94: 17.2 | R94: 18.2 | S94: 17.55 | T94: 17.1 | U94: 17.45 | V94: 16.675 | W94: 17.4 | X94: 17.05 | Y94: 17.85 | Z94: 16.75 | AA94: 17.95 | AB94: 17.25 | AC94: 16.85 | AD94: 16.35 | AE94: 16.2 | AF94: 18.15 | AG94: 16.8 | AH94: 17.15 | AI94: 16.85 | AP94: =COUNTIF(K94:AO94,">0") -> 25 | AQ94: =IF(AP94>14,AVERAGE(K94:AO94),"") -> 17.313 | AR94: =IFERROR(VLOOKUP(A94,Climatologia_TMED!A:U,9+$E$2,FALSE),"") -> 16.095227 | AS94: =IF(OR(AQ94="",AR94=""),"",IFERROR(AQ94-AR94,"")) -> 1.2177729
A95: 24015220 | B95: Villa Carmen | C95: Area Operativa 06 - Boyacá-Casanare-Vichada | D95: -73.495778 | E95: 5.5093889 | F95: 2600 | G95: 15 | H95: 15646 | I95: Boyacá | J95: Samacá | K95: 14.95 | L95: 13.95 | M95: 13.85 | N95: 14.5 | O95: 15.25 | P95: 14.4 | Q95: 14.75 | R95: 14.6 | S95: 13.1 | T95: 13.75 | U95: 15.45 | V95: 13.75 | W95: 14.5 | X95: 14.4 | Y95: 15.15 | Z95: 14.85 | AA95: 16 | AB95: 16.25 | AC95: 14.6 | AD95: 16.3 | AE95: 13.8 | AF95: 15.5 | AG95: 13.55 | AH95: 14.65 | AI95: 15.4 | AP95: =COUNTIF(K95:AO95,">0") -> 25 | AQ95: =IF(AP95>14,AVERAGE(K95:AO95),"") -> 14.69 | AR95: =IFERROR(VLOOKUP(A95,Climatologia_TMED!A:U,9+$E$2,FALSE),"") -> 13.632808 | AS95: =IF(OR(AQ95="",AR95=""),"",IFERROR(AQ95-AR95,"")) -> 1.0571919
A96: 24015300 | B96: Villa De Leiva - Aut | C96: Area Operativa 06 - Boyacá-Casanare-Vichada | D96: -73.51774 | E96: 5.64326 | F96: 2174 | G96: 15 | H96: 15407 | I96: Boyacá | J96: Villa De Leyva | AP96: =COUNTIF(K96:AO96,">0") -> 0 | AQ96: =IF(AP96>14,AVERAGE(K96:AO96),"") | AR96: =IFERROR(VLOOKUP(A96,Climatologia_TMED!A:U,9+$E$2,FALSE),"") -> 16.998107 | AS96: =IF(OR(AQ96="",AR96=""),"",IFERROR(AQ96-AR96,""))
A97: 24015360 | B97: Saboya La Granja | C97: Area Operativa 06 - Boyacá-Casanare-Vichada | D97: -73.759 | E97: 5.6962222 | F97: 2550 | G97: 15 | H97: 15632 | I97: Boyacá | J97: Saboyá | AP97: =COUNTIF(K97:AO97,">0") -> 0 | AQ97: =IF(AP97>14,AVERAGE(K97:AO97),"") | AR97: =IFERROR(VLOOKUP(A97,Climatologia_TMED!A:U,9+$E$2,FALSE),"") -> 14.419809 | AS97: =IF(OR(AQ97="",AR97=""),"",IFERROR(AQ97-AR97,""))
A98: 24035040 | B98: La Copa | C98: Area Operativa 06 - Boyacá-Casanare-Vichada | D98: -73.208778 | E98: 5.5791944 | F98: 2700 | G98: 15 | H98: 15814 | I98: Boyacá | J98: Toca | K98: 13.2 | L98: 13.05 | M98: 13.6 | N98: 13.15 | O98: 13.45 | P98: 14.25 | Q98: 13.95 | R98: 14.15 | S98: 11.65 | T98: 12.3 | U98: 13.85 | V98: 12.05 | W98: 11.7 | X98: 13.25 | Y98: 13.6 | Z98: 12.9 | AA98: 13.8 | AB98: 14.1 | AC98: 13.9 | AD98: 13.6 | AE98: 12.5 | AF98: 12.65 | AG98: 13.65 | AH98: 12.25 | AI98: 12.75 | AP98: =COUNTIF(K98:AO98,">0") -> 25 | AQ98: =IF(AP98>14,AVERAGE(K98:AO98),"") -> 13.172 | AR98: =IFERROR(VLOOKUP(A98,Climatologia_TMED!A:U,9+$E$2,FALSE),"") | AS98: =IF(OR(AQ98="",AR98=""),"",IFERROR(AQ98-AR98,""))
A99: 24035070 | B99: Guican | C99: Area Operativa 06 - Boyacá-Casanare-Vichada | D99: -72.409194 | E99: 6.4634722 | F99: 2963 | G99: 15 | H99: 15332 | I99: Boyacá | J99: Güicán De La Sierra | K99: 15.433333 | L99: 12.4 | M99: 14.333333 | N99: 12.933333 | O99: 14.366667 | P99: 15.033333 | Q99: 15.233333 | T99: 13.033333 | U99: 14.266667 | V99: 14.933333 | W99: 14.333333 | X99: 14.266667 | Y99: 15.466667 | Z99: 14.833333 | AA99: 15.966667 | AB99: 15.833333 | AC99: 13.633333 | AD99: 13.366667 | AE99: 15.133333 | AF99: 14.266667 | AG99: 13.966667 | AH99: 14.166667 | AI99: 15.866667 | AP99: =COUNTIF(K99:AO99,">0") -> 23 | AQ99: =IF(AP99>14,AVERAGE(K99:AO99),"") -> 14.481159 | AR99: =IFERROR(VLOOKUP(A99,Climatologia_TMED!A:U,9+$E$2,FALSE),"") | AS99: =IF(OR(AQ99="",AR99=""),"",IFERROR(AQ99-AR99,""))
A100: 24035120 | B100: Surbata Bonza | C100: Area Operativa 06 - Boyacá-Casanare-Vichada | D100: -73.074472 | E100: 5.8024444 | F100: 2485 | G100: 15 | H100: 15238 | I100: Boyacá | J100: Duitama | N100: 14.333333 | O100: 17.466667 | P100: 17.733333 | Q100: 16.8 | R100: 17.533333 | S100: 14.333333 | T100: 16.466667 | U100: 15.9 | V100: 16.133333 | W100: 16.3 | X100: 16.266667 | Y100: 17.266667 | Z100: 14.733333 | AA100: 17.4 | AD100: 16.733333 | AE100: 16.066667 | AF100: 16.2 | AG100: 15.666667 | AH100: 15.333333 | AP100: =COUNTIF(K100:AO100,">0") -> 19 | AQ100: =IF(AP100>14,AVERAGE(K100:AO100),"") -> 16.245614 | AR100: =IFERROR(VLOOKUP(A100,Climatologia_TMED!A:U,9+$E$2,FALSE),"") -> 14.309358 | AS100: =IF(OR(AQ100="",AR100=""),"",IFERROR(AQ100-AR100,"")) -> 1.9362561
A101: 24035130 | B101: U P T C | C101: Area Operativa 06 - Boyacá-Casanare-Vichada | D101: -73.360813 | E101: 5.5430775 | F101: 2690 | G101: 15 | H101: 15001 | I101: Boyacá | J101: Tunja | K101: 12.95 | L101: 12.8 | M101: 13 | O101: 14 | P101: 13.8 | Q101: 13.85 | R101: 14.35 | S101: 11.75 | X101: 13.75 | Y101: 13.95 | Z101: 13.05 | AA101: 15.1 | AB101: 13.6 | AC101: 13.85 | AD101: 13.55 | AE101: 13 | AF101: 14.05 | AG101: 12.4 | AH101: 11.9 | AP101: =COUNTIF(K101:AO101,">0") -> 19 | AQ101: =IF(AP101>14,AVERAGE(K101:AO101),"") -> 13.405263 | AR101: =IFERROR(VLOOKUP(A101,Climatologia_TMED!A:U,9+$E$2,FALSE),"") -> 12.332404 | AS101: =IF(OR(AQ101="",AR101=""),"",IFERROR(AQ101-AR101,"")) -> 1.0728595
A102: 24035250 | B102: Chita - Aut | C102: Area Operativa 06 - Boyacá-Casanare-Vichada | D102: -72.46556 | E102: 6.18778 | F102: 2961 | G102: 15 | H102: 15183 | I102: Boyacá | J102: Chita | K102: 13.866667 | L102: 11.733333 | M102: 13.133333 | N102: 13.4 | Q102: 13.933333 | R102: 14.2 | S102: 10.4 | T102: 12.533333 | U102: 13.066667 | V102: 13.133333 | W102: 13.333333 | X102: 12.133333 | Y102: 13.533333 | Z102: 12.866667 | AB102: 13.866667 | AC102: 13.533333 | AD102: 14.333333 | AE102: 11.866667 | AF102: 14.2 | AG102: 13.066667 | AH102: 11.933333 | AI102: 12.733333 | AP102: =COUNTIF(K102:AO102,">0") -> 22 | AQ102: =IF(AP102>14,AVERAGE(K102:AO102),"") -> 13.036364 | AR102: =IFERROR(VLOOKUP(A102,Climatologia_TMED!A:U,9+$E$2,FALSE),"") -> 11.246995 | AS102: =IF(OR(AQ102="",AR102=""),"",IFERROR(AQ102-AR102,"")) -> 1.7893683
A103: 24035260 | B103: Capitanejo | C103: Area Operativa 06 - Boyacá-Casanare-Vichada | D103: -72.696611 | E103: 6.5207222 | F103: 1160 | G103: 68 | H103: 68147 | I103: Santander | J103: Capitanejo | AP103: =COUNTIF(K103:AO103,">0") -> 0 | AQ103: =IF(AP103>14,AVERAGE(K103:AO103),"") | AR103: =IFERROR(VLOOKUP(A103,Climatologia_TMED!A:U,9+$E$2,FALSE),"") -> 25.395078 | AS103: =IF(OR(AQ103="",AR103=""),"",IFERROR(AQ103-AR103,""))
A104: 24035310 | B104: Chiscas | C104: Area Operativa 06 - Boyacá-Casanare-Vichada | D104: -72.504722 | E104: 6.5495278 | F104: 2350 | G104: 15 | H104: 15180 | I104: Boyacá | J104: Chiscas | AP104: =COUNTIF(K104:AO104,">0") -> 0 | AQ104: =IF(AP104>14,AVERAGE(K104:AO104),"") | AR104: =IFERROR(VLOOKUP(A104,Climatologia_TMED!A:U,9+$E$2,FALSE),"") -> 16.666185 | AS104: =IF(OR(AQ104="",AR104=""),"",IFERROR(AQ104-AR104,""))
A105: 24035330 | B105: Boavita | C105: Area Operativa 06 - Boyacá-Casanare-Vichada | D105: -72.582278 | E105: 6.3289722 | F105: 2150 | G105: 15 | H105: 15097 | I105: Boyacá | J105: Boavita | K105: 18.866667 | L105: 16.6 | M105: 17.466667 | N105: 16.533333 | O105: 16.733333 | S105: 16.066667 | T105: 18.266667 | U105: 17.6 | V105: 18.666667 | W105: 16.933333 | X105: 18.533333 | Y105: 18.4 | Z105: 19.066667 | AA105: 20.066667 | AB105: 19.533333 | AC105: 17.733333 | AD105: 17.2 | AE105: 20.866667 | AF105: 18 | AG105: 19.466667 | AH105: 18.4 | AI105: 17.866667 | AP105: =COUNTIF(K105:AO105,">0") -> 22 | AQ105: =IF(AP105>14,AVERAGE(K105:AO105),"") -> 18.130303 | AR105: =IFERROR(VLOOKUP(A105,Climatologia_TMED!A:U,9+$E$2,FALSE),"") -> 17.044538 | AS105: =IF(OR(AQ105="",AR105=""),"",IFERROR(AQ105-AR105,"")) -> 1.0857655
A106: 24035340 | B106: Aeropuerto A Lleras C Aut | C106: Area Operativa 06 - Boyacá-Casanare-Vichada | D106: -72.967917 | E106: 5.6769444 | F106: 2500 | G106: 15 | H106: 15759 | I106: Boyacá | J106: Sogamoso | AP106: =COUNTIF(K106:AO106,">0") -> 0 | AQ106: =IF(AP106>14,AVERAGE(K106:AO106),"") | AR106: =IFERROR(VLOOKUP(A106,Climatologia_TMED!A:U,9+$E$2,FALSE),"") -> 13.67697 | AS106: =IF(OR(AQ106="",AR106=""),"",IFERROR(AQ106-AR106,""))
A107: 24035420 | B107: Cerinza | C107: Area Operativa 06 - Boyacá-Casanare-Vichada | D107: -72.9385 | E107: 5.96225 | F107: 2643 | G107: 15 | H107: 15162 | I107: Boyacá | J107: Cerinza | K107: 16 | L107: 14.533333 | P107: 15.666667 | Q107: 14.933333 | X107: 14.933333 | Y107: 15.866667 | Z107: 14.733333 | AA107: 14.866667 | AB107: 15.333333 | AC107: 13.866667 | AD107: 16.4 | AE107: 14.866667 | AF107: 14.8 | AG107: 15.266667 | AP107: =COUNTIF(K107:AO107,">0") -> 14 | AQ107: =IF(AP107>14,AVERAGE(K107:AO107),"") | AR107: =IFERROR(VLOOKUP(A107,Climatologia_TMED!A:U,9+$E$2,FALSE),"") -> 13.420317 | AS107: =IF(OR(AQ107="",AR107=""),"",IFERROR(AQ107-AR107,""))
A108: 24035430 | B108: Tunguavita - Aut | C108: Area Operativa 06 - Boyacá-Casanare-Vichada | D108: -73.11636 | E108: 5.74583 | F108: 2521 | G108: 15 | H108: 15516 | I108: Boyacá | J108: Paipa | K108: 13.65 | L108: 12.85 | M108: 12.65 | N108: 13.7 | O108: 15.35 | P108: 15.55 | Q108: 15.65 | R108: 13.25 | S108: 12.3 | T108: 13 | U108: 13.7 | V108: 14.7 | W108: 13.9 | X108: 14.25 | Y108: 13.65 | Z108: 12.325 | AA108: 15.75 | AB108: 13.775 | AC108: 14.75 | AD108: 14.3 | AE108: 14.85 | AF108: 15.5 | AG108: 14.85 | AH108: 15.65 | AI108: 16.25 | AP108: =COUNTIF(K108:AO108,">0") -> 25 | AQ108: =IF(AP108>14,AVERAGE(K108:AO108),"") -> 14.246 | AR108: =IFERROR(VLOOKUP(A108,Climatologia_TMED!A:U,9+$E$2,FALSE),"") -> 14.229033 | AS108: =IF(OR(AQ108="",AR108=""),"",IFERROR(AQ108-AR108,"")) -> 0.016967085
A109: 35075010 | B109: Nuevo Colon | C109: Area Operativa 06 - Boyacá-Casanare-Vichada | D109: -73.453778 | E109: 5.3526944 | F109: 2438 | G109: 15 | H109: 15494 | I109: Boyacá | J109: Nuevo Colón | K109: 14 | L109: 13.65 | M109: 13.8 | N109: 14.15 | O109: 14.7 | P109: 15.3 | Q109: 14.3 | R109: 15.05 | S109: 14.2 | T109: 14.25 | U109: 15.25 | V109: 14.3 | W109: 13.5 | X109: 14.35 | Y109: 14.65 | Z109: 14.7 | AA109: 16.05 | AB109: 14.65 | AC109: 14.75 | AD109: 15.2 | AE109: 14.2 | AF109: 14.9 | AG109: 13.85 | AH109: 14.6 | AI109: 15.7 | AP109: =COUNTIF(K109:AO109,">0") -> 25 | AQ109: =IF(AP109>14,AVERAGE(K109:AO109),"") -> 14.562 | AR109: =IFERROR(VLOOKUP(A109,Climatologia_TMED!A:U,9+$E$2,FALSE),"") -> 13.713763 | AS109: =IF(OR(AQ109="",AR109=""),"",IFERROR(AQ109-AR109,"")) -> 0.84823691
A110: 35075020 | B110: Sutatenza | C110: Area Operativa 06 - Boyacá-Casanare-Vichada | D110: -73.449167 | E110: 5.0222778 | F110: 1930 | G110: 15 | H110: 15778 | I110: Boyacá | J110: Sutatenza | K110: 17.6 | L110: 15.933333 | M110: 17.066667 | N110: 16.133333 | O110: 17.933333 | P110: 17.866667 | Q110: 16.866667 | R110: 18.066667 | S110: 18.533333 | T110: 17.533333 | U110: 18 | V110: 16.933333 | W110: 17.133333 | X110: 17.2 | Y110: 17.866667 | Z110: 18.333333 | AA110: 18.466667 | AB110: 17.533333 | AC110: 17 | AD110: 18.133333 | AE110: 17.333333 | AF110: 17.866667 | AG110: 16.266667 | AH110: 17.533333 | AI110: 18.266667 | AP110: =COUNTIF(K110:AO110,">0") -> 25 | AQ110: =IF(AP110>14,AVERAGE(K110:AO110),"") -> 17.496 | AR110: =IFERROR(VLOOKUP(A110,Climatologia_TMED!A:U,9+$E$2,FALSE),"") -> 16.934962 | AS110: =IF(OR(AQ110="",AR110=""),"",IFERROR(AQ110-AR110,"")) -> 0.56103796
A111: 35075030 | B111: Villa Luisa | C111: Area Operativa 06 - Boyacá-Casanare-Vichada | D111: -73.349417 | E111: 5.4222222 | F111: 2200 | G111: 15 | H111: 15599 | I111: Boyacá | J111: Ramiriquí | K111: 15.333333 | L111: 14.8 | M111: 15.2 | N111: 15.066667 | O111: 16.666667 | P111: 16.866667 | Q111: 15.666667 | R111: 16.466667 | S111: 15.133333 | T111: 15.4 | U111: 16.866667 | V111: 15.8 | W111: 14.866667 | X111: 15.666667 | Y111: 16.333333 | Z111: 16.133333 | AA111: 17 | AB111: 15.866667 | AC111: 16.733333 | AD111: 17.066667 | AE111: 15.8 | AF111: 16.566667 | AG111: 14.933333 | AH111: 16.066667 | AI111: 16.666667 | AP111: =COUNTIF(K111:AO111,">0") -> 25 | AQ111: =IF(AP111>14,AVERAGE(K111:AO111),"") -> 15.958667 | AR111: =IFERROR(VLOOKUP(A111,Climatologia_TMED!A:U,9+$E$2,FALSE),"") -> 15.502364 | AS111: =IF(OR(AQ111="",AR111=""),"",IFERROR(AQ111-AR111,"")) -> 0.45630314
A112: 35075040 | B112: Institucion Agricola Macanal | C112: Area Operativa 06 - Boyacá-Casanare-Vichada | D112: -73.31675 | E112: 4.9743611 | F112: 1300 | G112: 15 | H112: 15425 | I112: Boyacá | J112: Macanal | K112: 17.666667 | L112: 16.466667 | M112: 16.133333 | N112: 16.666667 | O112: 17.133333 | P112: 18.133333 | Q112: 16.933333 | R112: 19.4 | S112: 16.8 | T112: 18 | U112: 18.2 | V112: 18.066667 | W112: 18 | X112: 17.6 | Y112: 17.266667 | Z112: 19.2 | AA112: 19.266667 | AB112: 18.2 | AC112: 18.266667 | AD112: 18.666667 | AE112: 18.266667 | AF112: 18.333333 | AG112: 16.533333 | AH112: 18.266667 | AI112: 17.933333 | AP112: =COUNTIF(K112:AO112,">0") -> 25 | AQ112: =IF(AP112>14,AVERAGE(K112:AO112),"") -> 17.816 | AR112: =IFERROR(VLOOKUP(A112,Climatologia_TMED!A:U,9+$E$2,FALSE),"") -> 16.379696 | AS112: =IF(OR(AQ112="",AR112=""),"",IFERROR(AQ112-AR112,"")) -> 1.4363037
A113: 35085040 | B113: El Vivero | C113: Area Operativa 06 - Boyacá-Casanare-Vichada | D113: -73.144778 | E113: 5.1925556 | F113: 1640 | G113: 15 | H113: 15455 | I113: Boyacá | J113: Miraflores | K113: 19.733333 | L113: 17.4 | M113: 17.2 | N113: 17.4 | O113: 19.2 | P113: 19.266667 | Q113: 18.8 | R113: 19.866667 | T113: 19.066667 | U113: 19.666667 | V113: 17.933333 | W113: 18.266667 | X113: 18.8 | Y113: 19.933333 | Z113: 19.866667 | AA113: 21 | AB113: 19.466667 | AC113: 19.2 | AD113: 21.066667 | AE113: 19.2 | AF113: 19.8 | AG113: 16.8 | AH113: 19.666667 | AI113: 19.733333 | AP113: =COUNTIF(K113:AO113,">0") -> 24 | AQ113: =IF(AP113>14,AVERAGE(K113:AO113),"") -> 19.097222 | AR113: =IFERROR(VLOOKUP(A113,Climatologia_TMED!A:U,9+$E$2,FALSE),"") -> 18.124387 | AS113: =IF(OR(AQ113="",AR113=""),"",IFERROR(AQ113-AR113,"")) -> 0.97283475
A114: 35085050 | B114: Campohermoso | C114: Area Operativa 06 - Boyacá-Casanare-Vichada | D114: -73.103667 | E114: 5.0345 | F114: 1300 | G114: 15 | H114: 15135 | I114: Boyacá | J114: Campohermoso | L114: 19.4 | M114: 20 | Q114: 20.4 | R114: 23.266667 | S114: 19.6 | T114: 21.666667 | AH114: 24.866667 | AI114: 24.133333 | AP114: =COUNTIF(K114:AO114,">0") -> 8 | AQ114: =IF(AP114>14,AVERAGE(K114:AO114),"") | AR114: =IFERROR(VLOOKUP(A114,Climatologia_TMED!A:U,9+$E$2,FALSE),"") -> 20.166521 | AS114: =IF(OR(AQ114="",AR114=""),"",IFERROR(AQ114-AR114,""))
A115: 35195030 | B115: Aguazul | C115: Area Operativa 06 - Boyacá-Casanare-Vichada | D115: -72.547389 | E115: 5.1770833 | F115: 380 | G115: 85 | H115: 85010 | I115: Casanare | J115: Aguazul | K115: 26.95 | L115: 24.55 | M115: 25.6 | N115: 24 | O115: 24.7 | P115: 26.55 | Q115: 25.3 | R115: 25.95 | S115: 24.15 | T115: 26.8 | U115: 27.1 | V115: 26.35 | W115: 27.25 | X115: 27.75 | Y115: 27.4 | Z115: 28.2 | AA115: 29.5 | AB115: 25.7 | AC115: 25.95 | AD115: 26.25 | AE115: 26.025 | AF115: 26.1 | AG115: 23.15 | AH115: 27.9 | AI115: 26.25 | AP115: =COUNTIF(K115:AO115,">0") -> 25 | AQ115: =IF(AP115>14,AVERAGE(K115:AO115),"") -> 26.217 | AR115: =IFERROR(VLOOKUP(A115,Climatologia_TMED!A:U,9+$E$2,FALSE),"") -> 25.84448 | AS115: =IF(OR(AQ115="",AR115=""),"",IFERROR(AQ115-AR115,"")) -> 0.37252002
A116: 35195050 | B116: Corinto | C116: Area Operativa 06 - Boyacá-Casanare-Vichada | D116: -72.717222 | E116: 5.4072778 | F116: 1550 | G116: 15 | H116: 15518 | I116: Boyacá | J116: Pajarito | K116: 19.733333 | L116: 17.933333 | M116: 19.333333 | N116: 17.666667 | O116: 19.533333 | P116: 19.8 | Q116: 19.666667 | R116: 19.733333 | S116: 17.2 | T116: 19.066667 | U116: 19.733333 | V116: 19.933333 | W116: 20 | X116: 18.533333 | Y116: 19.6 | Z116: 19.8 | AA116: 20.266667 | AB116: 19.666667 | AC116: 18.4 | AD116: 19.066667 | AE116: 18.466667 | AF116: 19.933333 | AG116: 18.666667 | AP116: =COUNTIF(K116:AO116,">0") -> 23 | AQ116: =IF(AP116>14,AVERAGE(K116:AO116),"") -> 19.205797 | AR116: =IFERROR(VLOOKUP(A116,Climatologia_TMED!A:U,9+$E$2,FALSE),"") -> 18.396505 | AS116: =IF(OR(AQ116="",AR116=""),"",IFERROR(AQ116-AR116,"")) -> 0.80929194
A117: 35215020 | B117: Aeropuerto Yopal - Aut | C117: Area Operativa 06 - Boyacá-Casanare-Vichada | D117: -72.3875 | E117: 5.3204444 | F117: 325 | G117: 85 | H117: 85001 | I117: Casanare | J117: Yopal | K117: 26.2 | L117: 24.733333 | M117: 25.4 | N117: 24.2 | O117: 24.2 | P117: 26.6 | Q117: 26.133333 | R117: 27.666667 | S117: 23.8 | T117: 27.133333 | U117: 27 | V117: 26.066667 | W117: 26.733333 | X117: 27.666667 | Y117: 28.733333 | Z117: 27.933333 | AA117: 29.266667 | AB117: 25.266667 | AC117: 25.533333 | AD117: 25.733333 | AE117: 26.866667 | AF117: 26.466667 | AG117: 24.2 | AH117: 26.666667 | AI117: 25.533333 | AP117: =COUNTIF(K117:AO117,">0") -> 25 | AQ117: =IF(AP117>14,AVERAGE(K117:AO117),"") -> 26.229333 | AR117: =IFERROR(VLOOKUP(A117,Climatologia_TMED!A:U,9+$E$2,FALSE),"") -> 25.36884 | AS117: =IF(OR(AQ117="",AR117=""),"",IFERROR(AQ117-AR117,"")) -> 0.86049373
A118: 35235040 | B118: Trinidad - Aut | C118: Area Operativa 06 - Boyacá-Casanare-Vichada | D118: -71.666167 | E118: 5.4190278 | F118: 265 | G118: 85 | H118: 85430 | I118: Casanare | J118: Trinidad | K118: 28.666667 | L118: 28.266667 | M118: 27.333333 | N118: 28.466667 | O118: 28.533333 | P118: 29.466667 | Q118: 28.266667 | R118: 28.133333 | S118: 27.266667 | T118: 28.4 | U118: 28.333333 | V118: 27.733333 | W118: 28.6 | X118: 28.666667 | Y118: 29.6 | Z118: 29.666667 | AA118: 30.133333 | AB118: 29.066667 | AC118: 28.4 | AD118: 28.733333 | AE118: 29.2 | AF118: 29.333333 | AG118: 27.4 | AH118: 29.6 | AP118: =COUNTIF(K118:AO118,">0") -> 24 | AQ118: =IF(AP118>14,AVERAGE(K118:AO118),"") -> 28.636111 | AR118: =IFERROR(VLOOKUP(A118,Climatologia_TMED!A:U,9+$E$2,FALSE),"") -> 25.75328 | AS118: =IF(OR(AQ118="",AR118=""),"",IFERROR(AQ118-AR118,"")) -> 2.8828315
A119: 35235050 | B119: Tamara - Aut | C119: Area Operativa 06 - Boyacá-Casanare-Vichada | D119: -72.166778 | E119: 5.8185833 | F119: 117 | G119: 85 | H119: 85400 | I119: Casanare | J119: Támara | K119: 23.333333 | L119: 22 | M119: 23 | N119: 22 | O119: 23 | P119: 24.066667 | Q119: 23.666667 | R119: 23.333333 | S119: 22.933333 | T119: 24.333333 | U119: 23.533333 | V119: 22.133333 | W119: 23 | X119: 24.133333 | Y119: 23.666667 | Z119: 24.733333 | AA119: 24.8 | AB119: 23.533333 | AC119: 24.733333 | AD119: 23.666667 | AE119: 24 | AF119: 24.4 | AG119: 24.066667 | AH119: 23.8 | AI119: 24.6 | AP119: =COUNTIF(K119:AO119,">0") -> 25 | AQ119: =IF(AP119>14,AVERAGE(K119:AO119),"") -> 23.618667 | AR119: =IFERROR(VLOOKUP(A119,Climatologia_TMED!A:U,9+$E$2,FALSE),"") -> 21.728441 | AS119: =IF(OR(AQ119="",AR119=""),"",IFERROR(AQ119-AR119,"")) -> 1.8902258
A120: 36015010 | B120: Paz De Ariporo | C120: Area Operativa 06 - Boyacá-Casanare-Vichada | D120: -71.887194 | E120: 5.8785278 | F120: 342 | G120: 85 | H120: 85250 | I120: Casanare | J120: Paz De Ariporo | L120: 25 | M120: 25.133333 | N120: 26.466667 | O120: 26.133333 | S120: 23.666667 | T120: 28.2 | U120: 27.933333 | W120: 28 | X120: 26.8 | Y120: 28 | Z120: 28.8 | AP120: =COUNTIF(K120:AO120,">0") -> 11 | AQ120: =IF(AP120>14,AVERAGE(K120:AO120),"") | AR120: =IFERROR(VLOOKUP(A120,Climatologia_TMED!A:U,9+$E$2,FALSE),"") -> 25.708049 | AS120: =IF(OR(AQ120="",AR120=""),"",IFERROR(AQ120-AR120,""))
A121: 36025010 | B121: Tame | C121: Area Operativa 06 - Boyacá-Casanare-Vichada | D121: -71.745028 | E121: 6.4561944 | F121: 350 | G121: 81 | H121: 81794 | I121: Arauca | J121: Tame | AP121: =COUNTIF(K121:AO121,">0") -> 0 | AQ121: =IF(AP121>14,AVERAGE(K121:AO121),"") | AR121: =IFERROR(VLOOKUP(A121,Climatologia_TMED!A:U,9+$E$2,FALSE),"") -> 26.268181 | AS121: =IF(OR(AQ121="",AR121=""),"",IFERROR(AQ121-AR121,""))
A122: 44015030 | B122: Valencia | C122: Area Operativa 07 - Nariño-Putumayo | D122: -76.66875 | E122: 1.9004167 | F122: 2900 | G122: 19 | H122: 19693 | I122: Cauca | J122: San Sebastián | K122: 12 | L122: 11.333333 | M122: 11.466667 | N122: 11.466667 | O122: 10.333333 | P122: 13 | Q122: 13.2 | R122: 12.633333 | S122: 11.866667 | T122: 12.466667 | U122: 13.066667 | V122: 12 | W122: 12 | X122: 12.866667 | Y122: 12.733333 | Z122: 13.133333 | AA122: 13.133333 | AB122: 12.2 | AC122: 11.133333 | AD122: 11.466667 | AE122: 12.733333 | AF122: 12.866667 | AG122: 12.2 | AH122: 10.866667 | AI122: 12.8 | AP122: =COUNTIF(K122:AO122,">0") -> 25 | AQ122: =IF(AP122>14,AVERAGE(K122:AO122),"") -> 12.198667 | AR122: =IFERROR(VLOOKUP(A122,Climatologia_TMED!A:U,9+$E$2,FALSE),"") -> 10.302757 | AS122: =IF(OR(AQ122="",AR122=""),"",IFERROR(AQ122-AR122,"")) -> 1.8959097
...

Sheet DHIME
A1: Código | B1: Nombre | C1: Departamento | D1: Municipio | E1: Área Operativa | F1: Etiqueta | G1: Latitud | H1: Longitud | I1: Altitud | J1: 01 | K1: 02 | L1: 03 | M1: 04 | N1: 05 | O1: 06 | P1: 07 | Q1: 08 | R1: 09 | S1: 10 | T1: 11 | U1: 12 | V1: 13 | W1: 14 | X1: 15 | Y1: 16 | Z1: 17 | AA1: 18 | AB1: 19 | AC1: 20 | AD1: 21 | AE1: 22 | AF1: 23 | AG1: 24 | AH1: 25 | AI1: 26 | AJ1: 27 | AK1: 28 | AL1: 29 | AM1: 30 | AN1: 31 | AO1: PROM TMED 1981-2010 | AP1: PROM MES | AQ1: ANOM MES
A2: 51025090 | B2: GRANJA EL MIRA - - AUT [51025090] | C2: Nariño | D2: Tumaco | E2: Area Operativa 07 - Nariño-Putumayo | F2: TSSM_MEDIA_D | G2: 1.550194444 | H2: -78.69558333 | I2: 16 | J2: 26.866667 | K2: 26.166667 | L2: 26.066667 | M2: 25.033333 | N2: 26.633333 | O2: 26.6 | P2: 26.466667 | Q2: 27.066667 | R2: 26.733333 | S2: 26.966667 | T2: 26.466667 | U2: 26.666667 | V2: 26.233333 | W2: 26.266667 | X2: 25.666667 | Y2: 26.833333 | Z2: 27.333333 | AA2: 26.633333 | AB2: 27.066667 | AC2: 27.6 | AD2: 27.433333 | AE2: 24.8 | AF2: 26.533333 | AG2: 27.2 | AH2: 26.9 | AI2: 25.833333 | AJ2: 26.8 | AK2: 27.2 | AL2: 26.366667 | AM2: 26.7 | AN2: 26.3 | AP2: 26.562366
A3: 52055210 | B3: BOTANA - AUT [52055210] | C3: Nariño | D3: Pasto | E3: Area Operativa 07 - Nariño-Putumayo | F3: TSSM_MEDIA_D | G3: 1.16 | H3: -77.27880556 | I3: 2820 | J3: 13.733333 | K3: 14 | L3: 14.666667 | M3: 14.133333 | N3: 12.6 | O3: 13.933333 | P3: 14.466667 | Q3: 11.866667 | R3: 13.666667 | S3: 14.466667 | T3: 12.866667 | U3: 12.533333 | V3: 13.6 | W3: 13.2 | X3: 13.066667 | Y3: 13.266667 | Z3: 13.933333 | AA3: 13.733333 | AB3: 15.8 | AC3: 13.866667 | AD3: 14.533333 | AE3: 12.266667 | AF3: 13.2 | AG3: 13.6 | AH3: 13.8 | AI3: 13.466667 | AJ3: 13.133333 | AK3: 13.066667 | AL3: 13.4 | AM3: 13.133333 | AN3: 14.066667 | AP3: 13.582796
A4: 53045040 | B4: AEROPUERTO GUAPI - AUT [53045040] | C4: Cauca | D4: Guapi | E4: Area Operativa 07 - Nariño-Putumayo | F4: TSSM_MEDIA_D | G4: 2.574416667 | H4: -77.89475 | I4: 42 | J4: 26.333333 | K4: 24.8 | L4: 26.733333 | M4: 26.333333 | N4: 25.333333 | O4: 25.333333 | P4: 25.466667 | R4: 26.666667 | S4: 26.333333 | T4: 24.6 | U4: 25.666667 | V4: 25.6 | W4: 25.733333 | X4: 25 | Y4: 25.8 | Z4: 26.266667 | AA4: 27.266667 | AB4: 24.866667 | AC4: 26.333333 | AD4: 25.6 | AE4: 24 | AF4: 26.433333 | AG4: 26.766667 | AH4: 26.666667 | AI4: 25.866667 | AJ4: 26.8 | AK4: 26.4 | AL4: 25.4 | AM4: 25.8 | AN4: 26.466667 | AP4: 25.888889
A5: 35025110 | B5: LA LIBERTAD - AUT [35025110] | C5: Meta | D5: Villavicencio | E5: Area Operativa 03 - Meta-Guaviare-Guainía | F5: TSSM_MEDIA_D | G5: 4.057415 | H5: -73.467865 | I5: 340 | L5: 25.7 | M5: 28.25 | N5: 25.75 | O5: 23.4 | P5: 25.05 | Q5: 27.9 | R5: 27.35 | S5: 26.6 | T5: 26.3 | U5: 26.7 | V5: 24.1 | W5: 25.45 | X5: 25.5 | Y5: 25.45 | Z5: 27.1 | AA5: 27 | AB5: 27.75 | AC5: 28.2 | AD5: 28.1 | AE5: 27.05 | AH5: 28.5 | AI5: 27.15 | AJ5: 26.05 | AK5: 26.5 | AL5: 25.9 | AM5: 24.7 | AN5: 25.4 | AP5: 26.403704
A6: 31095030 | B6: PUERTO INIRIDA - AUT [31095030] | C6: Guainía | D6: Inírida | E6: Area Operativa 03 - Meta-Guaviare-Guainía | F6: TSSM_MEDIA_D | G6: 3.874444 | H6: -67.91911111 | I6: 98 | Z6: 27.35 | AA6: 26.45 | AB6: 28.15 | AC6: 28.7 | AD6: 29 | AE6: 26 | AF6: 28.35 | AG6: 26.05 | AH6: 26.1 | AI6: 26.5 | AJ6: 28.15 | AK6: 26.2 | AL6: 27 | AM6: 25.5 | AN6: 27.1 | AP6: 27.106667
A7: 35215020 | B7: AEROPUERTO YOPAL - AUT [35215020] | C7: Casanare | D7: Yopal | E7: Area Operativa 06 - Boyacá-Casanare-Vichada | F7: TSSM_MEDIA_D | G7: 5.320444444 | H7: -72.3875 | I7: 325 | J7: 30.6 | K7: 29.066667 | L7: 25.733333 | M7: 27.533333 | N7: 28.4 | O7: 27.2 | P7: 27.066667 | Q7: 28.666667 | R7: 28 | S7: 29.2 | T7: 25.733333 | U7: 28.333333 | V7: 27.4 | W7: 27.533333 | X7: 27.266667 | Y7: 29.133333 | Z7: 29.933333 | AA7: 29.466667 | AB7: 29.933333 | AC7: 29.533333 | AD7: 29.466667 | AE7: 29.466667 | AF7: 30.133333 | AG7: 31.133333 | AH7: 30.733333 | AI7: 29.6 | AJ7: 29.066667 | AK7: 29.6 | AL7: 30.133333 | AM7: 26.866667 | AN7: 27.2 | AP7: 28.68172
A8: 24035430 | B8: TUNGUAVITA - AUT [24035430] | C8: Boyacá | D8: Paipa | E8: Area Operativa 06 - Boyacá-Casanare-Vichada | F8: TSSM_MEDIA_D | G8: 5.74583 | H8: -73.11636 | I8: 2521 | J8: 15.25 | K8: 14.85 | L8: 13.9 | M8: 14.65 | N8: 13.3 | O8: 14.6 | P8: 13.95 | Q8: 13.65 | R8: 15.1 | S8: 14.35 | T8: 14.35 | U8: 14.3 | V8: 15.6 | W8: 14.4 | X8: 15.45 | Y8: 16.05 | Z8: 12.7 | AA8: 13.35 | AB8: 15.3 | AC8: 15.9 | AD8: 17.05 | AE8: 15.8 | AF8: 14.55 | AG8: 16.35 | AH8: 15.7 | AI8: 14.15 | AJ8: 13.575 | AK8: 15.3 | AL8: 15.7 | AM8: 15.3 | AN8: 15.15 | AP8: 14.826613
A9: 25025002 | B9: LOS ALAMOS - AUT [25025002] | C9: Magdalena | D9: San Sebastián De Buenavista | E9: Area Operativa 05 - Magdalena-Cesar-Guajira-San Andrés | F9: TSSM_MEDIA_D | G9: 9.304055556 | H9: -74.27363889 | I9: 25 | K9: 27.65 | L9: 27.45 | M9: 27.9 | N9: 26.8 | O9: 27.4 | P9: 27.8 | Q9: 28.95 | R9: 28.45 | S9: 27.95 | T9: 27.9 | U9: 27.75 | V9: 28.1 | W9: 27.55 | X9: 26.45 | Y9: 28.65 | Z9: 28.1 | AA9: 28.85 | AB9: 28.7 | AC9: 29.1 | AD9: 28 | AE9: 28.4 | AF9: 26.2 | AG9: 28.25 | AH9: 28.45 | AI9: 28.35 | AJ9: 28.95 | AK9: 26.5 | AL9: 28.5 | AM9: 29.05 | AN9: 29.05 | AP9: 28.04
A10: 29015000 | B10: EL GUAMO - AUT [29015000] | C10: Bolivar | D10: El Guamo | E10: Area Operativa 02 - Atlántico-Bolivar-Sucre | F10: TSSM_MEDIA_D | G10: 10.034607 | H10: -74.976638 | I10: 75 | J10: 30.25 | K10: 28.6 | L10: 28.3 | M10: 28.35 | N10: 28.15 | O10: 28.05 | P10: 28.7 | Q10: 27.25 | R10: 29.8 | S10: 29.2 | T10: 29 | U10: 28.25 | V10: 28.35 | W10: 27.7 | X10: 28.3 | AC10: 29.4 | AD10: 29.6 | AE10: 29.2 | AF10: 27.8 | AG10: 27.75 | AH10: 29.3 | AI10: 30.8 | AJ10: 27.7 | AK10: 27.15 | AL10: 28.05 | AM10: 27.6 | AN10: 28.45 | AP10: 28.557407
A11: 35235050 | B11: TAMARA - AUT [35235050] | C11: Casanare | D11: Támara | E11: Area Operativa 06 - Boyacá-Casanare-Vichada | F11: TSSM_MEDIA_D | G11: 5.818583333 | H11: -72.16677778 | I11: 117 | J11: 24.533333 | K11: 24.066667 | L11: 23.733333 | M11: 24.733333 | N11: 23.666667 | O11: 23 | P11: 23.4 | Q11: 23.933333 | R11: 24.133333 | S11: 23.666667 | U11: 23.666667 | X11: 22.766667 | Y11: 23.933333 | Z11: 23.733333 | AA11: 24.133333 | AB11: 24.933333 | AC11: 23.733333 | AD11: 23.933333 | AE11: 23.133333 | AF11: 24.266667 | AL11: 23.733333 | AM11: 23.333333 | AN11: 23.733333 | AP11: 23.821739
A12: 35075040 | B12: INSTITUCION AGRICOLA MACANAL [35075040] | C12: Boyacá | D12: Macanal | E12: Area Operativa 06 - Boyacá-Casanare-Vichada | F12: TSSM_MEDIA_D | G12: 4.974361111 | H12: -73.31675 | I12: 1300 | J12: 18.333333 | K12: 18.133333 | L12: 17.4 | M12: 18.933333 | N12: 17.866667 | O12: 17.533333 | P12: 17.066667 | Q12: 17.466667 | R12: 18.466667 | S12: 18.066667 | T12: 16.866667 | U12: 17.733333 | V12: 17.533333 | W12: 17.066667 | X12: 17.733333 | Y12: 18.866667 | Z12: 19.466667 | AA12: 18.733333 | AB12: 18.133333 | AC12: 19.533333 | AD12: 18.933333 | AE12: 18.2 | AF12: 19.133333 | AG12: 18.466667 | AH12: 19.2 | AI12: 18.6 | AJ12: 19.6 | AK12: 18.866667 | AL12: 17.933333 | AM12: 17.666667 | AN12: 18.266667 | AP12: 18.251613
A13: 23125060 | B13: ALBANIA [23125060] | C13: Santander | D13: Albania | E13: Area Operativa 08 - Santanderes-Arauca | F13: TSSM_MEDIA_D | G13: 5.758333333 | H13: -73.91333333 | I13: 1690 | J13: 22.15 | K13: 19 | L13: 19.65 | M13: 19.85 | N13: 19.3 | O13: 18.15 | P13: 19.5 | Q13: 20.1 | R13: 19.75 | S13: 18.6 | T13: 18.25 | U13: 17.9 | V13: 19.55 | W13: 19.5 | X13: 19 | Y13: 18.25 | Z13: 19.65 | AA13: 20.75 | AB13: 20.35 | AC13: 20.35 | AD13: 20.25 | AE13: 19.25 | AF13: 19.75 | AG13: 19.15 | AH13: 20.1 | AI13: 19.35 | AJ13: 18.95 | AK13: 19.75 | AL13: 19.45 | AM13: 18.7 | AN13: 19.35 | AP13: 19.472581
A14: 23195180 | B14: ESCUELA AGRICOLA CACHIRA [23195180] | C14: Norte De Santander | D14: Cáchira | E14: Area Operativa 08 - Santanderes-Arauca | F14: TSSM_MEDIA_D | G14: 7.735277778 | H14: -73.05166667 | I14: 1882 | Q14: 17.933333 | R14: 17.8 | S14: 16.733333 | V14: 16.866667 | X14: 18.2 | Y14: 16.066667 | Z14: 18.6 | AA14: 19.066667 | AB14: 17.6 | AC14: 17.133333 | AD14: 16.6 | AE14: 17.6 | AJ14: 16.2 | AM14: 17.8 | AN14: 16.666667 | AP14: 17.391111
A15: 16025030 | B15: SALAZAR [16025030] | C15: Norte De Santander | D15: Salazar | E15: Area Operativa 08 - Santanderes-Arauca | F15: TSSM_MEDIA_D | G15: 7.774583333 | H15: -72.83055556 | I15: 860 | J15: 23.333333 | K15: 23 | L15: 23.2 | M15: 24.733333 | N15: 22.266667 | O15: 21.8 | P15: 21.933333 | Q15: 22 | R15: 23.333333 | S15: 21.6 | T15: 22 | U15: 21.333333 | V15: 20.8 | W15: 23 | X15: 24.666667 | Y15: 23.8 | Z15: 23.666667 | AA15: 23.866667 | AB15: 22.133333 | AC15: 21.933333 | AD15: 20.466667 | AE15: 22.4 | AF15: 23 | AG15: 22.466667 | AH15: 21.533333 | AI15: 22.6 | AJ15: 21.466667 | AK15: 20.6 | AL15: 20.733333 | AM15: 22.2 | AN15: 22.866667 | AP15: 22.410753
A16: 12015020 | B16: UNIBAN [12015020] | C16: Antioquia | D16: Apartadó | E16: Area Operativa 01 - Antioquia-Chocó | F16: TSSM_MEDIA_D | G16: 7.825916667 | H16: -76.65133333 | I16: 43 | K16: 26 | L16: 25.5 | M16: 23.9 | N16: 24.65 | O16: 24.7 | P16: 27.4 | Q16: 27.3 | R16: 26.25 | S16: 24.85 | T16: 25.55 | U16: 24.3 | V16: 25.7 | W16: 25.75 | X16: 25.25 | Y16: 26.8 | Z16: 26.9 | AA16: 27.4 | AB16: 26.4 | AC16: 26.9 | AD16: 27.15 | AE16: 26.7 | AF16: 25.9 | AG16: 24.85 | AH16: 27.2 | AI16: 27.75 | AJ16: 26.4 | AK16: 26.25 | AL16: 26.45 | AM16: 25.8 | AN16: 25.35 | AP16: 26.043333
A17: 16025010 | B17: CARMEN DE TONCHALA [16025010] | C17: Norte De Santander | D17: Cúcuta | E17: Area Operativa 08 - Santanderes-Arauca | F17: TSSM_MEDIA_D | G17: 7.848888889 | H17: -72.56611111 | I17: 285 | J17: 28.133333 | K17: 29.333333 | L17: 27.933333 | M17: 27.866667 | N17: 25.2 | O17: 23.866667 | P17: 24.6 | Q17: 26.333333 | R17: 26.266667 | S17: 25.2 | T17: 25.366667 | U17: 24.8 | V17: 24.666667 | W17: 27.066667 | X17: 29.933333 | Y17: 27.733333 | Z17: 28.6 | AA17: 26.6 | AB17: 27.733333 | AC17: 25.733333 | AD17: 25.466667 | AE17: 25.8 | AF17: 26.533333 | AG17: 25.866667 | AH17: 25.6 | AI17: 26.266667 | AJ17: 25.333333 | AK17: 24.533333 | AL17: 26.6 | AM17: 26.533333 | AN17: 27.733333 | AP17: 26.426882
A18: 15085030 | B18: ESCUELA AGRICOLA CARRAIPIA - AUT [15085030] | C18: La Guajira | D18: Maicao | E18: Area Operativa 05 - Magdalena-Cesar-Guajira-San Andrés | F18: TSSM_MEDIA_D | G18: 11.21675 | H18: -72.35994444 | I18: 118 | P18: 26.65 | Q18: 27.1 | R18: 26.9 | S18: 26.85 | T18: 27.35 | U18: 26.85 | V18: 27.3 | W18: 26.8 | X18: 27.85 | Y18: 28.25 | Z18: 28.25 | AA18: 27.8 | AB18: 27.4 | AC18: 27.5 | AD18: 27.55 | AE18: 27.2 | AF18: 28.4 | AG18: 28.4 | AH18: 28.3 | AI18: 27.8 | AJ18: 27.5 | AK18: 26.85 | AL18: 27.2 | AM18: 27.05 | AN18: 28.15 | AP18: 27.49
A19: 27015260 | B19: LA SALADA [27015260] | C19: Antioquia | D19: Caldas | E19: Area Operativa 01 - Antioquia-Chocó | F19: TSSM_MEDIA_D | G19: 6.048361111 | H19: -75.62466667 | I19: 1923 | J19: 18.6 | K19: 17.533333 | L19: 17.866667 | M19: 17.533333 | N19: 16.4 | O19: 17.266667 | P19: 17.066667 | Q19: 16.6 | R19: 18.333333 | S19: 17.266667 | T19: 17.066667 | U19: 16 | V19: 16.2 | W19: 18 | X19: 17.8 | Y19: 18.2 | Z19: 20.133333 | AA19: 18.6 | AB19: 19.566667 | AC19: 18.2 | AD19: 20.533333 | AE19: 18.8 | AF19: 17.933333 | AG19: 18.2 | AH19: 17.066667 | AI19: 17.6 | AJ19: 18.066667 | AK19: 17.8 | AL19: 18.2 | AM19: 17.533333 | AN19: 17.733333 | AP19: 17.86129
A20: 24055030 | B20: ZAPATOCA [24055030] | C20: Santander | D20: Zapatoca | E20: Area Operativa 08 - Santanderes-Arauca | F20: TSSM_MEDIA_D | G20: 6.792777778 | H20: -73.28275 | I20: 1810 | J20: 19.866667 | K20: 19.266667 | L20: 18.933333 | M20: 18.6 | N20: 19.266667 | O20: 18.066667 | P20: 18.866667 | Q20: 19.133333 | R20: 19.4 | S20: 18.866667 | T20: 18.666667 | U20: 17.6 | V20: 18.333333 | W20: 18.866667 | X20: 18.933333 | Y20: 19.466667 | Z20: 19.266667 | AA20: 20.2 | AB20: 20.466667 | AC20: 20 | AD20: 19.8 | AE20: 20.133333 | AF20: 20 | AG20: 19 | AH20: 18.2 | AI20: 19.4 | AJ20: 18.666667 | AK20: 19.333333 | AL20: 19.066667 | AM20: 19.2 | AP20: 19.162222
A21: 24035400 | B21: VOLCAN EL [24035400] | C21: Santander | D21: Cerrito | E21: Area Operativa 08 - Santanderes-Arauca | F21: TSSM_MEDIA_D | G21: 6.845277778 | H21: -72.67777778 | I21: 2841 | J21: 14.133333 | K21: 14.466667 | L21: 13.133333 | M21: 13.133333 | N21: 11.933333 | O21: 13.466667 | P21: 13.2 | Q21: 13.133333 | R21: 13.666667 | S21: 14.066667 | T21: 13.666667 | U21: 13.8 | V21: 13.8 | W21: 14.4 | X21: 14.333333 | Y21: 15 | Z21: 15.466667 | AA21: 15.066667 | AB21: 15.133333 | AC21: 12.533333 | AD21: 14.933333 | AE21: 14.066667 | AF21: 13.266667 | AG21: 14.333333 | AH21: 13.533333 | AI21: 13.333333 | AJ21: 14.266667 | AK21: 13.4 | AL21: 14.8 | AM21: 14.733333 | AN21: 15.133333 | AP21: 13.978495
A22: 23155040 | B22: CENTRO EL [23155040] | C22: Santander | D22: Barrancabermeja | E22: Area Operativa 08 - Santanderes-Arauca | F22: TSSM_MEDIA_D | G22: 6.859555556 | H22: -73.76508333 | I22: 114 | M22: 25.933333 | N22: 26.133333 | O22: 26.333333 | P22: 27.933333 | Q22: 27.333333 | R22: 28.466667 | S22: 29.466667 | T22: 27 | U22: 25.466667 | V22: 27.2 | W22: 26.866667 | X22: 27.533333 | AB22: 28.933333 | AC22: 28.466667 | AD22: 28.4 | AE22: 29.133333 | AF22: 28.4 | AH22: 28.2 | AI22: 27.333333 | AJ22: 26.4 | AN22: 27.066667 | AP22: 27.52381
A23: 24035250 | B23: CHITA - AUT [24035250] | C23: Boyacá | D23: Chita | E23: Area Operativa 06 - Boyacá-Casanare-Vichada | F23: TSSM_MEDIA_D | G23: 6.18778 | H23: -72.46556 | I23: 2961 | J23: 14.2 | K23: 13.2 | L23: 14 | M23: 14.666667 | N23: 12.6 | O23: 12.133333 | P23: 12.933333 | Q23: 12 | R23: 12.2 | S23: 13.4 | T23: 13 | U23: 13.266667 | V23: 13.666667 | W23: 13.333333 | X23: 11.733333 | Y23: 12.4 | Z23: 13.533333 | AA23: 13.733333 | AB23: 12.933333 | AC23: 13.666667 | AD23: 14.666667 | AE23: 13.866667 | AF23: 14 | AG23: 12 | AH23: 13.6 | AK23: 13.333333 | AL23: 13.733333 | AM23: 12.733333 | AN23: 14.933333 | AP23: 13.291954
A24: 23085110 | B24: EL PENOL [23085110] | C24: Antioquia | D24: Peñol | E24: Area Operativa 01 - Antioquia-Chocó | F24: TSSM_MEDIA_D | G24: 6.2138889 | H24: -75.241388889 | I24: 2022 | J24: 19.05 | K24: 18.1 | L24: 18.05 | M24: 18 | N24: 16.4 | O24: 17.1 | P24: 17.4 | Q24: 16.95 | R24: 17.95 | S24: 17.25 | T24: 17.95 | U24: 16.95 | V24: 17.6 | W24: 18.45 | X24: 18.05 | Y24: 17.45 | Z24: 18.65 | AA24: 18.5 | AB24: 18.1 | AC24: 18.45 | AD24: 18.6 | AE24: 18.25 | AF24: 18.05 | AG24: 17.7 | AH24: 17.9 | AI24: 17.7 | AJ24: 17.5 | AK24: 18.05 | AL24: 17.75 | AM24: 18.3 | AN24: 17.55 | AP24: 17.862903
A25: 24015250 | B25: LAJA LA [24015250] | C25: Santander | D25: Guadalupe | E25: Area Operativa 08 - Santanderes-Arauca | F25: TSSM_MEDIA_D | G25: 6.237166667 | H25: -73.41538889 | I25: 1400 | J25: 21.533333 | K25: 21.066667 | L25: 21.066667 | M25: 20.666667 | N25: 21.133333 | O25: 20.666667 | P25: 21 | Q25: 20.933333 | R25: 21.066667 | S25: 21.133333 | T25: 20.866667 | U25: 20.2 | V25: 20.333333 | W25: 20.866667 | X25: 21 | Y25: 20.933333 | Z25: 21.6 | AA25: 21.6 | AB25: 21.6 | AC25: 21.066667 | AD25: 21.466667 | AE25: 21 | AF25: 21.533333 | AG25: 20.333333 | AH25: 21.133333 | AI25: 21.466667 | AJ25: 21 | AK25: 20.466667 | AL25: 21.6 | AM25: 21.266667 | AN25: 21.133333 | AP25: 21.055914
A26: 23125120 | B26: CIMITARRA [23125120] | C26: Santander | D26: Cimitarra | E26: Area Operativa 08 - Santanderes-Arauca | F26: TSSM_MEDIA_D | G26: 6.308611111 | H26: -73.95222222 | I26: 198 | J26: 28.066667 | K26: 26.866667 | L26: 27.6 | M26: 27.933333 | N26: 26.533333 | O26: 26.933333 | P26: 26.933333 | Q26: 26.4 | R26: 28.4 | S26: 26.266667 | T26: 26.333333 | U26: 25.6 | V26: 27.2 | W26: 26.533333 | X26: 27.133333 | Y26: 26.466667 | Z26: 28.533333 | AA26: 29.266667 | AB26: 27.266667 | AC26: 28.266667 | AD26: 28.8 | AE26: 27.266667 | AF26: 27.2 | AG26: 27.466667 | AH26: 27.133333 | AI26: 26.933333 | AJ26: 26.733333 | AK26: 27.4 | AL26: 27.133333 | AM26: 26.333333 | AN26: 26.666667 | AP26: 27.212903
A27: 27015090 | B27: TULIO OSPINA [27015090] | C27: Antioquia | D27: Bello | E27: Area Operativa 01 - Antioquia-Chocó | F27: TSSM_MEDIA_D | G27: 6.319694444 | H27: -75.55325 | I27: 1453 | AK27: 23.6 | AP27: 23.6
A28: 11075020 | B28: URRAO [11075020] | C28: Antioquia | D28: Urrao | E28: Area Operativa 01 - Antioquia-Chocó | F28: TSSM_MEDIA_D | G28: 6.298305556 | H28: -76.143305556 | I28: 1833 | J28: 19.066667 | K28: 19.8 | L28: 19.533333 | M28: 19.2 | N28: 19.133333 | O28: 18.266667 | P28: 19.333333 | Q28: 18.866667 | R28: 19.133333 | S28: 18.6 | T28: 19.066667 | U28: 18.8 | V28: 18.8 | W28: 18.533333 | X28: 19.066667 | Y28: 18.4 | Z28: 17.133333 | AA28: 19.333333 | AB28: 19.933333 | AC28: 19.4 | AD28: 18.866667 | AE28: 20.2 | AF28: 18.8 | AG28: 18.866667 | AH28: 19.133333 | AI28: 19.266667 | AJ28: 19 | AK28: 19.066667 | AL28: 19.333333 | AM28: 19.2 | AN28: 19.066667 | AP28: 19.03871
A29: 24035330 | B29: BOAVITA [24035330] | C29: Boyacá | D29: Boavita | E29: Area Operativa 06 - Boyacá-Casanare-Vichada | F29: TSSM_MEDIA_D | G29: 6.328972222 | H29: -72.58227778 | I29: 2150 | J29: 19.133333 | K29: 17.333333 | L29: 16.533333 | M29: 17 | N29: 17.066667 | O29: 18.2 | P29: 16.2 | Q29: 16.6 | R29: 16.866667 | S29: 16.2 | T29: 16.666667 | U29: 16.533333 | V29: 15.533333 | W29: 16.533333 | X29: 16.466667 | Y29: 16.666667 | Z29: 18.333333 | AA29: 18.533333 | AB29: 19.2 | AC29: 18.533333 | AD29: 19.066667 | AE29: 18.533333 | AF29: 18.466667 | AG29: 17.333333 | AH29: 18.333333 | AI29: 17.733333 | AJ29: 17.333333 | AK29: 17 | AL29: 18.4 | AM29: 18.4 | AN29: 18.333333 | AP29: 17.51828
A30: 26205080 | B30: LA ALDEA [26205080] | C30: Antioquia | D30: Medellín | E30: Area Operativa 01 - Antioquia-Chocó | F30: TSSM_MEDIA_D | G30: 6.341055556 | H30: -75.70094444 | I30: 1737 | J30: 21.866667 | K30: 19.6 | L30: 18.466667 | M30: 19.066667 | N30: 19.333333 | O30: 18.866667 | P30: 19.4 | Q30: 17.6 | R30: 19 | S30: 18.733333 | T30: 18.333333 | U30: 17.533333 | V30: 18.6 | W30: 20.633333 | X30: 18 | Y30: 18.8 | Z30: 21.6 | AA30: 22.133333 | AB30: 20.466667 | AC30: 20.4 | AD30: 20.8 | AE30: 20.066667 | AF30: 20.2 | AG30: 20.6 | AH30: 19.666667 | AI30: 19.2 | AJ30: 18.866667 | AL30: 20.666667 | AM30: 18.466667 | AN30: 19.533333 | AP30: 19.55
A31: 24015260 | B31: CHIMA [24015260] | C31: Santander | D31: Chima | E31: Area Operativa 08 - Santanderes-Arauca | F31: TSSM_MEDIA_D | G31: 6.355 | H31: -73.36833333 | I31: 190 | J31: 25.45 | K31: 24.75 | L31: 25.7 | M31: 25.5 | N31: 25.05 | O31: 25 | P31: 24.35 | Q31: 24.95 | R31: 25.45 | S31: 25.25 | T31: 24.95 | U31: 23.25 | V31: 24.3 | W31: 25.05 | X31: 24.45 | Y31: 24.6 | Z31: 25.8 | AA31: 26 | AB31: 25.35 | AC31: 25.9 | AD31: 26.25 | AE31: 25.65 | AF31: 25.85 | AG31: 25.05 | AH31: 25 | AI31: 25.1 | AJ31: 24.85 | AK31: 25.55 | AL31: 25.5 | AM31: 25.85 | AN31: 25.35 | AP31: 25.196774
A32: 23085030 | B32: ALEJANDRIA [23085030] | C32: Antioquia | D32: Alejandría | E32: Area Operativa 01 - Antioquia-Chocó | F32: TSSM_MEDIA_D | G32: 6.37625 | H32: -75.14338889 | I32: 1712 | J32: 19.533333 | K32: 20.066667 | L32: 20.4 | M32: 20.8 | N32: 19.866667 | O32: 19.6 | P32: 19.533333 | Q32: 19.133333 | R32: 19.866667 | S32: 20.333333 | T32: 19.466667 | U32: 19.8 | V32: 20.2 | W32: 19.933333 | X32: 20.4 | Y32: 20.333333 | Z32: 21.133333 | AA32: 21.066667 | AB32: 20.333333 | AC32: 20.533333 | AD32: 20.466667 | AE32: 20.133333 | AF32: 21.066667 | AG32: 20.333333 | AH32: 20 | AI32: 19.733333 | AJ32: 20.4 | AK32: 20.333333 | AL32: 20.066667 | AM32: 20.666667 | AN32: 20.133333 | AP32: 20.182796
A33: 36025010 | B33: TAME [36025010] | C33: Arauca | D33: Tame | E33: Area Operativa 06 - Boyacá-Casanare-Vichada | F33: TSSM_MEDIA_D | G33: 6.456194444 | H33: -71.74502778 | I33: 350 | K33: 27.4 | L33: 26 | M33: 26.733333 | N33: 27.866667 | O33: 27.466667 | P33: 24.933333 | Q33: 25.466667 | R33: 26.733333 | S33: 26.2 | T33: 25.8 | U33: 26.533333 | V33: 23.2 | W33: 26.533333 | X33: 27.333333 | Y33: 27.933333 | Z33: 28.033333 | AA33: 26.2 | AB33: 26.866667 | AC33: 26.933333 | AD33: 27.533333 | AE33: 26.266667 | AF33: 28.666667 | AG33: 28.2 | AH33: 27.8 | AI33: 27.533333 | AJ33: 23.933333 | AK33: 24.133333 | AL33: 26.466667 | AM33: 25.266667 | AN33: 26.866667 | AP33: 26.561111
A34: 24035070 | B34: GUICAN [24035070] | C34: Boyacá | D34: Guicán | E34: Area Operativa 06 - Boyacá-Casanare-Vichada | F34: TSSM_MEDIA_D | G34: 6.463472222 | H34: -72.40919444 | I34: 2963 | J34: 14.566667 | K34: 13.933333 | L34: 13.433333 | M34: 13.166667 | N34: 13.666667 | O34: 12.466667 | P34: 12.9 | Q34: 13.233333 | R34: 13.633333 | S34: 13.533333 | T34: 13.033333 | U34: 13.166667 | V34: 13.466667 | W34: 14.533333 | X34: 13.9 | Y34: 14.366667 | Z34: 14.2 | AA34: 14.1 | AB34: 14.733333 | AC34: 14.566667 | AD34: 13.933333 | AE34: 13.833333 | AF34: 14.233333 | AG34: 13.7 | AH34: 14.4 | AI34: 13.7 | AJ34: 11.966667 | AK34: 14.266667 | AL34: 14.4 | AM34: 13.7 | AN34: 14.4 | AP34: 13.778495
A35: 24025040 | B35: ESCUELA AGRICOLA MOGOTES [24025040] | C35: Santander | D35: Mogotes | E35: Area Operativa 08 - Santanderes-Arauca | F35: TSSM_MEDIA_D | G35: 6.47 | H35: -72.96888889 | I35: 1673 | J35: 19.4 | K35: 19.4 | L35: 19.2 | M35: 18.4 | N35: 18.6 | O35: 18.533333 | P35: 18.4 | Q35: 18.4 | R35: 19.333333 | S35: 18.333333 | T35: 18.666667 | U35: 19.333333 | V35: 18.333333 | W35: 19.4 | X35: 18.666667 | Y35: 19.4 | Z35: 19.8 | AC35: 18.866667 | AD35: 18.8 | AE35: 19.6 | AF35: 18.666667 | AG35: 18.533333 | AH35: 18.6 | AI35: 18.733333 | AJ35: 19.266667 | AK35: 20.2 | AL35: 19.866667 | AM35: 19.666667 | AN35: 19 | AP35: 19.013793
A36: 23085080 | B36: GRANJA EXPERIMENTAL EL NUS [23085080] | C36: Antioquia | D36: San Roque | E36: Area Operativa 01 - Antioquia-Chocó | F36: TSSM_MEDIA_D | G36: 6.483583333 | H36: -74.83669444 | I36: 859 | J36: 23.2 | K36: 24 | L36: 23.95 | M36: 22.15 | N36: 22.85 | O36: 22.6 | P36: 23.1 | Q36: 23.85 | R36: 23.45 | S36: 23 | T36: 22.45 | U36: 22.55 | V36: 22.55 | W36: 23.9 | X36: 23.3 | Y36: 22.5 | Z36: 24.15 | AA36: 24 | AB36: 22.55 | AC36: 24.2 | AD36: 23.55 | AE36: 23.6 | AF36: 23.15 | AG36: 22.85 | AH36: 22.85 | AI36: 24.55 | AJ36: 23.7 | AK36: 23 | AL36: 22.55 | AM36: 23.3 | AN36: 23.3 | AP36: 23.248387
A37: 24035260 | B37: CAPITANEJO [24035260] | C37: Santander | D37: Capitanejo | E37: Area Operativa 06 - Boyacá-Casanare-Vichada | F37: TSSM_MEDIA_D | G37: 6.520722222 | H37: -72.69661111 | I37: 1160 | J37: 28.133333 | K37: 26 | L37: 25.533333 | M37: 24.666667 | N37: 25.133333 | O37: 24.266667 | P37: 24.6 | Q37: 25.333333 | R37: 26.333333 | S37: 25.6 | T37: 25.733333 | U37: 24.6 | V37: 26.333333 | W37: 25.4 | X37: 25.4 | Y37: 25.866667 | Z37: 27.133333 | AA37: 28.133333 | AB37: 27.266667 | AC37: 27.2 | AD37: 26.733333 | AE37: 27.2 | AF37: 28.266667 | AG37: 27.133333 | AH37: 26.866667 | AI37: 27.2 | AJ37: 24.933333 | AN37: 25.466667 | AP37: 26.159524
A38: 24035310 | B38: CHISCAS [24035310] | C38: Boyacá | D38: Chiscas | E38: Area Operativa 06 - Boyacá-Casanare-Vichada | F38: TSSM_MEDIA_D | G38: 6.549527778 | H38: -72.50472222 | I38: 2350 | J38: 15.6 | K38: 15.7 | L38: 14.966667 | M38: 14.833333 | N38: 14.833333 | O38: 14.8 | P38: 14.266667 | Q38: 15.866667 | R38: 14.9 | S38: 15.3 | V38: 14.9 | W38: 17.566667 | X38: 17.633333 | Y38: 20.066667 | Z38: 18.233333 | AA38: 16.3 | AB38: 15.366667 | AC38: 14.533333 | AD38: 15.566667 | AE38: 16.5 | AF38: 16.866667 | AG38: 16.866667 | AH38: 16.2 | AP38: 15.985507
A39: 24055040 | B39: PALMAR EL [24055040] | C39: Santander | D39: Palmar | E39: Area Operativa 08 - Santanderes-Arauca | F39: TSSM_MEDIA_D | G39: 6.549722222 | H39: -73.292 | I39: 940 | J39: 27.75 | K39: 27.45 | L39: 26.8 | M39: 26.4 | N39: 26.9 | O39: 26.6 | P39: 27.05 | Q39: 27.15 | R39: 27.3 | S39: 25.9 | T39: 26.35 | U39: 26.55 | V39: 25.85 | W39: 26.15 | X39: 27 | Y39: 27.35 | Z39: 27.8 | AA39: 28.1 | AB39: 28.45 | AC39: 27.75 | AD39: 28.5 | AE39: 28.6 | AF39: 27.75 | AG39: 26.55 | AH39: 27.65 | AI39: 27.2 | AJ39: 27.1 | AK39: 27 | AL39: 26.8 | AM39: 27 | AN39: 26.5 | AP39: 27.13871
A40: 23125050 | B40: CARARE [23125050] | C40: Santander | D40: Puerto Parra | E40: Area Operativa 08 - Santanderes-Arauca | F40: TSSM_MEDIA_D | G40: 6.649444444 | H40: -74.06138889 | I40: 168 | J40: 28.133333 | K40: 27.466667 | L40: 27.133333 | M40: 27.333333 | N40: 28.333333 | O40: 28.4 | R40: 29.4 | S40: 27.8 | AP40: 28
A41: 23145020 | B41: CARMEN EL [23145020] | C41: Santander | D41: El Carmen | E41: Area Operativa 08 - Santanderes-Arauca | F41: TSSM_MEDIA_D | G41: 6.696388889 | H41: -73.51 | I41: 805 | J41: 24.866667 | M41: 24.6 | N41: 25.133333 | O41: 25.266667 | P41: 24.6 | T41: 24.2 | W41: 25 | Z41: 25.866667 | AB41: 25.6 | AC41: 26.133333 | AD41: 25.4 | AH41: 25.066667 | AI41: 24.666667 | AK41: 25.4 | AN41: 24.6 | AP41: 25.093333
A42: 36015010 | B42: PAZ DE ARIPORO [36015010] | C42: Casanare | D42: Paz De Ariporo | E42: Area Operativa 06 - Boyacá-Casanare-Vichada | F42: TSSM_MEDIA_D | G42: 5.878527778 | H42: -71.88719444 | I42: 342 | K42: 27.866667 | L42: 27.733333 | O42: 27.8 | P42: 28.266667 | Q42: 28.733333 | R42: 29 | AD42: 29 | AE42: 29.133333 | AF42: 28.8 | AJ42: 28.6 | AM42: 28.2 | AP42: 28.466667
A43: 24035420 | B43: CERINZA [240354200] | C43: Boyacá | D43: Cerinza | E43: Area Operativa 06 - Boyacá-Casanare-Vichada | F43: TSSM_MEDIA_D | G43: 5.96225 | H43: -72.9385 | I43: 2643 | L43: 15.466667 | M43: 15.4 | O43: 16.4 | P43: 15.266667 | Q43: 16.066667 | R43: 14.4 | U43: 14.866667 | V43: 14.866667 | W43: 15 | X43: 16.133333 | AA43: 16.6 | AE43: 16.866667 | AF43: 15.933333 | AG43: 17.866667 | AH43: 19.4 | AP43: 16.035556
A44: 22055020 | B44: MESA DE POLE [22055020] | C44: Tolima | D44: Ataco | E44: Area Operativa 10 - Tolima | F44: TSSM_MEDIA_D | G44: 3.455777778 | H44: -75.53636111 | I44: 699 | J44: 26.85 | K44: 26 | L44: 27.35 | M44: 24.8 | N44: 26 | O44: 23.5 | S44: 26.15 | T44: 24.05 | U44: 23.7 | V44: 24.45 | W44: 25.9 | X44: 24.85 | Y44: 24.2 | Z44: 25.9 | AA44: 26.95 | AB44: 25.55 | AC44: 27.05 | AD44: 25.65 | AE44: 24.55 | AF44: 24.35 | AG44: 24.55 | AH44: 25.15 | AJ44: 25.75 | AK44: 26.1 | AL44: 24.45 | AM44: 25.65 | AN44: 24 | AP44: 25.312963
A45: 26075010 | B45: PALMIRA ICA [26075010] | C45: Valle Del Cauca | D45: Palmira | E45: Area Operativa 09 - Cauca-Valle-Caldas | F45: TSSM_MEDIA_D | G45: 3.513472222 | H45: -76.314888889 | I45: 1018 | J45: 24.9 | K45: 23.375 | L45: 23.65 | M45: 24.05 | N45: 23.25 | O45: 23.625 | P45: 23.85 | Q45: 23.925 | R45: 24.2 | S45: 23.475 | T45: 22.4 | U45: 21.25 | V45: 22.25 | W45: 24.1 | X45: 21.6 | Y45: 23.5 | Z45: 25.3 | AA45: 24.65 | AB45: 23.05 | AC45: 24.925 | AD45: 24.6 | AE45: 21.9 | AF45: 23.575 | AG45: 24 | AH45: 24.025 | AI45: 22.35 | AJ45: 22.65 | AK45: 23.85 | AL45: 22.65 | AM45: 23.65 | AN45: 23.1 | AP45: 23.473387
A46: 34015010 | B46: LAS GAVIOTAS [34015010] | C46: Vichada | D46: Cumaribo | E46: Area Operativa 03 - Meta-Guaviare-Guainía | F46: TSSM_MEDIA_D | G46: 4.553891 | H46: -70.930225 | I46: 173 | J46: 27.55 | K46: 26.3 | L46: 25.2 | M46: 26.65 | N46: 26.95 | O46: 26.45 | P46: 26.5 | Q46: 26.25 | R46: 25.75 | S46: 27.25 | T46: 24.6 | U46: 25.5 | V46: 24.95 | X46: 25.4 | Y46: 25.8 | Z46: 26.5 | AA46: 27.05 | AB46: 27.3 | AC46: 26.9 | AD46: 26.3 | AE46: 26.05 | AF46: 26.4 | AG46: 27.7 | AH46: 26.95 | AI46: 27.05 | AJ46: 27.35 | AK46: 26.9 | AL46: 26.1 | AM46: 25.3 | AN46: 25.8 | AP46: 26.358333
A47: 21135020 | B47: JABALCON [21135020] | C47: Tolima | D47: Saldaña | E47: Area Operativa 10 - Tolima | F47: TSSM_MEDIA_D | G47: 3.85575 | H47: -75.01575 | I47: 313 | J47: 30.333333 | K47: 28.466667 | L47: 29.066667 | M47: 25.2 | N47: 28.2 | O47: 25.4 | P47: 27.4 | Q47: 28.8 | R47: 28 | S47: 27.6 | T47: 27.066667 | U47: 26.666667 | V47: 27.6 | W47: 27.133333 | X47: 26.466667 | Y47: 28.466667 | Z47: 29.466667 | AA47: 29.466667 | AB47: 29.066667 | AC47: 29.8 | AD47: 29.066667 | AE47: 26.8 | AF47: 28.866667 | AG47: 28.266667 | AH47: 27.733333 | AI47: 29.266667 | AJ47: 28.866667 | AK47: 28.866667 | AL47: 28.2 | AM47: 28.933333 | AN47: 26.333333 | AP47: 28.092473
A48: 26145020 | B48: BELLAVISTA [26145020] | C48: Caldas | D48: Anserma | E48: Area Operativa 09 - Cauca-Valle-Caldas | F48: TSSM_MEDIA_D | G48: 5.275944444 | H48: -75.800138889 | I48: 1984 | J48: 18.2 | K48: 17.35 | L48: 17.35 | M48: 17.3 | N48: 16.9 | O48: 16.25 | P48: 16.75 | Q48: 17.1 | R48: 17.2 | T48: 15.8 | U48: 16.05 | V48: 16.4 | W48: 17 | X48: 16.55 | Y48: 17.05 | Z48: 17.75 | AA48: 18.1 | AB48: 17.15 | AC48: 18.35 | AD48: 17.7 | AE48: 16.3 | AF48: 16.65 | AG48: 17.45 | AH48: 15.85 | AI48: 16.45 | AJ48: 16.9 | AK48: 16.9 | AN48: 16.6 | AP48: 16.978571
A49: 23025040 | B49: ALBANIA [23025040] | C49: Tolima | D49: Mariquita | E49: Area Operativa 10 - Tolima | F49: TSSM_MEDIA_D | G49: 5.301108889 | H49: -74.914580556 | I49: 788 | J49: 26.6 | K49: 24.466667 | L49: 24.866667 | M49: 24.4 | N49: 25.666667 | O49: 24.066667 | P49: 24.6 | Q49: 25.466667 | R49: 25.466667 | S49: 24.466667 | T49: 24.266667 | V49: 24.133333 | W49: 25.333333 | X49: 24 | Y49: 24.8 | Z49: 26 | AA49: 27.933333 | AB49: 24.733333 | AC49: 26.333333 | AD49: 25.066667 | AE49: 24.2 | AF49: 24.133333 | AG49: 25.2 | AH49: 25.8 | AI49: 24.933333 | AJ49: 24.066667 | AK49: 25.266667 | AL49: 24.2 | AM49: 23.933333 | AN49: 26.2 | AP49: 25.02
A50: 26025090 | B50: VENTA DE CAJIBIO [26025090] | C50: Cauca | D50: Cajibío | E50: Area Operativa 09 - Cauca-Valle-Caldas | F50: TSSM_MEDIA_D | G50: 2.58475 | H50: -76.561833333 | I50: 1850 | W50: 17.4 | X50: 18.333333 | Y50: 18.333333 | Z50: 21.266667 | AA50: 20.266667 | AB50: 19.6 | AC50: 17.8 | AD50: 19.266667 | AE50: 16.933333 | AF50: 17.6 | AG50: 18.866667 | AH50: 18.466667 | AI50: 18.133333 | AJ50: 16.833333 | AK50: 17.133333 | AL50: 16.033333 | AM50: 18.6 | AN50: 18.2 | AP50: 18.281481
A51: 21245140 | B51: SANTA ISABEL [21245140] | C51: Tolima | D51: Santa Isabel | E51: Area Operativa 10 - Tolima | F51: TSSM_MEDIA_D | G51: 4.711861111 | H51: -75.09445556 | I51: 2288 | J51: 17.133333 | K51: 15.4 | L51: 15.133333 | M51: 15 | N51: 14.933333 | O51: 14.333333 | P51: 15.133333 | R51: 15.533333 | S51: 14.6 | T51: 15.266667 | U51: 14.6 | V51: 14.6 | W51: 15.6 | X51: 15.6 | Y51: 14.733333 | Z51: 18 | AA51: 16.6 | AB51: 16.2 | AC51: 16.133333 | AD51: 15.6 | AE51: 14.733333 | AF51: 15.333333 | AG51: 14.2 | AH51: 14.133333 | AI51: 14.666667 | AK51: 14.733333 | AL51: 15.133333 | AM51: 14.866667 | AN51: 16.066667 | AP51: 15.310345
A52: 35075010 | B52: NUEVO COLON [35075010] | C52: Boyacá | D52: Nuevo Colón | E52: Area Operativa 06 - Boyacá-Casanare-Vichada | F52: TSSM_MEDIA_D | G52: 5.352694444 | H52: -73.45377778 | I52: 2438 | K52: 14.7 | L52: 14.25 | M52: 14.7 | N52: 14.65 | O52: 15.05 | P52: 14.7 | Q52: 14 | R52: 15.15 | S52: 14.7 | V52: 14.65 | W52: 14.15 | X52: 14.65 | Y52: 15.05 | Z52: 15.1 | AA52: 15.45 | AB52: 15.6 | AC52: 15.75 | AF52: 15.7 | AG52: 15.35 | AH52: 15.9 | AI52: 16.05 | AJ52: 15.3 | AK52: 15.5 | AL52: 15.45 | AM52: 15.05 | AN52: 15.2 | AP52: 15.069231
A53: 21185030 | B53: GUAMO [21185030] | C53: Tolima | D53: Guamo | E53: Area Operativa 10 - Tolima | F53: TSSM_MEDIA_D | G53: 4.008833333 | H53: -74.98138889 | I53: 332 | J53: 30.266667 | K53: 29.133333 | L53: 29.666667 | M53: 24.933333 | N53: 28.2 | O53: 25.466667 | P53: 26.6 | Q53: 28.6 | R53: 27.2 | S53: 27.133333 | T53: 26.866667 | U53: 28.333333 | V53: 26.466667 | W53: 26.333333 | X53: 26.266667 | Y53: 27.133333 | Z53: 28.866667 | AA53: 29.2 | AB53: 28.066667 | AC53: 29.066667 | AD53: 29.133333 | AE53: 26.6 | AF53: 28.466667 | AG53: 28.266667 | AH53: 27.6 | AI53: 28.933333 | AJ53: 27.266667 | AK53: 28.666667 | AL53: 28.4 | AM53: 28.733333 | AN53: 27.533333 | AP53: 27.851613
A54: 26105140 | B54: BARRAGAN [26105140] | C54: Valle Del Cauca | D54: Tuluá | E54: Area Operativa 09 - Cauca-Valle-Caldas | F54: TSSM_MEDIA_D | G54: 4.033055556 | H54: -75.888027778 | I54: 2902 | J54: 11.466667 | K54: 11 | L54: 11.933333 | M54: 11.866667 | N54: 11.333333 | AP54: 11.52
A55: 23055040 | B55: SAMANA [23055040] | C55: Caldas | D55: Samaná | E55: Area Operativa 10 - Tolima | F55: TSSM_MEDIA_D | G55: 5.418288056 | H55: -74.992927778 | I55: 1532 | J55: 20.333333 | K55: 18.933333 | L55: 19.733333 | M55: 18.933333 | N55: 19.133333 | O55: 18.2 | P55: 19 | Q55: 19.333333 | R55: 19.466667 | S55: 19.266667 | U55: 18.533333 | V55: 18.333333 | W55: 18.8 | X55: 18.866667 | Y55: 19.6 | Z55: 21 | AA55: 22 | AB55: 20 | AC55: 20.2 | AE55: 19.266667 | AF55: 19.133333 | AG55: 19.666667 | AH55: 19.666667 | AI55: 19.2 | AJ55: 19 | AK55: 19.266667 | AL55: 19.933333 | AM55: 18.666667 | AN55: 19.066667 | AP55: 19.397701
A56: 35075030 | B56: VILLA LUISA [35075030] | C56: Boyacá | D56: Ramiriquí | E56: Area Operativa 06 - Boyacá-Casanare-Vichada | F56: TSSM_MEDIA_D | G56: 5.422222222 | H56: -73.34941667 | I56: 2200 | J56: 17.366667 | K56: 16.666667 | L56: 14.4 | M56: 15.933333 | N56: 16.4 | O56: 16.333333 | P56: 16.466667 | Q56: 15.8 | R56: 16.133333 | S56: 16.2 | T56: 16.4 | U56: 15.466667 | V56: 16.666667 | W56: 15.733333 | X56: 15.8 | Y56: 16.6 | Z56: 16.866667 | AA56: 16.4 | AB56: 16.266667 | AC56: 17.6 | AD56: 18.533333 | AE56: 18.066667 | AF56: 17.933333 | AG56: 17.733333 | AH56: 16.4 | AI56: 17.666667 | AJ56: 17.066667 | AK56: 18 | AL56: 16.933333 | AM56: 17.466667 | AN56: 16.4 | AP56: 16.7
A57: 24015120 | B57: ISLA DEL SANTUARIO [24015120] | C57: Cundinamarca | D57: Fúquene | E57: Area Operativa 11 - Cundinamarca-Amazonas | F57: TSSM_MEDIA_D | G57: 5.467277778 | H57: -73.73480556 | I57: 2580 | J57: 16.35 | K57: 15.45 | L57: 16.5 | M57: 15.1 | N57: 13.65 | O57: 13.8 | P57: 15.35 | Q57: 14.3 | V57: 15.45 | W57: 15.3 | X57: 16 | Y57: 15.9 | Z57: 17.65 | AA57: 16.65 | AB57: 15.7 | AC57: 15.8 | AD57: 17.65 | AE57: 16.95 | AF57: 16.65 | AG57: 17.25 | AH57: 16.9 | AI57: 15.15 | AJ57: 14.6 | AK57: 15.85 | AL57: 12.8 | AM57: 17.2 | AN57: 17.05 | AP57: 15.814815
A58: 24015090 | B58: INSTITUCION AGRICOLA SANTA SOFIA [24015090] | C58: Boyacá | D58: Santa Sofía | E58: Area Operativa 06 - Boyacá-Casanare-Vichada | F58: TSSM_MEDIA_D | G58: 5.710666667 | H58: -73.60227778 | I58: 2300 | J58: 17.8 | K58: 18.1 | L58: 16.2 | M58: 16.55 | N58: 15.75 | O58: 15.65 | P58: 15.3 | Q58: 15.65 | R58: 16.65 | S58: 16.7 | T58: 16.6 | U58: 16.95 | V58: 17.5 | W58: 17.4 | X58: 16.1 | Y58: 16.7 | Z58: 18 | AA58: 17.5 | AB58: 17.95 | AC58: 17.8 | AD58: 17.5 | AE58: 17.1 | AF58: 17.05 | AG58: 16.7 | AH58: 17.5 | AI58: 16.45 | AJ58: 15.35 | AK58: 16.25 | AL58: 16.55 | AM58: 17.1 | AN58: 15 | AP58: 16.754839
A59: 21255080 | B59: SALTO EL [21255080] | C59: Tolima | D59: Ambalema | E59: Area Operativa 10 - Tolima | F59: TSSM_MEDIA_D | G59: 4.783778 | H59: -74.76794444 | I59: 308 | K59: 26.866667 | O59: 25.933333 | P59: 25.4 | Q59: 28.2 | R59: 28.6 | S59: 28.2 | T59: 27.533333 | U59: 24.466667 | V59: 27.133333 | X59: 27.2 | Y59: 28.066667 | Z59: 30.066667 | AA59: 31.2 | AB59: 28.6 | AD59: 30.466667 | AE59: 29.2 | AF59: 29.066667 | AG59: 29.466667 | AH59: 29.933333 | AI59: 29.8 | AK59: 29.4 | AL59: 29.8 | AM59: 26.666667 | AN59: 28.066667 | AP59: 28.305556
A60: 26025110 | B60: LOMITAS [26025110] | C60: Cauca | D60: Santander De Quilichao | E60: Area Operativa 09 - Cauca-Valle-Caldas | F60: TSSM_MEDIA_D | G60: 3.075388889 | H60: -76.55625 | I60: 1009 | J60: 26.9 | K60: 24.75 | L60: 26.1 | M60: 25.1 | N60: 23.55 | O60: 23.95 | P60: 25 | Q60: 24.7 | R60: 23.45 | S60: 23.25 | T60: 22.65 | U60: 21.95 | V60: 23.25 | W60: 24.6 | X60: 24.3 | Y60: 24.65 | Z60: 26.05 | AA60: 26.5 | AB60: 24.45 | AC60: 26.05 | AD60: 25.7 | AE60: 23.35 | AF60: 24.3 | AG60: 26.05 | AH60: 25.8 | AI60: 24.75 | AJ60: 23.85 | AK60: 24.05 | AN60: 24.1 | AP60: 24.591379
A61: 21206260 | B61: C.UNIV.AGROP-UDCA [21206260] | C61: Bogotá | D61: Bogotá, D.C | E61: Area Operativa 11 - Cundinamarca-Amazonas | F61: TSSM_MEDIA_D | G61: 4.798638889 | H61: -74.04972222 | I61: 2570 | AG61: 14.6 | AI61: 15.666667 | AJ61: 15.066667 | AK61: 15.4 | AL61: 14.733333 | AP61: 15.093333
A62: 24015220 | B62: VILLA CARMEN [24015220] | C62: Boyacá | D62: Samacá | E62: Area Operativa 06 - Boyacá-Casanare-Vichada | F62: TSSM_MEDIA_D | G62: 5.509388889 | H62: -73.49577778 | I62: 2600 | J62: 14.45 | K62: 15.15 | L62: 14.55 | M62: 15.4 | N62: 15 | O62: 14.4 | P62: 14.45 | Q62: 13.95 | R62: 14.3 | S62: 14.25 | T62: 14.15 | U62: 14.05 | V62: 14.95 | W62: 13.85 | X62: 14.25 | Y62: 14.4 | Z62: 15.1 | AA62: 15.4 | AB62: 14.3 | AC62: 15.25 | AD62: 16.15 | AE62: 16.25 | AF62: 16.4 | AG62: 14.65 | AH62: 15.65 | AI62: 15.7 | AJ62: 14.75 | AK62: 14.85 | AL62: 15.45 | AM62: 15.1 | AN62: 14.75 | AP62: 14.880645
A63: 23125140 | B63: AEROPUERTO FURATENA - AUT [23125140] | C63: Boyacá | D63: Quípama | E63: Area Operativa 06 - Boyacá-Casanare-Vichada | F63: TSSM_MEDIA_D | G63: 5.520833333 | H63: -74.18241667 | I63: 1250 | J63: 23 | K63: 21.2 | L63: 22 | M63: 22.333333 | N63: 22.066667 | O63: 21.533333 | P63: 20.666667 | Q63: 22 | R63: 22.933333 | S63: 21.133333 | T63: 20.266667 | U63: 19.333333 | V63: 20.6 | W63: 22.466667 | X63: 22.066667 | Y63: 21.2 | Z63: 22.866667 | AA63: 23.266667 | AB63: 22.333333 | AC63: 23.333333 | AD63: 23.4 | AE63: 23.266667 | AF63: 22.4 | AG63: 22.133333 | AH63: 22.266667 | AI63: 21.8 | AJ63: 22.533333 | AK63: 22.866667 | AL63: 22.066667 | AM63: 21.8 | AN63: 21.866667 | AP63: 22.032258
A64: 26125130 | B64: CUMBARCO [26125130] | C64: Valle Del Cauca | D64: Sevilla | E64: Area Operativa 09 - Cauca-Valle-Caldas | F64: TSSM_MEDIA_D | G64: 4.185055556 | H64: -75.83236111 | I64: 1749 | J64: 19.7 | K64: 19.5 | L64: 20.5 | M64: 20.4 | N64: 21.1 | O64: 19.4 | P64: 18.3 | Q64: 18.9 | R64: 19.1 | S64: 18.35 | T64: 18.2 | U64: 18 | V64: 18.8 | W64: 19.05 | X64: 18.7 | Y64: 19.45 | AC64: 19.95 | AE64: 18.75 | AF64: 19.3 | AI64: 19.3 | AJ64: 19.15 | AK64: 18.375 | AL64: 18.85 | AM64: 18.6 | AP64: 19.155208
A65: 21185080 | B65: VALLE DE SAN JUAN [21185080] | C65: Tolima | D65: Valle De San Juan | E65: Area Operativa 10 - Tolima | F65: TSSM_MEDIA_D | G65: 4.216458333 | H65: -75.104611111 | I65: 591 | J65: 27.933333 | K65: 27.8 | L65: 27.266667 | M65: 27.066667 | N65: 27.333333 | O65: 24.533333 | P65: 26.133333 | Q65: 26.533333 | R65: 26.333333 | S65: 25.2 | T65: 25 | U65: 24.066667 | V65: 24.8 | W65: 25.466667 | X65: 26.133333 | Y65: 24.8 | Z65: 26.2 | AA65: 27.133333 | AB65: 25.266667 | AC65: 27.066667 | AD65: 27.6 | AE65: 27.266667 | AF65: 26.133333 | AG65: 25.4 | AH65: 25.2 | AI65: 27 | AJ65: 26.2 | AK65: 25.933333 | AL65: 25.533333 | AM65: 25.333333 | AN65: 24.533333 | AP65: 26.070968
A66: 21195060 | B66: PANDI [21195060] | C66: Cundinamarca | D66: Pandi | E66: Area Operativa 11 - Cundinamarca-Amazonas | F66: TSSM_MEDIA_D | G66: 4.192722222 | H66: -74.48741667 | I66: 950 | J66: 25.6 | K66: 25.066667 | L66: 23.2 | M66: 22.866667 | N66: 23.6 | O66: 21.8 | P66: 23.066667 | Q66: 23.733333 | R66: 25.533333 | S66: 24.666667 | T66: 22.2 | U66: 21.333333 | V66: 23.2 | W66: 23.266667 | X66: 23.333333 | Y66: 24.133333 | Z66: 23.4 | AA66: 26 | AB66: 25.8 | AC66: 25.8 | AD66: 26 | AE66: 24 | AF66: 24.933333 | AG66: 23.4 | AH66: 24.6 | AI66: 23.733333 | AJ66: 24 | AK66: 25.266667 | AL66: 24.733333 | AM66: 24.2 | AN66: 23.066667 | AP66: 24.049462
A67: 26135100 | B67: BOHEMIA LA [26135100] | C67: Risaralda | D67: Pereira | E67: Area Operativa 09 - Cauca-Valle-Caldas | F67: TSSM_MEDIA_D | G67: 4.878027778 | H67: -75.87755556 | I67: 995 | J67: 24.066667 | K67: 22.733333 | L67: 24.8 | M67: 22.8 | N67: 22.8 | O67: 23.2 | P67: 24.266667 | Q67: 23.466667 | R67: 23.2 | S67: 23.2 | T67: 22.133333 | U67: 21.933333 | V67: 23.533333 | W67: 23.866667 | X67: 21.733333 | Y67: 24.933333 | Z67: 25.466667 | AA67: 26.4 | AB67: 24.4 | AC67: 26.266667 | AD67: 25.933333 | AE67: 22.533333 | AF67: 24.466667 | AG67: 26.6 | AH67: 24.266667 | AI67: 23.533333 | AJ67: 25.866667 | AK67: 23.933333 | AL67: 22.933333 | AM67: 24.733333 | AN67: 23.6 | AP67: 23.987097
A68: 21205700 | B68: GUASCA [21205700] | C68: Cundinamarca | D68: Guasca | E68: Area Operativa 11 - Cundinamarca-Amazonas | F68: TSSM_MEDIA_D | G68: 4.877953 | H68: -73.864453 | I68: 2750 | J68: 11.95 | K68: 13 | L68: 12.7 | M68: 14 | N68: 12.85 | O68: 13.1 | P68: 12.65 | Q68: 12.9 | R68: 13.45 | S68: 13.65 | T68: 12.975 | U68: 13.4 | V68: 13.3 | W68: 12.4 | X68: 12.8 | Y68: 12.7 | Z68: 13.75 | AA68: 13.15 | AB68: 11.9 | AC68: 14.8 | AD68: 13.85 | AE68: 14.65 | AH68: 13.3 | AI68: 14.25 | AJ68: 13.45 | AK68: 12.9 | AL68: 12.9 | AM68: 14.85 | AN68: 13.7 | AP68: 13.285345
A69: 21115100 | B69: PALACIO-VEGALARGA [21115100] | C69: Huila | D69: Neiva | E69: Area Operativa 04 - Huila-Caquetá | F69: TSSM_MEDIA_D | G69: 2.942638889 | H69: -75.06638889 | I69: 1100 | J69: 24.733333 | K69: 23.266667 | L69: 23.6 | M69: 23.333333 | N69: 23 | O69: 20.733333 | P69: 22.133333 | Q69: 22.133333 | R69: 22.4 | S69: 22.666667 | T69: 22.333333 | U69: 21.133333 | V69: 21.4 | W69: 22.466667 | X69: 23.733333 | Y69: 22.533333 | Z69: 23 | AA69: 23.666667 | AB69: 24.466667 | AC69: 24 | AD69: 21.933333 | AE69: 22.066667 | AF69: 22.8 | AG69: 20.8 | AH69: 22 | AI69: 22.266667 | AJ69: 22.2 | AK69: 22.266667 | AL69: 21.066667 | AM69: 22.533333 | AN69: 21.333333 | AP69: 22.516129
A70: 21215080 | B70: CHICORAL [21215080] | C70: Tolima | D70: Espinal | E70: Area Operativa 10 - Tolima | F70: TSSM_MEDIA_D | G70: 4.231527778 | H70: -74.99536111 | I70: 432 | J70: 28.533333 | K70: 27.533333 | L70: 28.066667 | M70: 23.733333 | N70: 26.6 | O70: 23.8 | P70: 26.266667 | Q70: 26.866667 | R70: 24.933333 | S70: 26.2 | T70: 25.933333 | U70: 24.066667 | V70: 25.4 | W70: 26.533333 | X70: 25.6 | Y70: 25.6 | Z70: 26.733333 | AA70: 27.4 | AB70: 26.6 | AC70: 28.266667 | AD70: 28.266667 | AE70: 25.333333 | AF70: 28.066667 | AG70: 27.4 | AH70: 27.6 | AI70: 27.8 | AJ70: 26.066667 | AK70: 26.866667 | AL70: 27 | AM70: 26.466667 | AN70: 24.8 | AP70: 26.462366
A71: 24035340 | B71: AEROPUERTO A LLERAS C AUT [24035340] | C71: Boyacá | D71: Sogamoso | E71: Area Operativa 06 - Boyacá-Casanare-Vichada | F71: TSSM_MEDIA_D | G71: 5.676944444 | H71: -72.96791667 | I71: 2500 | AM71: 15.966667 | AP71: 15.966667
A72: 21145040 | B72: SAN ALFONSO [21145040] | C72: Huila | D72: Villavieja | E72: Area Operativa 04 - Huila-Caquetá | F72: TSSM_MEDIA_D | G72: 3.373361111 | H72: -75.11011111 | I72: 440 | J72: 32.666667 | K72: 31.733333 | L72: 32.733333 | M72: 30.066667 | N72: 31.6 | O72: 26.2 | P72: 26.666667 | Q72: 28.2 | R72: 29.133333 | S72: 29.466667 | T72: 30 | U72: 28.266667 | V72: 28.733333 | W72: 30.466667 | X72: 30.4 | Y72: 30.133333 | Z72: 29 | AA72: 32.266667 | AB72: 30.4 | AC72: 32.666667 | AD72: 30.733333 | AE72: 28.066667 | AF72: 28.8 | AG72: 27.6 | AH72: 28.8 | AI72: 29.8 | AJ72: 27.533333 | AK72: 27.866667 | AL72: 28.2 | AM72: 27.266667 | AN72: 27.6 | AP72: 29.453763
A73: 32075050 | B73: MESETAS [32075050] | C73: Meta | D73: Mesetas | E73: Area Operativa 03 - Meta-Guaviare-Guainía | F73: TSSM_MEDIA_D | G73: 3.38008 | H73: -74.043 | I73: 556 | J73: 26.4 | K73: 25.25 | L73: 24.9 | M73: 26.3 | N73: 27.3 | O73: 23.4 | P73: 25.25 | Q73: 25.75 | R73: 26.15 | S73: 26.75 | T73: 27 | U73: 25.7 | V73: 25.45 | W73: 25.8 | X73: 25.1 | Y73: 25.15 | Z73: 25.25 | AA73: 25.3 | AB73: 26.25 | AC73: 27.4 | AD73: 26.6 | AE73: 25.4 | AF73: 26.2 | AG73: 26.6 | AH73: 26.8 | AI73: 26.05 | AJ73: 25.8 | AK73: 26.3 | AL73: 25.9 | AM73: 26.05 | AN73: 24.8 | AP73: 25.882258
A74: 33055010 | B74: CUMARIBO [33055010] | C74: Vichada | D74: Cumaribo | E74: Area Operativa 03 - Meta-Guaviare-Guainía | F74: TSSM_MEDIA_D | G74: 4.494806 | H74: -69.812306 | I74: 158 | W74: 26.65 | X74: 25.25 | Y74: 26.3 | Z74: 27.1 | AA74: 25.55 | AB74: 27.3 | AC74: 27.75 | AD74: 26.9 | AE74: 26.5 | AG74: 28.75 | AH74: 27.2 | AI74: 25.75 | AJ74: 26.9 | AK74: 26.9 | AL74: 26.65 | AM74: 24.85 | AN74: 26.25 | AP74: 26.620588
A75: 35085050 | B75: CAMPOHERMOSO [35085050] | C75: Boyacá | D75: Campohermoso | E75: Area Operativa 06 - Boyacá-Casanare-Vichada | F75: TSSM_MEDIA_D | G75: 5.0345 | H75: -73.10366667 | I75: 1300 | K75: 21.666667 | L75: 21.2 | N75: 22.333333 | W75: 21.133333 | X75: 21.733333 | AA75: 22.733333 | AB75: 22.4 | AC75: 22.4 | AD75: 22.866667 | AE75: 21.8 | AF75: 24.2 | AG75: 24 | AJ75: 22.533333 | AK75: 22.2 | AM75: 22.933333 | AN75: 22.333333 | AP75: 22.404167
A76: 21205740 | B76: SILOS [21205740] | C76: Cundinamarca | D76: Chocontá | E76: Area Operativa 11 - Cundinamarca-Amazonas | F76: TSSM_MEDIA_D | G76: 5.117722222 | H76: -73.70141667 | I76: 2709 | J76: 12.4 | K76: 13.266667 | L76: 12 | M76: 12.266667 | N76: 13.333333 | O76: 11.866667 | P76: 12.333333 | Q76: 12.066667 | R76: 12.466667 | S76: 12.933333 | T76: 13.333333 | U76: 12.266667 | V76: 13.133333 | W76: 12.733333 | Z76: 14.933333 | AA76: 14.266667 | AB76: 11.866667 | AC76: 12.6 | AD76: 12.8 | AE76: 13.2 | AF76: 13.2 | AG76: 11.866667 | AH76: 12.533333 | AI76: 13.133333 | AJ76: 13.6 | AK76: 13.866667 | AL76: 12.866667 | AM76: 13.066667 | AN76: 14.066667 | AP76: 12.905747
A77: 21245010 | B77: PERALES HATO OPIA [21245010] | C77: Tolima | D77: Ibagué | E77: Area Operativa 10 - Tolima | F77: TSSM_MEDIA_D | G77: 4.429666667 | H77: -75.20052222 | I77: 826 | K77: 25.533333 | L77: 26.666667 | N77: 24.333333 | O77: 22.866667 | P77: 23.666667 | Q77: 25.266667 | R77: 25.066667 | T77: 23.933333 | U77: 22.133333 | V77: 23.6 | W77: 24.2 | X77: 23.6 | Y77: 24.266667 | Z77: 26 | AA77: 26.4 | AB77: 25.933333 | AC77: 26.2 | AD77: 26.2 | AE77: 23.866667 | AF77: 25.533333 | AG77: 24.6 | AH77: 24.733333 | AI77: 25.933333 | AJ77: 25.266667 | AK77: 25 | AL77: 24.733333 | AM77: 25.8 | AN77: 23.866667 | AP77: 24.828571
A78: 35085040 | B78: VIVERO EL [35085040] | C78: Boyacá | D78: Miraflores | E78: Area Operativa 06 - Boyacá-Casanare-Vichada | F78: TSSM_MEDIA_D | G78: 5.192555556 | H78: -73.14477778 | I78: 1640 | J78: 19.833333 | K78: 19.633333 | L78: 19.766667 | M78: 19.1 | N78: 19.566667 | O78: 18.333333 | Q78: 18.233333 | R78: 18.866667 | S78: 18.266667 | T78: 17.5 | U78: 18.433333 | V78: 19.233333 | W78: 17.566667 | X78: 18.566667 | Y78: 19.533333 | Z78: 20.833333 | AA78: 19.266667 | AB78: 19.866667 | AC78: 20.266667 | AD78: 20.666667 | AF78: 20.433333 | AG78: 21.133333 | AH78: 20.5 | AI78: 20.733333 | AJ78: 19.133333 | AK78: 19.733333 | AL78: 18.3 | AM78: 19.233333 | AN78: 18.5 | AP78: 19.345977
A79: 21255090 | B79: ARMERO GRANJA [21255090] | C79: Tolima | D79: Armero (Guayabal) | E79: Area Operativa 10 - Tolima | F79: TSSM_MEDIA_D | G79: 5 | H79: -74.899991667 | I79: 321 | J79: 30.133333 | K79: 26.266667 | L79: 29.133333 | M79: 26.866667 | N79: 28.266667 | O79: 26.4 | P79: 27.733333 | Q79: 27.666667 | R79: 28.133333 | S79: 27.533333 | T79: 27.066667 | U79: 25.466667 | V79: 27.933333 | W79: 27.733333 | X79: 26.266667 | Y79: 27.533333 | AB79: 27.8 | AC79: 29.6 | AD79: 29.066667 | AE79: 28.733333 | AF79: 29.2 | AG79: 28 | AH79: 28.6 | AI79: 29.333333 | AJ79: 27.266667 | AK79: 27.666667 | AL79: 28.466667 | AM79: 27.266667 | AN79: 27.4 | AP79: 27.88046
A80: 21255120 | B80: VILLAHERMOSA [21255120] | C80: Tolima | D80: Villahermosa | E80: Area Operativa 10 - Tolima | F80: TSSM_MEDIA_D | G80: 5.026761944 | H80: -75.117336111 | I80: 2069 | J80: 17.25 | K80: 17 | L80: 16.7 | M80: 17.2 | N80: 15.9 | O80: 15.45 | P80: 16.2 | Q80: 15.85 | R80: 17.05 | S80: 16.85 | T80: 16.05 | U80: 15.5 | V80: 16.05 | W80: 17.45 | X80: 16.1 | Y80: 16.9 | Z80: 18.55 | AA80: 18.4 | AB80: 17.65 | AC80: 18.35 | AD80: 17.55 | AE80: 17 | AF80: 16.85 | AG80: 16.35 | AH80: 17.05 | AI80: 16.7 | AJ80: 16.6 | AK80: 17.2 | AL80: 16.9 | AM80: 16.75 | AN80: 16.9 | AP80: 16.848387
A81: 35075020 | B81: SUTATENZA [35075020] | C81: Boyacá | D81: Sutatenza | E81: Area Operativa 06 - Boyacá-Casanare-Vichada | F81: TSSM_MEDIA_D | G81: 5.022277778 | H81: -73.44916667 | I81: 1930 | J81: 18 | K81: 18.2 | L81: 17.2 | M81: 18.8 | N81: 18.933333 | O81: 17.533333 | P81: 17.266667 | Q81: 18.6 | R81: 18.933333 | S81: 17.4 | T81: 17.8 | U81: 17.933333 | V81: 17.466667 | W81: 16.866667 | X81: 17.066667 | Y81: 18.533333 | Z81: 20 | AA81: 19.133333 | AB81: 19.133333 | AC81: 19.133333 | AD81: 19.4 | AE81: 19.4 | AF81: 18.8 | AG81: 18.333333 | AH81: 18.466667 | AI81: 18.933333 | AJ81: 19.333333 | AK81: 19.066667 | AL81: 18.266667 | AM81: 17.8 | AN81: 18.466667 | AP81: 18.393548
A82: 26155170 | B82: TESORITO FINCA - AUT [26155170] | C82: Caldas | D82: Manizales | E82: Area Operativa 09 - Cauca-Valle-Caldas | F82: TSSM_MEDIA_D | G82: 5.032222222 | H82: -75.43833333 | I82: 2325 | N82: 14.2 | O82: 14.05 | P82: 13.9 | Q82: 14.8 | R82: 13.3 | S82: 14.25 | T82: 13.6 | W82: 15.05 | X82: 14.15 | Y82: 15.05 | Z82: 16.2 | AA82: 16 | AB82: 15.25 | AC82: 16.05 | AD82: 14.55 | AE82: 15.4 | AI82: 14.05 | AL82: 14.75 | AP82: 14.7
A83: 52015010 | B83: PAISPAMBA [52015010] | C83: Cauca | D83: Sotará (Paispamba) | E83: Area Operativa 07 - Nariño-Putumayo | F83: TSSM_MEDIA_D | G83: 2.249722222 | H83: -76.61194444 | I83: 2450 | J83: 15.733333 | K83: 13.766667 | L83: 15 | M83: 13.766667 | N83: 13.366667 | O83: 13.433333 | P83: 14.366667 | Q83: 14.066667 | R83: 13.866667 | AP83: 14.151852
A84: 21135030 | B84: ANCHIQUE [21135030] | C84: Tolima | D84: Natagaima | E84: Area Operativa 04 - Huila-Caquetá | F84: TSSM_MEDIA_D | G84: 3.573833333 | H84: -75.109 | I84: 415 | U84: 24.6 | V84: 26.25 | W84: 27.35 | X84: 26.5 | Y84: 28.45 | Z84: 30 | AA84: 30.95 | AB84: 28.85 | AC84: 29.15 | AD84: 29.6 | AE84: 26.1 | AF84: 28.25 | AG84: 27.9 | AH84: 26.8 | AI84: 27.95 | AJ84: 27.3 | AK84: 27.5 | AL84: 27.15 | AM84: 28.05 | AN84: 26 | AP84: 27.735
A85: 21235010 | B85: JERUSALEN [21235010] | C85: Cundinamarca | D85: Jerusalén | E85: Area Operativa 10 - Tolima | F85: TSSM_MEDIA_D | G85: 4.561805556 | H85: -74.70238889 | I85: 297 | J85: 34.8 | K85: 29.666667 | L85: 30.6 | M85: 27.666667 | N85: 28.2 | O85: 28.4 | P85: 27.133333 | Q85: 28.4 | R85: 27.466667 | S85: 28.933333 | T85: 28.666667 | V85: 29.866667 | W85: 27.866667 | X85: 29.8 | Y85: 30.533333 | Z85: 31.066667 | AA85: 28.4 | AB85: 36.466667 | AC85: 32.666667 | AD85: 32.866667 | AE85: 31.1 | AF85: 31 | AG85: 31.466667 | AH85: 30.6 | AI85: 29.2 | AJ85: 28.666667 | AK85: 28.6 | AL85: 29.733333 | AM85: 30.266667 | AP85: 30.003448
A86: 21205660 | B86: MERCEDES [21205660] | C86: Cundinamarca | D86: Anapoima | E86: Area Operativa 11 - Cundinamarca-Amazonas | F86: TSSM_MEDIA_D | G86: 4.5791 | H86: -74.52318 | I86: 765 | J86: 26.45 | K86: 25.45 | L86: 25.65 | M86: 24 | N86: 25.1 | O86: 22.65 | P86: 24.9 | Q86: 25.25 | R86: 24.55 | S86: 23.25 | T86: 24 | V86: 24.65 | W86: 24.9 | X86: 23.7 | Y86: 24 | Z86: 25.8 | AA86: 27 | AB86: 25.75 | AC86: 26.85 | AD86: 26.25 | AE86: 24.75 | AF86: 24.7 | AG86: 24.4 | AH86: 24.95 | AI86: 25.05 | AJ86: 23.25 | AK86: 24.75 | AL86: 22.2 | AN86: 23.45 | AP86: 24.746552
A87: 26175040 | B87: HACIENDA TUNEZ [26175040] | C87: Antioquia | D87: Fredonia | E87: Area Operativa 01 - Antioquia-Chocó | F87: TSSM_MEDIA_D | G87: 5.80025 | H87: -75.65097222 | I87: 604 | J87: 26.65 | K87: 23.95 | L87: 26.7 | M87: 26.65 | N87: 24.75 | O87: 25.4 | P87: 26.75 | Q87: 24.55 | R87: 25.7 | S87: 25.6 | T87: 24.25 | U87: 24.85 | V87: 25.35 | W87: 25.5 | X87: 24.05 | Y87: 24.95 | Z87: 27.05 | AA87: 27.2 | AB87: 26.9 | AC87: 27.25 | AD87: 26.9 | AE87: 26.45 | AF87: 26.9 | AG87: 26.5 | AH87: 24.85 | AI87: 24.8 | AJ87: 25.95 | AK87: 25.75 | AL87: 26 | AM87: 25.85 | AN87: 25.75 | AP87: 25.798387
A88: 24035120 | B88: SURBATA BONZA [24035120] | C88: Boyacá | D88: Duitama | E88: Area Operativa 06 - Boyacá-Casanare-Vichada | F88: TSSM_MEDIA_D | G88: 5.802444444 | H88: -73.07447222 | I88: 2485 | J88: 15.533333 | K88: 15.933333 | L88: 14.466667 | M88: 15.7 | N88: 16.733333 | O88: 14.466667 | P88: 14.933333 | Q88: 15.6 | R88: 14.6 | V88: 15.333333 | W88: 16.666667 | X88: 15 | Y88: 16.2 | Z88: 14.6 | AA88: 16.333333 | AB88: 15.266667 | AC88: 17.533333 | AD88: 17.666667 | AE88: 16.733333 | AF88: 15.933333 | AG88: 16.466667 | AH88: 17.666667 | AI88: 16.8 | AJ88: 15.466667 | AK88: 16 | AL88: 15.933333 | AM88: 16.533333 | AN88: 15.6 | AP88: 15.917857
A89: 21145080 | B89: SANTA ANA - AUT [21145080] | C89: Huila | D89: Colombia | E89: Area Operativa 04 - Huila-Caquetá | F89: TSSM_MEDIA_D | G89: 3.589777778 | H89: -74.70294444 | I89: 1410 | J89: 21.866667 | K89: 18.933333 | L89: 22.333333 | M89: 21.8 | N89: 21.066667 | O89: 19.8 | P89: 20.266667 | Q89: 20.133333 | R89: 20.733333 | S89: 21.8 | T89: 20.866667 | U89: 19.733333 | V89: 20.066667 | W89: 20.2 | X89: 20.466667 | Y89: 20.2 | Z89: 21.866667 | AA89: 21.4 | AB89: 22.6 | AC89: 23 | AD89: 21.2 | AE89: 21.333333 | AF89: 21.2 | AG89: 20 | AH89: 21.466667 | AI89: 20.933333 | AJ89: 19.6 | AK89: 20.8 | AL89: 20.533333 | AM89: 21.666667 | AN89: 19.266667 | AP89: 20.875269
A90: 21205720 | B90: GRANJA SAN JORGE [21205720] | C90: Cundinamarca | D90: Soacha | E90: Area Operativa 11 - Cundinamarca-Amazonas | F90: TSSM_MEDIA_D | G90: 4.50575 | H90: -74.18927778 | I90: 2900 | K90: 13.933333 | L90: 12.533333 | M90: 12.666667 | N90: 13 | O90: 11.6 | P90: 12.866667 | Q90: 14.333333 | R90: 14.6 | S90: 14.4 | V90: 14.133333 | W90: 13.133333 | X90: 13.8 | Y90: 13 | Z90: 14.133333 | AA90: 14.8 | AB90: 13.533333 | AC90: 12.4 | AD90: 12.8 | AE90: 12.266667 | AF90: 12.866667 | AG90: 13.8 | AH90: 14.6 | AI90: 12.333333 | AJ90: 11.8 | AK90: 12.933333 | AL90: 12.866667 | AM90: 13.466667 | AN90: 14.133333 | AP90: 13.311905
A91: 35195030 | B91: AGUAZUL [35195030] | C91: Casanare | D91: Aguazul | E91: Area Operativa 06 - Boyacá-Casanare-Vichada | F91: TSSM_MEDIA_D | G91: 5.177083333 | H91: -72.54738889 | I91: 380 | J91: 29.7 | K91: 28.6 | L91: 26.95 | M91: 26.1 | N91: 28.1 | O91: 27.75 | P91: 25.4 | Q91: 28.05 | R91: 28.05 | S91: 28.05 | T91: 25.65 | U91: 27.9 | V91: 26.7 | W91: 27.3 | X91: 26.65 | Y91: 28.4 | Z91: 29.15 | AA91: 29.7 | AB91: 29.2 | AC91: 29.25 | AD91: 29.2 | AE91: 28.25 | AF91: 30 | AG91: 30.2 | AH91: 29.65 | AI91: 28.4 | AJ91: 28.4 | AK91: 28.9 | AL91: 29 | AM91: 27.25 | AN91: 27.7 | AP91: 28.180645
A92: 21025030 | B92: ALTAMIRA EL GRIFO AUT [21025030] | C92: Huila | D92: Altamira | E92: Area Operativa 04 - Huila-Caquetá | F92: TSSM_MEDIA_D | G92: 2.079166667 | H92: -75.73622222 | I92: 1368 | J92: 22.9 | K92: 22.1 | L92: 23 | M92: 23.85 | N92: 23.3 | O92: 21.05 | P92: 21.6 | Q92: 22 | R92: 21.2 | Z92: 20.4 | AA92: 20.45 | AB92: 24.05 | AC92: 23.45 | AD92: 20.75 | AE92: 21.6 | AF92: 19.8 | AG92: 21.2 | AH92: 21.85 | AI92: 21.65 | AJ92: 20.85 | AK92: 21.75 | AL92: 19.3 | AM92: 20.85 | AN92: 21.15 | AP92: 21.670833
A93: 32035010 | B93: LA MACARENA [32035010] | C93: Meta | D93: La Macarena | E93: Area Operativa 03 - Meta-Guaviare-Guainía | F93: TSSM_MEDIA_D | G93: 2.176139 | H93: -73.793472 | I93: 227 | J93: 28.2 | K93: 24.066667 | L93: 27.4 | M93: 28.266667 | N93: 28.033333 | O93: 25 | P93: 26.866667 | Q93: 27.533333 | R93: 27.2 | S93: 27.266667 | T93: 26.8 | U93: 26.666667 | V93: 25.733333 | W93: 26.933333 | X93: 25.333333 | Y93: 27.266667 | Z93: 26.933333 | AA93: 26.6 | AB93: 27.733333 | AC93: 27.866667 | AD93: 28.866667 | AE93: 28.6 | AF93: 27.466667 | AG93: 28.933333 | AH93: 27.866667 | AI93: 28.333333 | AJ93: 28.6 | AK93: 27.2 | AL93: 27.8 | AM93: 26.466667 | AN93: 27.2 | AP93: 27.25914
A94: 47015080 | B94: MONOPAMBA [47015080] | C94: Nariño | D94: Puerres | E94: Area Operativa 07 - Nariño-Putumayo | F94: TSSM_MEDIA_D | G94: 0.804916667 | H94: -77.30361111 | I94: 1776 | K94: 18 | L94: 18.333333 | M94: 19.6 | N94: 19.2 | O94: 17.733333 | P94: 18.733333 | Q94: 17.466667 | R94: 16.266667 | S94: 16.933333 | T94: 16.533333 | U94: 17 | V94: 17.533333 | W94: 16.2 | X94: 17.133333 | Y94: 17.466667 | Z94: 16.066667 | AA94: 16.666667 | AB94: 19.333333 | AC94: 17.933333 | AD94: 18.066667 | AE94: 18.266667 | AF94: 17.4 | AG94: 17.066667 | AH94: 18.266667 | AI94: 18.933333 | AJ94: 18.2 | AK94: 18.266667 | AL94: 16.733333 | AM94: 16.466667 | AN94: 17.666667 | AP94: 17.648889
A95: 25025160 | B95: CUBA HACIENDA [25025160] | C95: Cordoba | D95: Montelíbano | E95: Area Operativa 02 - Atlántico-Bolivar-Sucre | F95: TSSM_MEDIA_D | G95: 8.003888889 | H95: -75.40277778 | I95: 50 | J95: 27.725 | K95: 27.2 | L95: 28.05 | M95: 27.75 | N95: 26.9 | O95: 28 | P95: 28.35 | Q95: 28.2 | R95: 28.15 | S95: 28.05 | T95: 28.3 | U95: 27.5 | V95: 27.8 | W95: 28.1 | X95: 27.05 | Y95: 27.8 | Z95: 28.3 | AA95: 28.1 | AB95: 28.35 | AC95: 27.65 | AD95: 27.85 | AE95: 27.825 | AF95: 28.45 | AG95: 28.375 | AH95: 28.4 | AI95: 28.6 | AJ95: 28.25 | AK95: 28.4 | AL95: 27.75 | AM95: 27.55 | AP95: 27.959167
A96: 13015040 | B96: REPRESA URRA [13015040] | C96: Cordoba | D96: Tierralta | E96: Area Operativa 02 - Atlántico-Bolivar-Sucre | F96: TSSM_MEDIA_D | G96: 8.014166667 | H96: -76.20305556 | I96: 300 | J96: 28.3 | K96: 26.45 | L96: 26.8 | M96: 26.25 | N96: 25 | O96: 24.875 | P96: 27.175 | Q96: 28 | R96: 26.15 | S96: 25.8 | T96: 26.1 | U96: 25.2 | V96: 25.55 | W96: 25.95 | X96: 26.15 | Y96: 26.4 | Z96: 27.9 | AA96: 27.85 | AB96: 27.375 | AC96: 27.4 | AD96: 27.35 | AE96: 26.9 | AF96: 26.725 | AG96: 27.15 | AH96: 27.15 | AI96: 26.425 | AJ96: 26.95 | AK96: 27.9 | AL96: 26.2 | AM96: 26 | AN96: 27.1 | AP96: 26.662097
A97: 13085010 | B97: DOCTRINA LA [13085010] | C97: Cordoba | D97: Lorica | E97: Area Operativa 02 - Atlántico-Bolivar-Sucre | F97: TSSM_MEDIA_D | G97: 9.297222222 | H97: -75.89277778 | I97: 20 | J97: 28.75 | K97: 29.15 | L97: 28.55 | M97: 27.95 | N97: 27.4 | O97: 27.95 | P97: 28.05 | Q97: 27.8 | R97: 28.15 | S97: 28.3 | T97: 27.9 | U97: 28.15 | V97: 27.95 | W97: 28 | X97: 27.9 | Y97: 27.8 | Z97: 28.05 | AA97: 28 | AB97: 28.3 | AC97: 28.1 | AD97: 28.15 | AE97: 27.95 | AF97: 27.6 | AG97: 28 | AH97: 27.65 | AI97: 28.05 | AJ97: 28.35 | AK97: 28.3 | AL97: 28.35 | AM97: 28.55 | AP97: 28.105
A98: 25025270 | B98: UNISUCRE AUT [25025270] | C98: Sucre | D98: Sampués | E98: Area Operativa 02 - Atlántico-Bolivar-Sucre | F98: TSSM_MEDIA_D | G98: 9.316388889 | H98: -75.3875 | I98: 160 | J98: 28.6 | K98: 26.7 | L98: 25.85 | M98: 26.25 | N98: 25.25 | O98: 26.6 | P98: 27.15 | Q98: 27.9 | R98: 27.45 | S98: 27.75 | T98: 27.6 | U98: 26.05 | V98: 25.05 | W98: 26.5 | X98: 26.75 | Y98: 27.1 | Z98: 28.1 | AA98: 29.35 | AB98: 27.9 | AC98: 28.1 | AD98: 28 | AE98: 27.9 | AF98: 27.5 | AG98: 27.35 | AH98: 27.8 | AI98: 27.4 | AJ98: 27.5 | AK98: 27.25 | AL98: 27.05 | AM98: 26.75 | AN98: 26.9 | AP98: 27.206452
A99: 25025080 | B99: AEROPUERTO RAFAEL BARVO [25025080] | C99: Sucre | D99: Corozal | E99: Area Operativa 02 - Atlántico-Bolivar-Sucre | F99: TSSM_MEDIA_D | G99: 9.333888889 | H99: -75.28305556 | I99: 166 | J99: 28.1 | K99: 26.95 | L99: 26.8 | M99: 26.5 | N99: 25.55 | O99: 26.95 | P99: 27.35 | Q99: 28.05 | R99: 27.75 | S99: 27.9 | T99: 28.05 | U99: 26.85 | V99: 25.85 | W99: 26.9 | X99: 27.4 | Y99: 27.15 | Z99: 27.85 | AA99: 28.55 | AB99: 28.4 | AC99: 27.85 | AD99: 28.1 | AE99: 27.7 | AF99: 27.4 | AG99: 26.65 | AH99: 27.65 | AI99: 27.5 | AJ99: 27.25 | AK99: 27.2 | AL99: 26.8 | AM99: 26.75 | AN99: 27.6 | AP99: 27.333871
A100: 15075030 | B100: MANAURE [15075030] | C100: La Guajira | D100: Manaure | E100: Area Operativa 05 - Magdalena-Cesar-Guajira-San Andrés | F100: TSSM_MEDIA_D | G100: 11.78105556 | H100: -72.4635 | I100: 1 | J100: 30.35 | K100: 28.5 | L100: 29.65 | M100: 28.6 | N100: 28.15 | O100: 28.05 | P100: 28.1 | Q100: 29.3 | R100: 30.35 | U100: 29.45 | V100: 29.1 | W100: 28.95 | X100: 28.95 | Y100: 30.7 | Z100: 30.2 | AA100: 30.2 | AB100: 29.4 | AC100: 29.05 | AG100: 28.6 | AH100: 28.8 | AI100: 29.05 | AJ100: 28.4 | AK100: 29 | AL100: 28 | AM100: 27.6 | AN100: 28.45 | AP100: 29.036538
...

Sheet Climatologia_TMED
A1: INFORMACIÓN GENERAL ESTACIONES | J1: NORMAL CLIMATOLÓGICA ESTÁNDAR DE LA TEMPERATURA MEDIA PARA EL PERIODO 1991-2020 (°C) | W1: Cumplen la directriz No 1203 del 2017 de la OMM | AA1: Mes | AB1: Nombre | AC1: Días
A2: CÓDIGO | B2: CATEGORÍA | C2: NOMBRE | D2: MUNICIPIO | E2: DEPARTAMENTO | F2: AO | G2: ELEVACIÓN (m) | H2: LONGITUD | I2: LATITUD | J2: ENE | K2: FEB | L2: MAR | M2: ABR | N2: MAY | O2: JUN | P2: JUL | Q2: AGO | R2: SEP | S2: OCT | T2: NOV | U2: DIC | V2: ANUAL | W2: Número de meses | X2: % de cumplimiento | AA2: 1 | AB2: ENERO | AC2: 31
A3: 48015050 | B3: SP | C3: Aeropuerto Vásquez Cobo | D3: Leticia | E3: Amazonas | F3: 11 | G3: 84 | H3: -69.940917 | I3: -4.1938611 | J3: 26.085174 | K3: 26.108177 | L3: 26.156511 | M3: 26.124859 | N3: 25.909813 | O3: 25.39885 | P3: 25.368949 | Q3: 25.960297 | R3: 26.375668 | S3: 26.594524 | T3: 26.520375 | U3: 26.220827 | V3: 26.068669 | W3: 313 | X3: 0.86944444 | AA3: 2 | AB3: FEBRERO | AC3: 28
A4: 23085030 | B4: CO | C4: Alejandría | D4: Alejandría | E4: Antioquia | F4: 1 | G4: 1712 | H4: -75.143389 | I4: 6.37625 | J4: 19.439403 | K4: 19.463612 | L4: 19.559946 | M4: 19.638992 | N4: 19.820966 | O4: 19.797733 | P4: 19.787198 | Q4: 19.861807 | R4: 19.739292 | S4: 19.457461 | T4: 19.441878 | U4: 19.409182 | V4: 19.618123 | W4: 352 | X4: 0.97777778 | AA4: 3 | AB4: MARZO | AC4: 31
A5: 26195020 | B5: PM | C5: Ita Andes | D5: Andes | E5: Antioquia | F5: 1 | G5: 1180 | H5: -75.880222 | I5: 5.691 | J5: 22.166784 | K5: 22.662346 | L5: 22.569536 | M5: 22.22114 | N5: 22.027244 | O5: 21.899252 | P5: 21.873026 | Q5: 21.923675 | R5: 21.739445 | S5: 21.604313 | T5: 21.61131 | U5: 21.723519 | V5: 22.001799 | W5: 306 | X5: 0.85 | AA5: 4 | AB5: ABRIL | AC5: 30
A6: 27025030 | B6: CO | C6: Anorí | D6: Anorí | E6: Antioquia | F6: 1 | G6: 1601 | H6: -75.150528 | I6: 7.0719167 | J6: 18.696273 | K6: 18.801756 | L6: 18.995495 | M6: 19.313351 | N6: 19.641322 | O6: 19.89447 | P6: 19.968575 | Q6: 20.010286 | R6: 19.561235 | S6: 19.13126 | T6: 18.837092 | U6: 18.749848 | V6: 19.30008 | W6: 312 | X6: 0.86666667 | AA6: 5 | AB6: MAYO | AC6: 31
A7: 12015020 | B7: AM | C7: Uniban | D7: Apartadó | E7: Antioquia | F7: 1 | G7: 43 | H7: -76.651333 | I7: 7.8259167 | J7: 26.650864 | K7: 26.862929 | L7: 27.038561 | M7: 27.071348 | N7: 26.984341 | O7: 26.879616 | P7: 26.827472 | Q7: 26.885476 | R7: 26.682698 | S7: 26.480026 | T7: 26.39194 | U7: 26.466597 | V7: 26.768489 | W7: 342 | X7: 0.95 | AA7: 6 | AB7: JUNIO | AC7: 30
A8: 12045010 | B8: CP | C8: Arboletes | D8: Arboletes | E8: Antioquia | F8: 2 | G8: 4 | H8: -76.431944 | I8: 8.8469444 | J8: 27.536242 | K8: 27.83698 | L8: 27.883739 | M8: 28.057423 | N8: 27.623098 | O8: 27.793961 | P8: 27.752686 | Q8: 27.517115 | R8: 27.293075 | S8: 27.174029 | T8: 27.207002 | U8: 27.566788 | V8: 27.603511 | W8: 111 | X8: 0.925 | AA8: 7 | AB8: JULIO | AC8: 31
A9: 27015090 | B9: CO | C9: Tulio Ospina | D9: Bello | E9: Antioquia | F9: 1 | G9: 1453 | H9: -75.55325 | I9: 6.3196944 | J9: 22.091988 | K9: 22.669161 | L9: 22.471452 | M9: 22.361298 | N9: 22.390786 | O9: 22.652805 | P9: 22.851791 | Q9: 22.984159 | R9: 22.425573 | S9: 21.706254 | T9: 21.524249 | U9: 21.863012 | V9: 22.332711 | W9: 326 | X9: 0.90555556 | AA9: 8 | AB9: AGOSTO | AC9: 31
A10: 26225040 | B10: CO | C10: Hacienda Piunti | D10: Buriticá | E10: Antioquia | F10: 1 | G10: 1650 | H10: -75.912972 | I10: 6.7295 | J10: 21.366581 | K10: 21.60111 | L10: 21.595055 | M10: 21.217564 | N10: 20.926444 | O10: 20.879438 | P10: 20.986371 | Q10: 21.017987 | R10: 20.846107 | S10: 20.538089 | T10: 20.606095 | U10: 20.784936 | V10: 21.030481 | W10: 227 | X10: 0.94583333 | AA10: 9 | AB10: SEPTIEMBRE | AC10: 30
A11: 27015260 | B11: AM | C11: La Salada | D11: Caldas | E11: Antioquia | F11: 1 | G11: 1923 | H11: -75.624667 | I11: 6.0483611 | J11: 18.152745 | K11: 18.420099 | L11: 18.44749 | M11: 18.191389 | N11: 18.202649 | O11: 18.426217 | P11: 18.492109 | Q11: 18.507205 | R11: 18.027767 | S11: 17.809526 | T11: 17.572124 | U11: 17.928154 | V11: 18.181456 | W11: 298 | X11: 0.82777778 | AA11: 10 | AB11: OCTUBRE | AC11: 31
A12: 11115020 | B12: CO | C12: Cañasgordas - Aut | D12: Cañasgordas | E12: Antioquia | F12: 1 | G12: 1294 | H12: -76.029667 | I12: 6.7580278 | J12: 21.581866 | K12: 21.598939 | L12: 21.686227 | M12: 21.518054 | N12: 21.385314 | O12: 21.559922 | P12: 21.597024 | Q12: 21.696395 | R12: 21.455748 | S12: 21.019762 | T12: 21.078845 | U12: 21.350034 | V12: 21.460677 | W12: 337 | X12: 0.93611111 | AA12: 11 | AB12: NOVIEMBRE | AC12: 30
A13: 12015070 | B13: SP | C13: Aeropuerto Los Cedros | D13: Carepa | E13: Antioquia | F13: 1 | G13: 41 | H13: -76.717889 | I13: 7.8163889 | J13: 27.282793 | K13: 27.339785 | L13: 27.403673 | M13: 27.578406 | N13: 27.582963 | O13: 27.688536 | P13: 27.637653 | Q13: 27.745849 | R13: 27.412401 | S13: 27.208269 | T13: 27.080774 | U13: 27.150424 | V13: 27.425961 | W13: 327 | X13: 0.90833333 | AA13: 12 | AB13: DICIEMBRE | AC13: 31
A14: 12015060 | B14: CO | C14: Tulenapa | D14: Carepa | E14: Antioquia | F14: 1 | G14: 39 | H14: -76.67 | I14: 7.77 | J14: 26.633025 | K14: 26.795576 | L14: 26.964239 | M14: 27.144452 | N14: 26.991432 | O14: 26.889423 | P14: 26.853707 | Q14: 26.855174 | R14: 26.747469 | S14: 26.604295 | T14: 26.455186 | U14: 26.506753 | V14: 26.786727 | W14: 228 | X14: 0.95
A15: 27045020 | B15: CO | C15: Caseri | D15: Caucasia | E15: Antioquia | F15: 1 | G15: 72 | H15: -74.935972 | I15: 7.8117222 | J15: 27.976768 | K15: 28.138513 | L15: 28.222161 | M15: 28.013863 | N15: 27.825908 | O15: 27.903416 | P15: 27.917161 | Q15: 27.847153 | R15: 27.668783 | S15: 27.683753 | T15: 27.449367 | U15: 27.695889 | V15: 27.861894 | W15: 204 | X15: 0.85
A16: 11025010 | B16: CO | C16: La Mansa | D16: Ciudad Bolívar | E16: Antioquia | F16: 1 | G16: 2018 | H16: -76.084333 | I16: 5.8783056 | J16: 16.896215 | K16: 17.053446 | L16: 17.119351 | M16: 17.179944 | N16: 17.151431 | O16: 17.057127 | P16: 17.045877 | Q16: 17.031295 | R16: 16.811354 | S16: 16.587058 | T16: 16.568317 | U16: 16.791396 | V16: 16.941068 | W16: 347 | X16: 0.96388889
A17: 26215010 | B17: CO | C17: Concordia | D17: Concordia | E17: Antioquia | F17: 1 | G17: 2032 | H17: -75.919528 | I17: 6.0395556 | J17: 18.950975 | K17: 19.246407 | L17: 19.120945 | M17: 18.878526 | N17: 18.920508 | O17: 19.228169 | P17: 19.223499 | Q17: 19.14161 | R17: 18.82627 | S17: 18.327525 | T17: 18.049689 | U17: 18.522927 | V17: 18.869754 | W17: 325 | X17: 0.90277778
A18: 27015150 | B18: CO | C18: Hacienda El Progreso | D18: Don Matías | E18: Antioquia | F18: 1 | G18: 1345 | H18: -75.397167 | I18: 6.4474722 | J18: 22.124708 | K18: 22.086855 | L18: 22.13824 | M18: 22.081855 | N18: 22.424476 | O18: 22.262604 | P18: 22.237047 | Q18: 22.418273 | R18: 22.342848 | S18: 22.177379 | T18: 22.278433 | U18: 22.151675 | V18: 22.227033 | W18: 118 | X18: 0.98333333
A19: 26175040 | B19: CO | C19: Hacienda Tunez | D19: Fredonia | E19: Antioquia | F19: 1 | G19: 604 | H19: -75.650972 | I19: 5.80025 | J19: 26.124143 | K19: 26.74093 | L19: 26.723077 | M19: 26.180773 | N19: 25.820623 | O19: 25.781737 | P19: 25.88623 | Q19: 26.093413 | R19: 25.832924 | S19: 25.484403 | T19: 25.504761 | U19: 25.703462 | V19: 25.989706 | W19: 289 | X19: 0.80277778
A20: 11115040 | B20: CO | C20: Musinga | D20: Frontino | E20: Antioquia | F20: 1 | G20: 1396 | H20: -76.203333 | I20: 6.7779722 | J20: 20.260985 | K20: 20.433287 | L20: 20.556792 | M20: 20.462708 | N20: 20.416507 | O20: 20.410893 | P20: 20.349111 | Q20: 20.36895 | R20: 20.300168 | S20: 20.142025 | T20: 20.078751 | U20: 20.160398 | V20: 20.328381 | W20: 353 | X20: 0.98055556
A21: 26195030 | B21: CO | C21: El Jardín | D21: Jardín | E21: Antioquia | F21: 1 | G21: 2161 | H21: -75.800556 | I21: 5.5877222 | J21: 17.180686 | K21: 17.395641 | L21: 17.440058 | M21: 17.29258 | N21: 17.219545 | O21: 17.23416 | P21: 17.181899 | Q21: 17.08486 | R21: 16.957726 | S21: 16.788819 | T21: 16.792722 | U21: 17.012144 | V21: 17.131737 | W21: 287 | X21: 0.79722222
A22: 26185020 | B22: CO | C22: Mesopotamia | D22: La Unión | E22: Antioquia | F22: 1 | G22: 2408 | H22: -75.318639 | I22: 5.8863611 | J22: 14.656851 | K22: 14.907681 | L22: 15.056664 | M22: 15.20128 | N22: 15.344646 | O22: 15.227834 | P22: 15.017929 | Q22: 15.085211 | R22: 14.973387 | S22: 14.761223 | T22: 14.63759 | U22: 14.669181 | V22: 14.961623 | W22: 360 | X22: 1
A23: 27015330 | B23: SP | C23: Aeropuerto Olaya Herrera - AUT | D23: Medellín | E23: Antioquia | F23: 1 | G23: 1490 | H23: -75.59 | I23: 6.22 | J23: 23.023437 | K23: 23.340606 | L23: 23.074807 | M23: 22.806906 | N23: 22.950101 | O23: 23.664186 | P23: 23.983624 | Q23: 23.942684 | R23: 23.202497 | S23: 22.205912 | T23: 21.956184 | U23: 22.455704 | V23: 23.050554 | W23: 346 | X23: 0.96111111
A24: 12015010 | B24: CO | C24: Villarteaga | D24: Mutatá | E24: Antioquia | F24: 1 | G24: 132 | H24: -76.486028 | I24: 7.3346667 | J24: 26.146996 | K24: 26.220101 | L24: 26.144473 | M24: 26.229575 | N24: 26.029573 | O24: 25.972648 | P24: 25.792511 | Q24: 25.842042 | R24: 26.066213 | S24: 25.816349 | T24: 25.723963 | U24: 25.81239 | V24: 25.98307 | W24: 109 | X24: 0.90833333
A25: 12025030 | B25: CO | C25: El Mellito | D25: Necoclí | E25: Antioquia | F25: 1 | G25: 54 | H25: -76.673361 | I25: 8.5426667 | J25: 26.895002 | K25: 27.107566 | L25: 27.409399 | M25: 27.624227 | N25: 27.398545 | O25: 27.341956 | P25: 27.306485 | Q25: 27.315861 | R25: 27.183481 | S25: 27.201284 | T25: 27.061715 | U25: 26.89595 | V25: 27.228456 | W25: 281 | X25: 0.78055556
... A189: 21105030 | B189: CO | C189: Algeciras | D189: Algeciras | E189: Huila | F189: 4 | G189: 1155 | H189: -75.319997 | I189: 2.52 | J189: 23.290561 | K189: 23.538417 | L189: 23.351824 | M189: 23.142278 | N189: 23.271629 | O189: 23.131522 | P189: 23.118839 | Q189: 23.44153 | R189: 23.698169 | S189: 23.512047 | T189: 22.974488 | U189: 22.988466 | V189: 23.288314 | W189: 226 | X189: 0.94166667
A190: 21025030 | B190: CO | C190: El Grifo Altamira | D190: Altamira | E190: Huila | F190: 4 | G190: 1368 | H190: -75.736222 | I190: 2.0791667 | J190: 21.6756 | K190: 21.646784 | L190: 21.180562 | M190: 20.924833 | N190: 20.66653 | O190: 20.087115 | P190: 19.998499 | Q190: 20.337805 | R190: 21.013388 | S190: 21.226018 | T190: 21.088235 | U190: 21.152491 | V190: =AVERAGE(J190:U190) -> 20.916488 | W190: 217 | X190: 0.9
A191: 21115160 | B191: AM | C191: Hacienda Manila - AUT | D191: Baraya | E191: Huila | F191: 4 | G191: 600 | H191: -75.081528 | I191: 3.1330556 | J191: 27.248175 | K191: 27.406476 | L191: 26.819119 | M191: 26.413099 | N191: 26.550772 | O191: 26.858045 | P191: 27.300285 | Q191: 28.001948 | R191: 27.964995 | S191: 27.160507 | T191: 26.209416 | U191: 26.349781 | V191: 27.023552 | W191: 235 | X191: 0.97916667
A192: 21105040 | B192: CO | C192: Hacienda Potosí | D192: Campoalegre | E192: Huila | F192: 4 | G192: 680 | H192: -75.298889 | I192: 2.6968056 | J192: 25.783553 | K192: 25.984518 | L192: 25.459354 | M192: 25.221328 | N192: 25.281714 | O192: 25.158781 | P192: 25.526296 | Q192: 26.187254 | R192: 26.548547 | S192: 26.023519 | T192: 25.178192 | U192: 25.229991 | V192: 25.63192 | W192: 220 | X192: 0.91666667
A193: 21105060 | B193: CP | C193: Hidrobetania | D193: Campoalegre | E193: Huila | F193: 4 | G193: 500 | H193: -75.424917 | I193: 2.7134444 | J193: 27.624416 | K193: 27.835903 | L193: 27.215578 | M193: 26.852755 | N193: 26.943952 | O193: 27.085617 | P193: 27.508164 | Q193: 28.105726 | R193: 28.107809 | S193: 27.484117 | T193: 26.415506 | U193: 26.525271 | V193: 27.308735 | W193: 113 | X193: 0.94166667
A194: 21105050 | B194: CP | C194: Los Rosales | D194: Campoalegre | E194: Huila | F194: 4 | G194: 553 | H194: -75.418333 | I194: 2.6030556 | J194: 26.294381 | K194: 26.603352 | L194: 26.103566 | M194: 25.89806 | N194: 26.038126 | O194: 26.349339 | P194: 26.885771 | Q194: 27.724057 | R194: 28.010858 | S194: 27.032924 | T194: 25.805623 | U194: 25.723162 | V194: 26.539102 | W194: 283 | X194: 0.78611111
A195: 21145080 | B195: CO | C195: Santa Ana | D195: Colombia | E195: Huila | F195: 4 | G195: 1410 | H195: -74.702944 | I195: 3.5897778 | J195: 20.394361 | K195: 20.575749 | L195: 20.383374 | M195: 20.14945 | N195: 19.889182 | O195: 19.430231 | P195: 19.306579 | Q195: 19.90686 | R195: 20.400266 | S195: 20.363689 | T195: 20.019609 | U195: 20.11324 | V195: 20.077716 | W195: 339 | X195: 0.94166667
A196: 21065040 | B196: CO | C196: Zuluaga | D196: Garzón | E196: Huila | F196: 4 | G196: 1270 | H196: -75.529444 | I196: 2.2525 | J196: 20.881492 | K196: 21.114493 | L196: 20.787495 | M196: 20.683568 | N196: 20.612458 | O196: 20.173544 | P196: 19.799967 | Q196: 19.973146 | R196: 20.329283 | S196: 20.580247 | T196: 20.546717 | U196: 20.562191 | V196: 20.503717 | W196: 348 | X196: 0.96666667
A197: 21085020 | B197: CO | C197: Íquira | D197: Íquira | E197: Huila | F197: 4 | G197: 1095 | H197: -75.62925 | I197: 2.6521944 | J197: 22.903015 | K197: 22.872934 | L197: 22.750083 | M197: 23.025207 | N197: 23.104381 | O197: 23.15675 | P197: 22.862516 | Q197: 23.513482 | R197: 23.962041 | S197: 23.534228 | T197: 22.574081 | U197: 22.622686 | V197: 23.07345 | W197: 119 | X197: 0.99166667
A198: 21085040 | B198: CO | C198: Terpeya Colombia | D198: Íquira | E198: Huila | F198: 4 | G198: 1650 | H198: -75.665556 | I198: 2.6628056 | J198: 18.709674 | K198: 18.939964 | L198: 18.848732 | M198: 18.955295 | N198: 18.993624 | O198: 18.826785 | P198: 18.613016 | Q198: 19.0633 | R198: 19.452174 | S198: 19.09195 | T198: 18.533757 | U198: 18.558998 | V198: 18.882272 | W198: 228 | X198: 0.95
A199: 21055020 | B199: CP | C199: Escuela Agricola La Plata | D199: La Plata | E199: Huila | F199: 4 | G199: 1070 | H199: -75.89 | I199: 2.38 | J199: 22.778127 | K199: 23.086709 | L199: 22.811179 | M199: 22.557296 | N199: 22.634727 | O199: 22.223309 | P199: 22.079922 | Q199: 22.506141 | R199: 23.152678 | S199: 23.075537 | T199: 22.667251 | U199: 22.631335 | V199: 22.683684 | W199: 302 | X199: 0.83888889
A200: 21115020 | B200: SS | C200: Aeropuerto Benito Salas | D200: Neiva | E200: Huila | F200: 4 | G200: 439 | H200: -75.293056 | I200: 2.94875 | J200: 28.033663 | K200: 28.351435 | L200: 27.746946 | M200: 27.536847 | N200: 27.65442 | O200: 27.941741 | P200: 28.362358 | Q200: 29.117079 | R200: 29.322571 | S200: 28.253814 | T200: 27.072984 | U200: 27.304668 | V200: 28.058211 | W200: 359 | X200: 0.99722222
A201: 21135050 | B201: CO | C201: La Julia | D201: Neiva | E201: Huila | F201: 4 | G201: 1691 | H201: -75.530028 | I201: 3.0987778 | J201: 18.647163 | K201: 18.6229 | L201: 18.665583 | M201: 18.726001 | N201: 18.916592 | O201: 19.00224 | P201: 18.849462 | Q201: 19.037813 | R201: 19.117648 | S201: 18.649492 | T201: 18.375399 | U201: 18.504217 | V201: 18.759543 | W201: 297 | X201: 0.825
A202: 21115100 | B202: CO | C202: Palacio-Vegalarga | D202: Neiva | E202: Huila | F202: 4 | G202: 1100 | H202: -75.066389 | I202: 2.9426389 | J202: 22.707962 | K202: 22.880747 | L202: 22.475746 | M202: 22.375478 | N202: 22.457606 | O202: 22.570175 | P202: 22.683241 | Q202: 23.041557 | R202: 23.18119 | S202: 22.700196 | T202: 22.099495 | U202: 22.290781 | V202: 22.622015 | W202: 340 | X202: 0.94444444
... A364: 38015030 | B364: SP | C364: Aeropuerto Puerto Carreño | D364: Puerto Carreño | E364: Vichada | F364: 3 | G364: 57 | H364: -67.491222 | I364: 6.1824361 | J364: 29.816886 | K364: 30.72923 | L364: 31.006561 | M364: 29.522907 | N364: 28.198524 | O364: 27.25609 | P364: 26.954042 | Q364: 27.268435 | R364: 27.907062 | S364: 28.37119 | T364: 28.808602 | U364: 29.220355 | V364: 28.75499 | W364: 337 | X364: 0.93611111

Sheet Control_Cambios
A1: Fecha | B1: Hoja | C1: Descripción | D1: Responsale
A2: 46071 | B2: Temperatura | C2: Se ajusto formula de MED_MES, agregando condicionante para las estaciones que no presentan datos en el periodo de tiempo evaluado | D2: ntoussaint
A3: 46076 | B3: Temperatura | C3: Se ajusta orden de las estaciones que llegan al CLIMAT, se adiciona actualización automatica del nombre el mes, y la cantidad del numero de dias, se elimina formula de busqueda del CLIMAT y se elimina hoja del CLIMAT, se renombran hoja del de Climatologia con el sobrenombre del TMED | D3: ntoussaint
