Workbook

Sheet Temperatura
A2: VARIABLE | B2: TEMPERATURA MAXIMA (°C) | C2: MES | D2: =VLOOKUP(E2,Maximos_TMAX!AS1:AU13,2,FALSE) -> JULIO | E2: 7 | F2: AÑO | G2: 2026 | H2: DIAS | I2: =VLOOKUP(E2,Maximos_TMAX!AS1:AU13,3,FALSE) -> 31 | J2: Máximo | K2: =MAX(K5:K287) -> 40 | L2: =MAX(L5:L287) -> 39.2 | M2: =MAX(M5:M287) -> 37.6 | N2: =MAX(N5:N287) -> 36.2 | O2: =MAX(O5:O287) -> 39.4 | P2: =MAX(P5:P287) -> 40 | Q2: =MAX(Q5:Q287) -> 41 | R2: =MAX(R5:R287) -> 40.6 | ... AO2: =MAX(AO5:AO287) -> 0 | AP2: =MAX(K2:AO2) -> 42
A4: CODIGO | B4: ESTACION | C4: AREA_OP | D4: LON | E4: LAT | F4: ELEV | G4: COD_DPTO | H4: COD_MUNICIPIO | I4: DEPARTAMENTO | J4: MUNICIPIO | K4: 1 | L4: 2 | M4: 3 | N4: 4 | O4: 5 | P4: 6 | Q4: 7 | R4: 8 | S4: 9 | T4: 10 | U4: 11 | V4: 12 | W4: 13 | X4: 14 | Y4: 15 | Z4: 16 | AA4: 17 | AB4: 18 | AC4: 19 | AD4: 20 | AE4: 21 | AF4: 22 | AG4: 23 | AH4: 24 | AI4: 25 | AJ4: 26 | AK4: 27 | AL4: 28 | AM4: 29 | AN4: 30 | AO4: 31 | AP4: NUM_DATOS | AQ4: MEDIA_MENSUAL | AR4: MEDIA_MULTIANUAL | AS4: ANOMALIA | AT4: MAX_MES | AU4: MAX_HISTORICO | AV4: FECHA | AW4: DIFERENCIA
A5: 17015010 | B5: Aeropuerto Sesquicentenario | C5: Met_Aeronautica | D5: -81.703889 | E5: 12.586944 | F5: 1 | G5: 88 | H5: 88001 | I5: Archipiélago de San Andres, Providencia y Santa Catalina | J5: Isla de San Andrés | K5: 32.3 | L5: 32.3 | M5: 31.4 | N5: 29.3 | O5: 30.6 | P5: 32.1 | Q5: 31.7 | R5: 31.7 | S5: 32.1 | T5: 31.1 | U5: 31.6 | V5: 31.9 | W5: 29.6 | X5: 30.3 | Y5: 29.9 | Z5: 31 | AA5: 31.9 | AB5: 30.9 | AP5: =COUNTIF(K5:AO5,">0") -> 18 | AQ5: =IF(AP5>14,AVERAGE(K5:AO5),"") -> 31.205556 | AR5: =IFERROR(VLOOKUP(A5,Climatologia_TMAX!A:U,9+$E$2,FALSE),"") -> 30.197372 | AS5: =IF(OR(AQ5="",AR5=""),"",IFERROR(AQ5-AR5,"")) -> 1.0081838 | AT5: =IF(COUNT(K5:AO5)=0,"",MAX(K5:AO5)) -> 32.3 | AU5: {=IFERROR( _xlfn.LET( _xlpm.mesTxt, INDEX({"ENERO","FEBRERO","MARZO","ABRIL","MAYO","JUNIO","JULIO","AGOSTO","SEPTIEMBRE","OCTUBRE","NOVIEMBRE","DICIEMBRE"}, E$2), _xlpm.colIni, MATCH(_xlpm.mesTxt, Maximos_TMAX!$1:$1, 0), _xlpm.fila, MATCH($A5, Maximos_TMAX!$A:$A, 0), _xlpm.val, INDEX(Maximos_TMAX!$A:$ZZ, _xlpm.fila, _xlpm.colIni), IF(_xlpm.val="", "", _xlpm.val) ), "")} -> 32.7 | AV5: {=IFERROR( _xlfn.LET( _xlpm.mesNum, E$2, _xlpm.mesTxt, INDEX({"ENERO","FEBRERO","MARZO","ABRIL","MAYO","JUNIO","JULIO","AGOSTO","SEPTIEMBRE","OCTUBRE","NOVIEMBRE","DICIEMBRE"}, _xlpm.mesNum), _xlpm.colIni, MATCH(_xlpm.mesTxt, Maximos_TMAX!$1:$1, 0), _xlpm.fila, MATCH($A5, Maximos_TMAX!$A:$A, 0), _xlpm.anio, INDEX(Maximos_TMAX!$A:$ZZ, _xlpm.fila, _xlpm.colIni+1), _xlpm.dia, INDEX(Maximos_TMAX!$A:$ZZ, _xlpm.fila, _xlpm.colIni+2), IF(OR(_xlpm.anio="",_xlpm.dia=""), "", DATE(_xlpm.anio, _xlpm.mesNum, _xlpm.dia)) ), "")} -> 41467 | AW5: =IF(OR(AT5="",AU5=""),"NA",IFERROR(AT5-AU5,"NA")) -> -0.4
A6: 17025020 | B6: Aeropuerto El Embrujo | C6: Met_Aeronautica | D6: -81.357722 | E6: 13.3595 | F6: 7 | G6: 88 | H6: 88564 | I6: Archipiélago de San Andres, Providencia y Santa Catalina | J6: Isla de Providencia | K6: 30.4 | L6: 31.5 | M6: 32 | N6: 29.5 | O6: 30 | P6: 30.8 | Q6: 31 | R6: 30.7 | S6: 31 | T6: 30.4 | U6: 31.2 | V6: 30.8 | W6: 29.2 | X6: 29.7 | Y6: 29.8 | Z6: 31.5 | AA6: 31.2 | AB6: 31.1 | AP6: =COUNTIF(K6:AO6,">0") -> 18 | AQ6: =IF(AP6>14,AVERAGE(K6:AO6),"") -> 30.655556 | AR6: =IFERROR(VLOOKUP(A6,Climatologia_TMAX!A:U,9+$E$2,FALSE),"") -> 30.65428 | AS6: =IF(OR(AQ6="",AR6=""),"",IFERROR(AQ6-AR6,"")) -> 0.0012751585 | AT6: =IF(COUNT(K6:AO6)=0,"",MAX(K6:AO6)) -> 32 | AU6: {=IFERROR( _xlfn.LET( _xlpm.mesTxt, INDEX({"ENERO","FEBRERO","MARZO","ABRIL","MAYO","JUNIO","JULIO","AGOSTO","SEPTIEMBRE","OCTUBRE","NOVIEMBRE","DICIEMBRE"}, E$2), _xlpm.colIni, MATCH(_xlpm.mesTxt, Maximos_TMAX!$1:$1, 0), _xlpm.fila, MATCH($A6, Maximos_TMAX!$A:$A, 0), _xlpm.val, INDEX(Maximos_TMAX!$A:$ZZ, _xlpm.fila, _xlpm.colIni), IF(_xlpm.val="", "", _xlpm.val) ), "")} -> 32.5 | AV6: {=IFERROR( _xlfn.LET( _xlpm.mesNum, E$2, _xlpm.mesTxt, INDEX({"ENERO","FEBRERO","MARZO","ABRIL","MAYO","JUNIO","JULIO","AGOSTO","SEPTIEMBRE","OCTUBRE","NOVIEMBRE","DICIEMBRE"}, _xlpm.mesNum), _xlpm.colIni, MATCH(_xlpm.mesTxt, Maximos_TMAX!$1:$1, 0), _xlpm.fila, MATCH($A6, Maximos_TMAX!$A:$A, 0), _xlpm.anio, INDEX(Maximos_TMAX!$A:$ZZ, _xlpm.fila, _xlpm.colIni+1), _xlpm.dia, INDEX(Maximos_TMAX!$A:$ZZ, _xlpm.fila, _xlpm.colIni+2), IF(OR(_xlpm.anio="",_xlpm.dia=""), "", DATE(_xlpm.anio, _xlpm.mesNum, _xlpm.dia)) ), "")} -> 38549 | AW6: =IF(OR(AT6="",AU6=""),"NA",IFERROR(AT6-AU6,"NA")) -> -0.5
A7: 15015050 | B7: Aeropuerto Simón Bolívar | C7: Met_Aeronautica | D7: -74.228889 | E7: 11.128333 | F7: 4 | G7: 47 | H7: 47001 | I7: Magdalena | J7: Santa Marta | K7: 36.2 | L7: 36.8 | M7: 33.5 | N7: 31.4 | O7: 35.2 | P7: 36.4 | Q7: 37.9 | R7: 38.4 | S7: 33 | T7: 34.2 | U7: 37.2 | V7: 36.6 | W7: 36.2 | X7: 37 | Y7: 38.6 | Z7: 38.3 | AA7: 38.6 | AB7: 35.8 | AP7: =COUNTIF(K7:AO7,">0") -> 18 | AQ7: =IF(AP7>14,AVERAGE(K7:AO7),"") -> 36.183333 | AR7: =IFERROR(VLOOKUP(A7,Climatologia_TMAX!A:U,9+$E$2,FALSE),"") -> 33.366016 | AS7: =IF(OR(AQ7="",AR7=""),"",IFERROR(AQ7-AR7,"")) -> 2.8173173 | AT7: =IF(COUNT(K7:AO7)=0,"",MAX(K7:AO7)) -> 38.6 | AU7: {=IFERROR( _xlfn.LET( _xlpm.mesTxt, INDEX({"ENERO","FEBRERO","MARZO","ABRIL","MAYO","JUNIO","JULIO","AGOSTO","SEPTIEMBRE","OCTUBRE","NOVIEMBRE","DICIEMBRE"}, E$2), _xlpm.colIni, MATCH(_xlpm.mesTxt, Maximos_TMAX!$1:$1, 0), _xlpm.fila, MATCH($A7, Maximos_TMAX!$A:$A, 0), _xlpm.val, INDEX(Maximos_TMAX!$A:$ZZ, _xlpm.fila, _xlpm.colIni), IF(_xlpm.val="", "", _xlpm.val) ), "")} -> 38.4 | AV7: {=IFERROR( _xlfn.LET( _xlpm.mesNum, E$2, _xlpm.mesTxt, INDEX({"ENERO","FEBRERO","MARZO","ABRIL","MAYO","JUNIO","JULIO","AGOSTO","SEPTIEMBRE","OCTUBRE","NOVIEMBRE","DICIEMBRE"}, _xlpm.mesNum), _xlpm.colIni, MATCH(_xlpm.mesTxt, Maximos_TMAX!$1:$1, 0), _xlpm.fila, MATCH($A7, Maximos_TMAX!$A:$A, 0), _xlpm.anio, INDEX(Maximos_TMAX!$A:$ZZ, _xlpm.fila, _xlpm.colIni+1), _xlpm.dia, INDEX(Maximos_TMAX!$A:$ZZ, _xlpm.fila, _xlpm.colIni+2), IF(OR(_xlpm.anio="",_xlpm.dia=""), "", DATE(_xlpm.anio, _xlpm.mesNum, _xlpm.dia)) ), "")} -> 42189 | AW7: =IF(OR(AT7="",AU7=""),"NA",IFERROR(AT7-AU7,"NA")) -> 0.2
A8: 14015080 | B8: Aeropuerto Rafael Nuñez | C8: Met_Aeronautica | D8: -75.516028 | E8: 10.44725 | F8: 2 | G8: 13 | H8: 13001 | I8: Bolívar | J8: Cartagena de Indias | K8: 33.2 | L8: 33.8 | M8: 32.3 | N8: 31.4 | O8: 32.5 | P8: 34.2 | Q8: 34.3 | R8: 34.6 | S8: 34.4 | T8: 33.6 | U8: 33.2 | V8: 33 | W8: 32 | X8: 33.6 | Y8: 33.8 | Z8: 34.5 | AA8: 33.9 | AB8: 34.1 | AP8: =COUNTIF(K8:AO8,">0") -> 18 | AQ8: =IF(AP8>14,AVERAGE(K8:AO8),"") -> 33.466667 | AR8: =IFERROR(VLOOKUP(A8,Climatologia_TMAX!A:U,9+$E$2,FALSE),"") -> 32.249043 | AS8: =IF(OR(AQ8="",AR8=""),"",IFERROR(AQ8-AR8,"")) -> 1.2176237 | AT8: =IF(COUNT(K8:AO8)=0,"",MAX(K8:AO8)) -> 34.6 | AU8: {=IFERROR( _xlfn.LET( _xlpm.mesTxt, INDEX({"ENERO","FEBRERO","MARZO","ABRIL","MAYO","JUNIO","JULIO","AGOSTO","SEPTIEMBRE","OCTUBRE","NOVIEMBRE","DICIEMBRE"}, E$2), _xlpm.colIni, MATCH(_xlpm.mesTxt, Maximos_TMAX!$1:$1, 0), _xlpm.fila, MATCH($A8, Maximos_TMAX!$A:$A, 0), _xlpm.val, INDEX(Maximos_TMAX!$A:$ZZ, _xlpm.fila, _xlpm.colIni), IF(_xlpm.val="", "", _xlpm.val) ), "")} -> 38 | AV8: {=IFERROR( _xlfn.LET( _xlpm.mesNum, E$2, _xlpm.mesTxt, INDEX({"ENERO","FEBRERO","MARZO","ABRIL","MAYO","JUNIO","JULIO","AGOSTO","SEPTIEMBRE","OCTUBRE","NOVIEMBRE","DICIEMBRE"}, _xlpm.mesNum), _xlpm.colIni, MATCH(_xlpm.mesTxt, Maximos_TMAX!$1:$1, 0), _xlpm.fila, MATCH($A8, Maximos_TMAX!$A:$A, 0), _xlpm.anio, INDEX(Maximos_TMAX!$A:$ZZ, _xlpm.fila, _xlpm.colIni+1), _xlpm.dia, INDEX(Maximos_TMAX!$A:$ZZ, _xlpm.fila, _xlpm.colIni+2), IF(OR(_xlpm.anio="",_xlpm.dia=""), "", DATE(_xlpm.anio, _xlpm.mesNum, _xlpm.dia)) ), "")} -> 45127 | AW8: =IF(OR(AT8="",AU8=""),"NA",IFERROR(AT8-AU8,"NA")) -> -3.4
A9: 29045190 | B9: Aeropuerto Ernesto Cortissoz - AUT | C9: Met_Aeronautica | D9: -74.779722 | E9: 10.917778 | F9: 14 | G9: 8 | H9: 8758 | I9: Atlántico | J9: Soledad | K9: 33.7 | L9: 34.5 | M9: 32.9 | N9: 30.7 | O9: 35.3 | P9: 33.2 | Q9: 34.6 | R9: 35.8 | S9: 35 | T9: 33.9 | U9: 33 | V9: 33.6 | W9: 34.4 | X9: 35.1 | Y9: 34.7 | Z9: 33.2 | AA9: 34.2 | AB9: 34.1 | AP9: =COUNTIF(K9:AO9,">0") -> 18 | AQ9: =IF(AP9>14,AVERAGE(K9:AO9),"") -> 33.994444 | AR9: =IFERROR(VLOOKUP(A9,Climatologia_TMAX!A:U,9+$E$2,FALSE),"") -> 33.091246 | AS9: =IF(OR(AQ9="",AR9=""),"",IFERROR(AQ9-AR9,"")) -> 0.90319831 | AT9: =IF(COUNT(K9:AO9)=0,"",MAX(K9:AO9)) -> 35.8 | AU9: {=IFERROR( _xlfn.LET( _xlpm.mesTxt, INDEX({"ENERO","FEBRERO","MARZO","ABRIL","MAYO","JUNIO","JULIO","AGOSTO","SEPTIEMBRE","OCTUBRE","NOVIEMBRE","DICIEMBRE"}, E$2), _xlpm.colIni, MATCH(_xlpm.mesTxt, Maximos_TMAX!$1:$1, 0), _xlpm.fila, MATCH($A9, Maximos_TMAX!$A:$A, 0), _xlpm.val, INDEX(Maximos_TMAX!$A:$ZZ, _xlpm.fila, _xlpm.colIni), IF(_xlpm.val="", "", _xlpm.val) ), "")} -> 38.4 | AV9: {=IFERROR( _xlfn.LET( _xlpm.mesNum, E$2, _xlpm.mesTxt, INDEX({"ENERO","FEBRERO","MARZO","ABRIL","MAYO","JUNIO","JULIO","AGOSTO","SEPTIEMBRE","OCTUBRE","NOVIEMBRE","DICIEMBRE"}, _xlpm.mesNum), _xlpm.colIni, MATCH(_xlpm.mesTxt, Maximos_TMAX!$1:$1, 0), _xlpm.fila, MATCH($A9, Maximos_TMAX!$A:$A, 0), _xlpm.anio, INDEX(Maximos_TMAX!$A:$ZZ, _xlpm.fila, _xlpm.colIni+1), _xlpm.dia, INDEX(Maximos_TMAX!$A:$ZZ, _xlpm.fila, _xlpm.colIni+2), IF(OR(_xlpm.anio="",_xlpm.dia=""), "", DATE(_xlpm.anio, _xlpm.mesNum, _xlpm.dia)) ), "")} -> 35638 | AW9: =IF(OR(AT9="",AU9=""),"NA",IFERROR(AT9-AU9,"NA")) -> -2.6
A10: 15065180 | B10: Aeropuerto Almirante Padilla | C10: Met_Aeronautica | D10: -72.917667 | E10: 11.529611 | F10: 4 | G10: 44 | H10: 44001 | I10: La Guajira | J10: Riohacha | K10: 36.6 | L10: 36 | M10: 32.4 | N10: 34 | O10: 35.9 | P10: 36 | Q10: 36.9 | R10: 37.1 | S10: 34.9 | T10: 33.9 | U10: 35.8 | V10: 36.8 | W10: 35.9 | X10: 36.7 | Y10: 37 | Z10: 35.7 | AA10: 36.9 | AB10: 36.3 | AP10: =COUNTIF(K10:AO10,">0") -> 18 | AQ10: =IF(AP10>14,AVERAGE(K10:AO10),"") -> 35.822222 | AR10: =IFERROR(VLOOKUP(A10,Climatologia_TMAX!A:U,9+$E$2,FALSE),"") -> 35.380238 | AS10: =IF(OR(AQ10="",AR10=""),"",IFERROR(AQ10-AR10,"")) -> 0.44198399 | AT10: =IF(COUNT(K10:AO10)=0,"",MAX(K10:AO10)) -> 37.1 | AU10: {=IFERROR( _xlfn.LET( _xlpm.mesTxt, INDEX({"ENERO","FEBRERO","MARZO","ABRIL","MAYO","JUNIO","JULIO","AGOSTO","SEPTIEMBRE","OCTUBRE","NOVIEMBRE","DICIEMBRE"}, E$2), _xlpm.colIni, MATCH(_xlpm.mesTxt, Maximos_TMAX!$1:$1, 0), _xlpm.fila, MATCH($A10, Maximos_TMAX!$A:$A, 0), _xlpm.val, INDEX(Maximos_TMAX!$A:$ZZ, _xlpm.fila, _xlpm.colIni), IF(_xlpm.val="", "", _xlpm.val) ), "")} -> 39.2 | AV10: {=IFERROR( _xlfn.LET( _xlpm.mesNum, E$2, _xlpm.mesTxt, INDEX({"ENERO","FEBRERO","MARZO","ABRIL","MAYO","JUNIO","JULIO","AGOSTO","SEPTIEMBRE","OCTUBRE","NOVIEMBRE","DICIEMBRE"}, _xlpm.mesNum), _xlpm.colIni, MATCH(_xlpm.mesTxt, Maximos_TMAX!$1:$1, 0), _xlpm.fila, MATCH($A10, Maximos_TMAX!$A:$A, 0), _xlpm.anio, INDEX(Maximos_TMAX!$A:$ZZ, _xlpm.fila, _xlpm.colIni+1), _xlpm.dia, INDEX(Maximos_TMAX!$A:$ZZ, _xlpm.fila, _xlpm.colIni+2), IF(OR(_xlpm.anio="",_xlpm.dia=""), "", DATE(_xlpm.anio, _xlpm.mesNum, _xlpm.dia)) ), "")} -> 41836 | AW10: =IF(OR(AT10="",AU10=""),"NA",IFERROR(AT10-AU10,"NA")) -> -2.1
A11: 28025502 | B11: Aeropuerto Alfonso López | C11: Met_Aeronautica | D11: -73.247667 | E11: 10.436167 | F11: 138 | G11: 20 | H11: 20001 | I11: Cesar | J11: Valledupar | K11: 39.2 | L11: 38 | M11: 35 | N11: 34.6 | O11: 38.8 | P11: 37.8 | Q11: 40.5 | R11: 39.7 | S11: 37.5 | T11: 37.9 | U11: 38 | V11: 38.4 | W11: 37.4 | X11: 40.4 | Y11: 40.4 | Z11: 38.8 | AA11: 39.6 | AB11: 38.3 | AP11: =COUNTIF(K11:AO11,">0") -> 18 | AQ11: =IF(AP11>14,AVERAGE(K11:AO11),"") -> 38.35 | AR11: =IFERROR(VLOOKUP(A11,Climatologia_TMAX!A:U,9+$E$2,FALSE),"") -> 35.537284 | AS11: =IF(OR(AQ11="",AR11=""),"",IFERROR(AQ11-AR11,"")) -> 2.8127159 | AT11: =IF(COUNT(K11:AO11)=0,"",MAX(K11:AO11)) -> 40.5 | AU11: {=IFERROR( _xlfn.LET( _xlpm.mesTxt, INDEX({"ENERO","FEBRERO","MARZO","ABRIL","MAYO","JUNIO","JULIO","AGOSTO","SEPTIEMBRE","OCTUBRE","NOVIEMBRE","DICIEMBRE"}, E$2), _xlpm.colIni, MATCH(_xlpm.mesTxt, Maximos_TMAX!$1:$1, 0), _xlpm.fila, MATCH($A11, Maximos_TMAX!$A:$A, 0), _xlpm.val, INDEX(Maximos_TMAX!$A:$ZZ, _xlpm.fila, _xlpm.colIni), IF(_xlpm.val="", "", _xlpm.val) ), "")} -> 41.4 | AV11: {=IFERROR( _xlfn.LET( _xlpm.mesNum, E$2, _xlpm.mesTxt, INDEX({"ENERO","FEBRERO","MARZO","ABRIL","MAYO","JUNIO","JULIO","AGOSTO","SEPTIEMBRE","OCTUBRE","NOVIEMBRE","DICIEMBRE"}, _xlpm.mesNum), _xlpm.colIni, MATCH(_xlpm.mesTxt, Maximos_TMAX!$1:$1, 0), _xlpm.fila, MATCH($A11, Maximos_TMAX!$A:$A, 0), _xlpm.anio, INDEX(Maximos_TMAX!$A:$ZZ, _xlpm.fila, _xlpm.colIni+1), _xlpm.dia, INDEX(Maximos_TMAX!$A:$ZZ, _xlpm.fila, _xlpm.colIni+2), IF(OR(_xlpm.anio="",_xlpm.dia=""), "", DATE(_xlpm.anio, _xlpm.mesNum, _xlpm.dia)) ), "")} -> 41840 | AW11: =IF(OR(AT11="",AU11=""),"NA",IFERROR(AT11-AU11,"NA")) -> -0.9
A12: 13035501 | B12: Aeropuerto Los Garzones | C12: Met_Aeronautica | D12: -75.825139 | E12: 8.8258333 | F12: 20 | G12: 23 | H12: 23001 | I12: Córdoba | J12: Montería | K12: 36.8 | L12: 36.2 | M12: 35 | N12: 31.6 | O12: 36.1 | P12: 35.3 | Q12: 36.2 | R12: 37.1 | S12: 30 | T12: 34.5 | U12: 35 | V12: 33.8 | W12: 33.7 | X12: 36.4 | Y12: 37.1 | Z12: 37.5 | AA12: 37.9 | AB12: 36.7 | AP12: =COUNTIF(K12:AO12,">0") -> 18 | AQ12: =IF(AP12>14,AVERAGE(K12:AO12),"") -> 35.383333 | AR12: =IFERROR(VLOOKUP(A12,Climatologia_TMAX!A:U,9+$E$2,FALSE),"") -> 33.224937 | AS12: =IF(OR(AQ12="",AR12=""),"",IFERROR(AQ12-AR12,"")) -> 2.1583967 | AT12: =IF(COUNT(K12:AO12)=0,"",MAX(K12:AO12)) -> 37.9 | AU12: {=IFERROR( _xlfn.LET( _xlpm.mesTxt, INDEX({"ENERO","FEBRERO","MARZO","ABRIL","MAYO","JUNIO","JULIO","AGOSTO","SEPTIEMBRE","OCTUBRE","NOVIEMBRE","DICIEMBRE"}, E$2), _xlpm.colIni, MATCH(_xlpm.mesTxt, Maximos_TMAX!$1:$1, 0), _xlpm.fila, MATCH($A12, Maximos_TMAX!$A:$A, 0), _xlpm.val, INDEX(Maximos_TMAX!$A:$ZZ, _xlpm.fila, _xlpm.colIni), IF(_xlpm.val="", "", _xlpm.val) ), "")} -> 38.4 | AV12: {=IFERROR( _xlfn.LET( _xlpm.mesNum, E$2, _xlpm.mesTxt, INDEX({"ENERO","FEBRERO","MARZO","ABRIL","MAYO","JUNIO","JULIO","AGOSTO","SEPTIEMBRE","OCTUBRE","NOVIEMBRE","DICIEMBRE"}, _xlpm.mesNum), _xlpm.colIni, MATCH(_xlpm.mesTxt, Maximos_TMAX!$1:$1, 0), _xlpm.fila, MATCH($A12, Maximos_TMAX!$A:$A, 0), _xlpm.anio, INDEX(Maximos_TMAX!$A:$ZZ, _xlpm.fila, _xlpm.colIni+1), _xlpm.dia, INDEX(Maximos_TMAX!$A:$ZZ, _xlpm.fila, _xlpm.colIni+2), IF(OR(_xlpm.anio="",_xlpm.dia=""), "", DATE(_xlpm.anio, _xlpm.mesNum, _xlpm.dia)) ), "")} -> 42188 | AW12: =IF(OR(AT12="",AU12=""),"NA",IFERROR(AT12-AU12,"NA")) -> -0.5
A13: 23155030 | B13: Aeropuerto Yariguies | C13: Met_Aeronautica | D13: -73.808611 | E13: 7.0263889 | F13: 126 | G13: 68 | H13: 68081 | I13: Santander | J13: Barrancabermeja | K13: 34.8 | L13: 32.7 | M13: 35.6 | N13: 30.5 | O13: 34.6 | P13: 36.2 | Q13: 36.2 | R13: 36.3 | S13: 29 | T13: 34.5 | U13: 35.4 | V13: 32.3 | W13: 34.4 | X13: 36 | Y13: 35.6 | Z13: 37.2 | AA13: 38.3 | AB13: 35.8 | AP13: =COUNTIF(K13:AO13,">0") -> 18 | AQ13: =IF(AP13>14,AVERAGE(K13:AO13),"") -> 34.744444 | AR13: =IFERROR(VLOOKUP(A13,Climatologia_TMAX!A:U,9+$E$2,FALSE),"") -> 32.673982 | AS13: =IF(OR(AQ13="",AR13=""),"",IFERROR(AQ13-AR13,"")) -> 2.0704622 | AT13: =IF(COUNT(K13:AO13)=0,"",MAX(K13:AO13)) -> 38.3 | AU13: {=IFERROR( _xlfn.LET( _xlpm.mesTxt, INDEX({"ENERO","FEBRERO","MARZO","ABRIL","MAYO","JUNIO","JULIO","AGOSTO","SEPTIEMBRE","OCTUBRE","NOVIEMBRE","DICIEMBRE"}, E$2), _xlpm.colIni, MATCH(_xlpm.mesTxt, Maximos_TMAX!$1:$1, 0), _xlpm.fila, MATCH($A13, Maximos_TMAX!$A:$A, 0), _xlpm.val, INDEX(Maximos_TMAX!$A:$ZZ, _xlpm.fila, _xlpm.colIni), IF(_xlpm.val="", "", _xlpm.val) ), "")} -> 37.6 | AV13: {=IFERROR( _xlfn.LET( _xlpm.mesNum, E$2, _xlpm.mesTxt, INDEX({"ENERO","FEBRERO","MARZO","ABRIL","MAYO","JUNIO","JULIO","AGOSTO","SEPTIEMBRE","OCTUBRE","NOVIEMBRE","DICIEMBRE"}, _xlpm.mesNum), _xlpm.colIni, MATCH(_xlpm.mesTxt, Maximos_TMAX!$1:$1, 0), _xlpm.fila, MATCH($A13, Maximos_TMAX!$A:$A, 0), _xlpm.anio, INDEX(Maximos_TMAX!$A:$ZZ, _xlpm.fila, _xlpm.colIni+1), _xlpm.dia, INDEX(Maximos_TMAX!$A:$ZZ, _xlpm.fila, _xlpm.colIni+2), IF(OR(_xlpm.anio="",_xlpm.dia=""), "", DATE(_xlpm.anio, _xlpm.mesNum, _xlpm.dia)) ), "")} -> 42187 | AW13: =IF(OR(AT13="",AU13=""),"NA",IFERROR(AT13-AU13,"NA")) -> 0.7
A14: 23195502 | B14: Aeropuerto Palonegro | C14: Met_Aeronautica | D14: -73.184528 | E14: 7.1214722 | F14: 1189 | G14: 68 | H14: 68406 | I14: Santander | J14: Lebrija | K14: 28.8 | L14: 27.5 | M14: 26.8 | N14: 25.5 | O14: 29.2 | P14: 30.4 | Q14: 30 | R14: 30.2 | S14: 24.5 | T14: 27.8 | U14: 27.4 | V14: 24.8 | W14: 27.6 | X14: 27.6 | Y14: 30.1 | Z14: 30.3 | AA14: 31.6 | AB14: 27.6 | AP14: =COUNTIF(K14:AO14,">0") -> 18 | AQ14: =IF(AP14>14,AVERAGE(K14:AO14),"") -> 28.205556 | AR14: =IFERROR(VLOOKUP(A14,Climatologia_TMAX!A:U,9+$E$2,FALSE),"") -> 26.059871 | AS14: =IF(OR(AQ14="",AR14=""),"",IFERROR(AQ14-AR14,"")) -> 2.1456847 | AT14: =IF(COUNT(K14:AO14)=0,"",MAX(K14:AO14)) -> 31.6 | AU14: {=IFERROR( _xlfn.LET( _xlpm.mesTxt, INDEX({"ENERO","FEBRERO","MARZO","ABRIL","MAYO","JUNIO","JULIO","AGOSTO","SEPTIEMBRE","OCTUBRE","NOVIEMBRE","DICIEMBRE"}, E$2), _xlpm.colIni, MATCH(_xlpm.mesTxt, Maximos_TMAX!$1:$1, 0), _xlpm.fila, MATCH($A14, Maximos_TMAX!$A:$A, 0), _xlpm.val, INDEX(Maximos_TMAX!$A:$ZZ, _xlpm.fila, _xlpm.colIni), IF(_xlpm.val="", "", _xlpm.val) ), "")} -> 30 | AV14: {=IFERROR( _xlfn.LET( _xlpm.mesNum, E$2, _xlpm.mesTxt, INDEX({"ENERO","FEBRERO","MARZO","ABRIL","MAYO","JUNIO","JULIO","AGOSTO","SEPTIEMBRE","OCTUBRE","NOVIEMBRE","DICIEMBRE"}, _xlpm.mesNum), _xlpm.colIni, MATCH(_xlpm.mesTxt, Maximos_TMAX!$1:$1, 0), _xlpm.fila, MATCH($A14, Maximos_TMAX!$A:$A, 0), _xlpm.anio, INDEX(Maximos_TMAX!$A:$ZZ, _xlpm.fila, _xlpm.colIni+1), _xlpm.dia, INDEX(Maximos_TMAX!$A:$ZZ, _xlpm.fila, _xlpm.colIni+2), IF(OR(_xlpm.anio="",_xlpm.dia=""), "", DATE(_xlpm.anio, _xlpm.mesNum, _xlpm.dia)) ), "")} -> 43652 | AW14: =IF(OR(AT14="",AU14=""),"NA",IFERROR(AT14-AU14,"NA")) -> 1.6
A15: 16015010 | B15: Aeropuerto Camilo Daza | C15: Met_Aeronautica | D15: -72.509167 | E15: 7.9302778 | F15: 250 | G15: 54 | H15: 54001 | I15: Norte de Santander | J15: Cúcuta | K15: 35.1 | L15: 32 | M15: 32.5 | N15: 30.9 | O15: 35.5 | P15: 35.4 | Q15: 33.8 | R15: 37.2 | S15: 30.9 | T15: 34.2 | U15: 33.5 | V15: 32 | W15: 34.7 | X15: 33.8 | Y15: 35.7 | Z15: 33.7 | AA15: 34.6 | AB15: 32.3 | AP15: =COUNTIF(K15:AO15,">0") -> 18 | AQ15: =IF(AP15>14,AVERAGE(K15:AO15),"") -> 33.766667 | AR15: =IFERROR(VLOOKUP(A15,Climatologia_TMAX!A:U,9+$E$2,FALSE),"") -> 33.250962 | AS15: =IF(OR(AQ15="",AR15=""),"",IFERROR(AQ15-AR15,"")) -> 0.51570426 | AT15: =IF(COUNT(K15:AO15)=0,"",MAX(K15:AO15)) -> 37.2 | AU15: {=IFERROR( _xlfn.LET( _xlpm.mesTxt, INDEX({"ENERO","FEBRERO","MARZO","ABRIL","MAYO","JUNIO","JULIO","AGOSTO","SEPTIEMBRE","OCTUBRE","NOVIEMBRE","DICIEMBRE"}, E$2), _xlpm.colIni, MATCH(_xlpm.mesTxt, Maximos_TMAX!$1:$1, 0), _xlpm.fila, MATCH($A15, Maximos_TMAX!$A:$A, 0), _xlpm.val, INDEX(Maximos_TMAX!$A:$ZZ, _xlpm.fila, _xlpm.colIni), IF(_xlpm.val="", "", _xlpm.val) ), "")} -> 37.5 | AV15: {=IFERROR( _xlfn.LET( _xlpm.mesNum, E$2, _xlpm.mesTxt, INDEX({"ENERO","FEBRERO","MARZO","ABRIL","MAYO","JUNIO","JULIO","AGOSTO","SEPTIEMBRE","OCTUBRE","NOVIEMBRE","DICIEMBRE"}, _xlpm.mesNum), _xlpm.colIni, MATCH(_xlpm.mesTxt, Maximos_TMAX!$1:$1, 0), _xlpm.fila, MATCH($A15, Maximos_TMAX!$A:$A, 0), _xlpm.anio, INDEX(Maximos_TMAX!$A:$ZZ, _xlpm.fila, _xlpm.colIni+1), _xlpm.dia, INDEX(Maximos_TMAX!$A:$ZZ, _xlpm.fila, _xlpm.colIni+2), IF(OR(_xlpm.anio="",_xlpm.dia=""), "", DATE(_xlpm.anio, _xlpm.mesNum, _xlpm.dia)) ), "")} -> 33058 | AW15: =IF(OR(AT15="",AU15=""),"NA",IFERROR(AT15-AU15,"NA")) -> -0.3
A16: 12015070 | B16: Aeropuerto Los Cedros | C16: Met_Aeronautica | D16: -76.717889 | E16: 7.8163889 | F16: 41 | G16: 5 | H16: 5147 | I16: Antioquia | J16: Carepa | K16: 32.7 | L16: 32.9 | M16: 32.2 | N16: 29.9 | O16: 33.4 | P16: 29.2 | Q16: 32.9 | R16: 33.4 | S16: 27.3 | T16: 32 | U16: 32 | V16: 29.5 | W16: 32.2 | X16: 32.6 | Y16: 33.1 | Z16: 33.5 | AA16: 33.5 | AB16: 33.1 | AP16: =COUNTIF(K16:AO16,">0") -> 18 | AQ16: =IF(AP16>14,AVERAGE(K16:AO16),"") -> 31.966667 | AR16: =IFERROR(VLOOKUP(A16,Climatologia_TMAX!A:U,9+$E$2,FALSE),"") -> 31.735337 | AS16: =IF(OR(AQ16="",AR16=""),"",IFERROR(AQ16-AR16,"")) -> 0.23132921 | AT16: =IF(COUNT(K16:AO16)=0,"",MAX(K16:AO16)) -> 33.5 | AU16: {=IFERROR( _xlfn.LET( _xlpm.mesTxt, INDEX({"ENERO","FEBRERO","MARZO","ABRIL","MAYO","JUNIO","JULIO","AGOSTO","SEPTIEMBRE","OCTUBRE","NOVIEMBRE","DICIEMBRE"}, E$2), _xlpm.colIni, MATCH(_xlpm.mesTxt, Maximos_TMAX!$1:$1, 0), _xlpm.fila, MATCH($A16, Maximos_TMAX!$A:$A, 0), _xlpm.val, INDEX(Maximos_TMAX!$A:$ZZ, _xlpm.fila, _xlpm.colIni), IF(_xlpm.val="", "", _xlpm.val) ), "")} -> 36 | AV16: {=IFERROR( _xlfn.LET( _xlpm.mesNum, E$2, _xlpm.mesTxt, INDEX({"ENERO","FEBRERO","MARZO","ABRIL","MAYO","JUNIO","JULIO","AGOSTO","SEPTIEMBRE","OCTUBRE","NOVIEMBRE","DICIEMBRE"}, _xlpm.mesNum), _xlpm.colIni, MATCH(_xlpm.mesTxt, Maximos_TMAX!$1:$1, 0), _xlpm.fila, MATCH($A16, Maximos_TMAX!$A:$A, 0), _xlpm.anio, INDEX(Maximos_TMAX!$A:$ZZ, _xlpm.fila, _xlpm.colIni+1), _xlpm.dia, INDEX(Maximos_TMAX!$A:$ZZ, _xlpm.fila, _xlpm.colIni+2), IF(OR(_xlpm.anio="",_xlpm.dia=""), "", DATE(_xlpm.anio, _xlpm.mesNum, _xlpm.dia)) ), "")} -> 41461 | AW16: =IF(OR(AT16="",AU16=""),"NA",IFERROR(AT16-AU16,"NA")) -> -2.5
... A31: 48015050 | B31: Aeropuerto Vásquez Cobo | C31: Met_Aeronautica | D31: -69.940917 | E31: -4.1938611 | F31: 84 | G31: 91 | H31: 91001 | I31: Amazonas | J31: Leticia | K31: 29.1 | L31: 31.3 | M31: 31.7 | N31: 26.1 | O31: 30.1 | P31: 30.1 | Q31: 31 | R31: 27.7 | S31: 32 | T31: 30.4 | U31: 27.6 | V31: 30.4 | W31: 29.3 | X31: 31.1 | Y31: 29.2 | Z31: 31.9 | AA31: 32.8 | AB31: 32.9 | AP31: =COUNTIF(K31:AO31,">0") -> 18 | AQ31: =IF(AP31>14,AVERAGE(K31:AO31),"") -> 30.261111 | AR31: =IFERROR(VLOOKUP(A31,Climatologia_TMAX!A:U,9+$E$2,FALSE),"") -> 30.342533 | AS31: =IF(OR(AQ31="",AR31=""),"",IFERROR(AQ31-AR31,"")) -> -0.081421744 | AT31: =IF(COUNT(K31:AO31)=0,"",MAX(K31:AO31)) -> 32.9 | AU31: {=IFERROR( _xlfn.LET( _xlpm.mesTxt, INDEX({"ENERO","FEBRERO","MARZO","ABRIL","MAYO","JUNIO","JULIO","AGOSTO","SEPTIEMBRE","OCTUBRE","NOVIEMBRE","DICIEMBRE"}, E$2), _xlpm.colIni, MATCH(_xlpm.mesTxt, Maximos_TMAX!$1:$1, 0), _xlpm.fila, MATCH($A31, Maximos_TMAX!$A:$A, 0), _xlpm.val, INDEX(Maximos_TMAX!$A:$ZZ, _xlpm.fila, _xlpm.colIni), IF(_xlpm.val="", "", _xlpm.val) ), "")} -> 35.2 | AV31: {=IFERROR( _xlfn.LET( _xlpm.mesNum, E$2, _xlpm.mesTxt, INDEX({"ENERO","FEBRERO","MARZO","ABRIL","MAYO","JUNIO","JULIO","AGOSTO","SEPTIEMBRE","OCTUBRE","NOVIEMBRE","DICIEMBRE"}, _xlpm.mesNum), _xlpm.colIni, MATCH(_xlpm.mesTxt, Maximos_TMAX!$1:$1, 0), _xlpm.fila, MATCH($A31, Maximos_TMAX!$A:$A, 0), _xlpm.anio, INDEX(Maximos_TMAX!$A:$ZZ, _xlpm.fila, _xlpm.colIni+1), _xlpm.dia, INDEX(Maximos_TMAX!$A:$ZZ, _xlpm.fila, _xlpm.colIni+2), IF(OR(_xlpm.anio="",_xlpm.dia=""), "", DATE(_xlpm.anio, _xlpm.mesNum, _xlpm.dia)) ), "")} -> 42944 | AW31: =IF(OR(AT31="",AU31=""),"NA",IFERROR(AT31-AU31,"NA")) -> -2.3
A32: 23085030 | B32: Alejandria | C32: Area Operativa 01 - Antioquia-Chocó | D32: -75.143389 | E32: 6.37625 | F32: 1712 | G32: 5 | H32: 5021 | I32: Antioquia | J32: Alejandría | AP32: =COUNTIF(K32:AO32,">0") -> 0 | AQ32: =IF(AP32>14,AVERAGE(K32:AO32),"") | AR32: =IFERROR(VLOOKUP(A32,Climatologia_TMAX!A:U,9+$E$2,FALSE),"") -> 25.092837 | AS32: =IF(OR(AQ32="",AR32=""),"",IFERROR(AQ32-AR32,"")) | AT32: =IF(COUNT(K32:AO32)=0,"",MAX(K32:AO32)) | AU32: {=IFERROR( _xlfn.LET( _xlpm.mesTxt, INDEX({"ENERO","FEBRERO","MARZO","ABRIL","MAYO","JUNIO","JULIO","AGOSTO","SEPTIEMBRE","OCTUBRE","NOVIEMBRE","DICIEMBRE"}, E$2), _xlpm.colIni, MATCH(_xlpm.mesTxt, Maximos_TMAX!$1:$1, 0), _xlpm.fila, MATCH($A32, Maximos_TMAX!$A:$A, 0), _xlpm.val, INDEX(Maximos_TMAX!$A:$ZZ, _xlpm.fila, _xlpm.colIni), IF(_xlpm.val="", "", _xlpm.val) ), "")} -> 28.6 | AV32: {=IFERROR( _xlfn.LET( _xlpm.mesNum, E$2, _xlpm.mesTxt, INDEX({"ENERO","FEBRERO","MARZO","ABRIL","MAYO","JUNIO","JULIO","AGOSTO","SEPTIEMBRE","OCTUBRE","NOVIEMBRE","DICIEMBRE"}, _xlpm.mesNum), _xlpm.colIni, MATCH(_xlpm.mesTxt, Maximos_TMAX!$1:$1, 0), _xlpm.fila, MATCH($A32, Maximos_TMAX!$A:$A, 0), _xlpm.anio, INDEX(Maximos_TMAX!$A:$ZZ, _xlpm.fila, _xlpm.colIni+1), _xlpm.dia, INDEX(Maximos_TMAX!$A:$ZZ, _xlpm.fila, _xlpm.colIni+2), IF(OR(_xlpm.anio="",_xlpm.dia=""), "", DATE(_xlpm.anio, _xlpm.mesNum, _xlpm.dia)) ), "")} -> 33788 | AW32: =IF(OR(AT32="",AU32=""),"NA",IFERROR(AT32-AU32,"NA")) -> NA
A33: 23085110 | B33: El Penol | C33: Area Operativa 01 - Antioquia-Chocó | D33: -75.241389 | E33: 6.2138889 | F33: 2022 | G33: 5 | H33: 5541 | I33: Antioquia | J33: Peñol | K33: 27 | L33: 25.6 | M33: 26.8 | N33: 23 | O33: 27 | P33: 27.2 | Q33: 26.6 | R33: 27.8 | S33: 25.2 | T33: 26.4 | U33: 25.6 | V33: 24 | W33: 25.6 | X33: 25.8 | Y33: 26.4 | Z33: 28 | AA33: 27.6 | AB33: 27.8 | AP33: =COUNTIF(K33:AO33,">0") -> 18 | AQ33: =IF(AP33>14,AVERAGE(K33:AO33),"") -> 26.3 | AR33: =IFERROR(VLOOKUP(A33,Climatologia_TMAX!A:U,9+$E$2,FALSE),"") -> 24.633661 | AS33: =IF(OR(AQ33="",AR33=""),"",IFERROR(AQ33-AR33,"")) -> 1.666339 | AT33: =IF(COUNT(K33:AO33)=0,"",MAX(K33:AO33)) -> 28 | AU33: {=IFERROR( _xlfn.LET( _xlpm.mesTxt, INDEX({"ENERO","FEBRERO","MARZO","ABRIL","MAYO","JUNIO","JULIO","AGOSTO","SEPTIEMBRE","OCTUBRE","NOVIEMBRE","DICIEMBRE"}, E$2), _xlpm.colIni, MATCH(_xlpm.mesTxt, Maximos_TMAX!$1:$1, 0), _xlpm.fila, MATCH($A33, Maximos_TMAX!$A:$A, 0), _xlpm.val, INDEX(Maximos_TMAX!$A:$ZZ, _xlpm.fila, _xlpm.colIni), IF(_xlpm.val="", "", _xlpm.val) ), "")} -> 28 | AV33: {=IFERROR( _xlfn.LET( _xlpm.mesNum, E$2, _xlpm.mesTxt, INDEX({"ENERO","FEBRERO","MARZO","ABRIL","MAYO","JUNIO","JULIO","AGOSTO","SEPTIEMBRE","OCTUBRE","NOVIEMBRE","DICIEMBRE"}, _xlpm.mesNum), _xlpm.colIni, MATCH(_xlpm.mesTxt, Maximos_TMAX!$1:$1, 0), _xlpm.fila, MATCH($A33, Maximos_TMAX!$A:$A, 0), _xlpm.anio, INDEX(Maximos_TMAX!$A:$ZZ, _xlpm.fila, _xlpm.colIni+1), _xlpm.dia, INDEX(Maximos_TMAX!$A:$ZZ, _xlpm.fila, _xlpm.colIni+2), IF(OR(_xlpm.anio="",_xlpm.dia=""), "", DATE(_xlpm.anio, _xlpm.mesNum, _xlpm.dia)) ), "")} -> 45499 | AW33: =IF(OR(AT33="",AU33=""),"NA",IFERROR(AT33-AU33,"NA")) -> 0
A34: 23085080 | B34: Granja Experimental El Nus | C34: Area Operativa 01 - Antioquia-Chocó | D34: -74.836694 | E34: 6.4835833 | F34: 859 | G34: 5 | H34: 5670 | I34: Antioquia | J34: San Roque | AP34: =COUNTIF(K34:AO34,">0") -> 0 | AQ34: =IF(AP34>14,AVERAGE(K34:AO34),"") | AR34: =IFERROR(VLOOKUP(A34,Climatologia_TMAX!A:U,9+$E$2,FALSE),"") -> 28.17908 | AS34: =IF(OR(AQ34="",AR34=""),"",IFERROR(AQ34-AR34,"")) | AT34: =IF(COUNT(K34:AO34)=0,"",MAX(K34:AO34)) | AU34: {=IFERROR( _xlfn.LET( _xlpm.mesTxt, INDEX({"ENERO","FEBRERO","MARZO","ABRIL","MAYO","JUNIO","JULIO","AGOSTO","SEPTIEMBRE","OCTUBRE","NOVIEMBRE","DICIEMBRE"}, E$2), _xlpm.colIni, MATCH(_xlpm.mesTxt, Maximos_TMAX!$1:$1, 0), _xlpm.fila, MATCH($A34, Maximos_TMAX!$A:$A, 0), _xlpm.val, INDEX(Maximos_TMAX!$A:$ZZ, _xlpm.fila, _xlpm.colIni), IF(_xlpm.val="", "", _xlpm.val) ), "")} -> 33.6 | AV34: {=IFERROR( _xlfn.LET( _xlpm.mesNum, E$2, _xlpm.mesTxt, INDEX({"ENERO","FEBRERO","MARZO","ABRIL","MAYO","JUNIO","JULIO","AGOSTO","SEPTIEMBRE","OCTUBRE","NOVIEMBRE","DICIEMBRE"}, _xlpm.mesNum), _xlpm.colIni, MATCH(_xlpm.mesTxt, Maximos_TMAX!$1:$1, 0), _xlpm.fila, MATCH($A34, Maximos_TMAX!$A:$A, 0), _xlpm.anio, INDEX(Maximos_TMAX!$A:$ZZ, _xlpm.fila, _xlpm.colIni+1), _xlpm.dia, INDEX(Maximos_TMAX!$A:$ZZ, _xlpm.fila, _xlpm.colIni+2), IF(OR(_xlpm.anio="",_xlpm.dia=""), "", DATE(_xlpm.anio, _xlpm.mesNum, _xlpm.dia)) ), "")} -> 38185 | AW34: =IF(OR(AT34="",AU34=""),"NA",IFERROR(AT34-AU34,"NA")) -> NA
A35: 26175030 | B35: Granja La Nacional | C35: Area Operativa 01 - Antioquia-Chocó | D35: -75.690917 | E35: 5.7173333 | F35: 1153 | G35: 5 | H35: 5789 | I35: Antioquia | J35: Támesis | AP35: =COUNTIF(K35:AO35,">0") -> 0 | AQ35: =IF(AP35>14,AVERAGE(K35:AO35),"") | AR35: =IFERROR(VLOOKUP(A35,Climatologia_TMAX!A:U,9+$E$2,FALSE),"") -> 27.956697 | AS35: =IF(OR(AQ35="",AR35=""),"",IFERROR(AQ35-AR35,"")) | AT35: =IF(COUNT(K35:AO35)=0,"",MAX(K35:AO35)) | AU35: {=IFERROR( _xlfn.LET( _xlpm.mesTxt, INDEX({"ENERO","FEBRERO","MARZO","ABRIL","MAYO","JUNIO","JULIO","AGOSTO","SEPTIEMBRE","OCTUBRE","NOVIEMBRE","DICIEMBRE"}, E$2), _xlpm.colIni, MATCH(_xlpm.mesTxt, Maximos_TMAX!$1:$1, 0), _xlpm.fila, MATCH($A35, Maximos_TMAX!$A:$A, 0), _xlpm.val, INDEX(Maximos_TMAX!$A:$ZZ, _xlpm.fila, _xlpm.colIni), IF(_xlpm.val="", "", _xlpm.val) ), "")} -> 34.4 | AV35: {=IFERROR( _xlfn.LET( _xlpm.mesNum, E$2, _xlpm.mesTxt, INDEX({"ENERO","FEBRERO","MARZO","ABRIL","MAYO","JUNIO","JULIO","AGOSTO","SEPTIEMBRE","OCTUBRE","NOVIEMBRE","DICIEMBRE"}, _xlpm.mesNum), _xlpm.colIni, MATCH(_xlpm.mesTxt, Maximos_TMAX!$1:$1, 0), _xlpm.fila, MATCH($A35, Maximos_TMAX!$A:$A, 0), _xlpm.anio, INDEX(Maximos_TMAX!$A:$ZZ, _xlpm.fila, _xlpm.colIni+1), _xlpm.dia, INDEX(Maximos_TMAX!$A:$ZZ, _xlpm.fila, _xlpm.colIni+2), IF(OR(_xlpm.anio="",_xlpm.dia=""), "", DATE(_xlpm.anio, _xlpm.mesNum, _xlpm.dia)) ), "")} -> 35635 | AW35: =IF(OR(AT35="",AU35=""),"NA",IFERROR(AT35-AU35,"NA")) -> NA
A36: 26175040 | B36: Hacienda Tunez | C36: Area Operativa 01 - Antioquia-Chocó | D36: -75.650972 | E36: 5.80025 | F36: 604 | G36: 5 | H36: 5282 | I36: Antioquia | J36: Fredonia | K36: 36.6 | L36: 32.2 | M36: 33.6 | N36: 31.6 | O36: 36.2 | P36: 36.4 | Q36: 37 | R36: 35 | S36: 35 | T36: 38.4 | U36: 34.8 | V36: 34 | W36: 39 | X36: 39.4 | Y36: 35.2 | Z36: 39 | AA36: 39.2 | AB36: 39 | AP36: =COUNTIF(K36:AO36,">0") -> 18 | AQ36: =IF(AP36>14,AVERAGE(K36:AO36),"") -> 36.2 | AR36: =IFERROR(VLOOKUP(A36,Climatologia_TMAX!A:U,9+$E$2,FALSE),"") -> 33.66953 | AS36: =IF(OR(AQ36="",AR36=""),"",IFERROR(AQ36-AR36,"")) -> 2.5304701 | AT36: =IF(COUNT(K36:AO36)=0,"",MAX(K36:AO36)) -> 39.4 | AU36: {=IFERROR( _xlfn.LET( _xlpm.mesTxt, INDEX({"ENERO","FEBRERO","MARZO","ABRIL","MAYO","JUNIO","JULIO","AGOSTO","SEPTIEMBRE","OCTUBRE","NOVIEMBRE","DICIEMBRE"}, E$2), _xlpm.colIni, MATCH(_xlpm.mesTxt, Maximos_TMAX!$1:$1, 0), _xlpm.fila, MATCH($A36, Maximos_TMAX!$A:$A, 0), _xlpm.val, INDEX(Maximos_TMAX!$A:$ZZ, _xlpm.fila, _xlpm.colIni), IF(_xlpm.val="", "", _xlpm.val) ), "")} -> 39.8 | AV36: {=IFERROR( _xlfn.LET( _xlpm.mesNum, E$2, _xlpm.mesTxt, INDEX({"ENERO","FEBRERO","MARZO","ABRIL","MAYO","JUNIO","JULIO","AGOSTO","SEPTIEMBRE","OCTUBRE","NOVIEMBRE","DICIEMBRE"}, _xlpm.mesNum), _xlpm.colIni, MATCH(_xlpm.mesTxt, Maximos_TMAX!$1:$1, 0), _xlpm.fila, MATCH($A36, Maximos_TMAX!$A:$A, 0), _xlpm.anio, INDEX(Maximos_TMAX!$A:$ZZ, _xlpm.fila, _xlpm.colIni+1), _xlpm.dia, INDEX(Maximos_TMAX!$A:$ZZ, _xlpm.fila, _xlpm.colIni+2), IF(OR(_xlpm.anio="",_xlpm.dia=""), "", DATE(_xlpm.anio, _xlpm.mesNum, _xlpm.dia)) ), "")} -> 41848 | AW36: =IF(OR(AT36="",AU36=""),"NA",IFERROR(AT36-AU36,"NA")) -> -0.4
A37: 26195020 | B37: Ita Andes | C37: Area Operativa 01 - Antioquia-Chocó | D37: -75.880222 | E37: 5.691 | F37: 1180 | G37: 5 | H37: 5034 | I37: Antioquia | J37: Andes | AP37: =COUNTIF(K37:AO37,">0") -> 0 | AQ37: =IF(AP37>14,AVERAGE(K37:AO37),"") | AR37: =IFERROR(VLOOKUP(A37,Climatologia_TMAX!A:U,9+$E$2,FALSE),"") -> 28.567947 | AS37: =IF(OR(AQ37="",AR37=""),"",IFERROR(AQ37-AR37,"")) | AT37: =IF(COUNT(K37:AO37)=0,"",MAX(K37:AO37)) | AU37: {=IFERROR( _xlfn.LET( _xlpm.mesTxt, INDEX({"ENERO","FEBRERO","MARZO","ABRIL","MAYO","JUNIO","JULIO","AGOSTO","SEPTIEMBRE","OCTUBRE","NOVIEMBRE","DICIEMBRE"}, E$2), _xlpm.colIni, MATCH(_xlpm.mesTxt, Maximos_TMAX!$1:$1, 0), _xlpm.fila, MATCH($A37, Maximos_TMAX!$A:$A, 0), _xlpm.val, INDEX(Maximos_TMAX!$A:$ZZ, _xlpm.fila, _xlpm.colIni), IF(_xlpm.val="", "", _xlpm.val) ), "")} -> 34.6 | AV37: {=IFERROR( _xlfn.LET( _xlpm.mesNum, E$2, _xlpm.mesTxt, INDEX({"ENERO","FEBRERO","MARZO","ABRIL","MAYO","JUNIO","JULIO","AGOSTO","SEPTIEMBRE","OCTUBRE","NOVIEMBRE","DICIEMBRE"}, _xlpm.mesNum), _xlpm.colIni, MATCH(_xlpm.mesTxt, Maximos_TMAX!$1:$1, 0), _xlpm.fila, MATCH($A37, Maximos_TMAX!$A:$A, 0), _xlpm.anio, INDEX(Maximos_TMAX!$A:$ZZ, _xlpm.fila, _xlpm.colIni+1), _xlpm.dia, INDEX(Maximos_TMAX!$A:$ZZ, _xlpm.fila, _xlpm.colIni+2), IF(OR(_xlpm.anio="",_xlpm.dia=""), "", DATE(_xlpm.anio, _xlpm.mesNum, _xlpm.dia)) ), "")} -> 30149 | AW37: =IF(OR(AT37="",AU37=""),"NA",IFERROR(AT37-AU37,"NA")) -> NA
A38: 26205080 | B38: La Aldea | C38: Area Operativa 01 - Antioquia-Chocó | D38: -75.700944 | E38: 6.3410556 | F38: 1737 | G38: 5 | H38: 5001 | I38: Antioquia | J38: Medellín | K38: 27.6 | L38: 28.2 | M38: 28.4 | N38: 24.2 | O38: 29.2 | P38: 30.6 | Q38: 31 | R38: 29 | S38: 25 | T38: 28.4 | U38: 27.4 | V38: 24.8 | W38: 28 | X38: 29.2 | Y38: 27.8 | Z38: 30.4 | AA38: 29.8 | AB38: 28.6 | AP38: =COUNTIF(K38:AO38,">0") -> 18 | AQ38: =IF(AP38>14,AVERAGE(K38:AO38),"") -> 28.2 | AR38: =IFERROR(VLOOKUP(A38,Climatologia_TMAX!A:U,9+$E$2,FALSE),"") | AS38: =IF(OR(AQ38="",AR38=""),"",IFERROR(AQ38-AR38,"")) | AT38: =IF(COUNT(K38:AO38)=0,"",MAX(K38:AO38)) -> 31 | AU38: {=IFERROR( _xlfn.LET( _xlpm.mesTxt, INDEX({"ENERO","FEBRERO","MARZO","ABRIL","MAYO","JUNIO","JULIO","AGOSTO","SEPTIEMBRE","OCTUBRE","NOVIEMBRE","DICIEMBRE"}, E$2), _xlpm.colIni, MATCH(_xlpm.mesTxt, Maximos_TMAX!$1:$1, 0), _xlpm.fila, MATCH($A38, Maximos_TMAX!$A:$A, 0), _xlpm.val, INDEX(Maximos_TMAX!$A:$ZZ, _xlpm.fila, _xlpm.colIni), IF(_xlpm.val="", "", _xlpm.val) ), "")} -> 30 | AV38: {=IFERROR( _xlfn.LET( _xlpm.mesNum, E$2, _xlpm.mesTxt, INDEX({"ENERO","FEBRERO","MARZO","ABRIL","MAYO","JUNIO","JULIO","AGOSTO","SEPTIEMBRE","OCTUBRE","NOVIEMBRE","DICIEMBRE"}, _xlpm.mesNum), _xlpm.colIni, MATCH(_xlpm.mesTxt, Maximos_TMAX!$1:$1, 0), _xlpm.fila, MATCH($A38, Maximos_TMAX!$A:$A, 0), _xlpm.anio, INDEX(Maximos_TMAX!$A:$ZZ, _xlpm.fila, _xlpm.colIni+1), _xlpm.dia, INDEX(Maximos_TMAX!$A:$ZZ, _xlpm.fila, _xlpm.colIni+2), IF(OR(_xlpm.anio="",_xlpm.dia=""), "", DATE(_xlpm.anio, _xlpm.mesNum, _xlpm.dia)) ), "")} -> 45502 | AW38: =IF(OR(AT38="",AU38=""),"NA",IFERROR(AT38-AU38,"NA")) -> 1
A39: 27015260 | B39: La Salada | C39: Area Operativa 01 - Antioquia-Chocó | D39: -75.624667 | E39: 6.0483611 | F39: 1923 | G39: 5 | H39: 5129 | I39: Antioquia | J39: Caldas | K39: 27.4 | L39: 27.2 | M39: 27 | N39: 25 | O39: 28.2 | P39: 28 | Q39: 27.8 | R39: 27.4 | S39: 24.8 | T39: 27.2 | U39: 25.4 | V39: 24.4 | W39: 26.6 | X39: 27 | Y39: 26.2 | Z39: 27.2 | AA39: 27.4 | AB39: 27.8 | AP39: =COUNTIF(K39:AO39,">0") -> 18 | AQ39: =IF(AP39>14,AVERAGE(K39:AO39),"") -> 26.777778 | AR39: =IFERROR(VLOOKUP(A39,Climatologia_TMAX!A:U,9+$E$2,FALSE),"") -> 23.752467 | AS39: =IF(OR(AQ39="",AR39=""),"",IFERROR(AQ39-AR39,"")) -> 3.0253111 | AT39: =IF(COUNT(K39:AO39)=0,"",MAX(K39:AO39)) -> 28.2 | AU39: {=IFERROR( _xlfn.LET( _xlpm.mesTxt, INDEX({"ENERO","FEBRERO","MARZO","ABRIL","MAYO","JUNIO","JULIO","AGOSTO","SEPTIEMBRE","OCTUBRE","NOVIEMBRE","DICIEMBRE"}, E$2), _xlpm.colIni, MATCH(_xlpm.mesTxt, Maximos_TMAX!$1:$1, 0), _xlpm.fila, MATCH($A39, Maximos_TMAX!$A:$A, 0), _xlpm.val, INDEX(Maximos_TMAX!$A:$ZZ, _xlpm.fila, _xlpm.colIni), IF(_xlpm.val="", "", _xlpm.val) ), "")} -> 30 | AV39: {=IFERROR( _xlfn.LET( _xlpm.mesNum, E$2, _xlpm.mesTxt, INDEX({"ENERO","FEBRERO","MARZO","ABRIL","MAYO","JUNIO","JULIO","AGOSTO","SEPTIEMBRE","OCTUBRE","NOVIEMBRE","DICIEMBRE"}, _xlpm.mesNum), _xlpm.colIni, MATCH(_xlpm.mesTxt, Maximos_TMAX!$1:$1, 0), _xlpm.fila, MATCH($A39, Maximos_TMAX!$A:$A, 0), _xlpm.anio, INDEX(Maximos_TMAX!$A:$ZZ, _xlpm.fila, _xlpm.colIni+1), _xlpm.dia, INDEX(Maximos_TMAX!$A:$ZZ, _xlpm.fila, _xlpm.colIni+2), IF(OR(_xlpm.anio="",_xlpm.dia=""), "", DATE(_xlpm.anio, _xlpm.mesNum, _xlpm.dia)) ), "")} -> 44397 | AW39: =IF(OR(AT39="",AU39=""),"NA",IFERROR(AT39-AU39,"NA")) -> -1.8
A40: 26185020 | B40: Mesopotamia | C40: Area Operativa 01 - Antioquia-Chocó | D40: -75.318639 | E40: 5.8863611 | F40: 2408 | G40: 5 | H40: 5400 | I40: Antioquia | J40: La Unión | K40: 22.2 | L40: 21.6 | M40: 21.2 | N40: 20.4 | O40: 22 | P40: 22.4 | Q40: 23.2 | R40: 22.8 | S40: 21.2 | T40: 21 | U40: 21.4 | V40: 19.4 | W40: 21 | X40: 20.8 | Y40: 21.4 | Z40: 21.6 | AA40: 22 | AB40: 22.4 | AP40: =COUNTIF(K40:AO40,">0") -> 18 | AQ40: =IF(AP40>14,AVERAGE(K40:AO40),"") -> 21.555556 | AR40: =IFERROR(VLOOKUP(A40,Climatologia_TMAX!A:U,9+$E$2,FALSE),"") -> 20.412982 | AS40: =IF(OR(AQ40="",AR40=""),"",IFERROR(AQ40-AR40,"")) -> 1.1425732 | AT40: =IF(COUNT(K40:AO40)=0,"",MAX(K40:AO40)) -> 23.2 | AU40: {=IFERROR( _xlfn.LET( _xlpm.mesTxt, INDEX({"ENERO","FEBRERO","MARZO","ABRIL","MAYO","JUNIO","JULIO","AGOSTO","SEPTIEMBRE","OCTUBRE","NOVIEMBRE","DICIEMBRE"}, E$2), _xlpm.colIni, MATCH(_xlpm.mesTxt, Maximos_TMAX!$1:$1, 0), _xlpm.fila, MATCH($A40, Maximos_TMAX!$A:$A, 0), _xlpm.val, INDEX(Maximos_TMAX!$A:$ZZ, _xlpm.fila, _xlpm.colIni), IF(_xlpm.val="", "", _xlpm.val) ), "")} | AV40: {=IFERROR( _xlfn.LET( _xlpm.mesNum, E$2, _xlpm.mesTxt, INDEX({"ENERO","FEBRERO","MARZO","ABRIL","MAYO","JUNIO","JULIO","AGOSTO","SEPTIEMBRE","OCTUBRE","NOVIEMBRE","DICIEMBRE"}, _xlpm.mesNum), _xlpm.colIni, MATCH(_xlpm.mesTxt, Maximos_TMAX!$1:$1, 0), _xlpm.fila, MATCH($A40, Maximos_TMAX!$A:$A, 0), _xlpm.anio, INDEX(Maximos_TMAX!$A:$ZZ, _xlpm.fila, _xlpm.colIni+1), _xlpm.dia, INDEX(Maximos_TMAX!$A:$ZZ, _xlpm.fila, _xlpm.colIni+2), IF(OR(_xlpm.anio="",_xlpm.dia=""), "", DATE(_xlpm.anio, _xlpm.mesNum, _xlpm.dia)) ), "")} | AW40: =IF(OR(AT40="",AU40=""),"NA",IFERROR(AT40-AU40,"NA")) -> NA
A41: 23085140 | B41: San Francisco | C41: Area Operativa 01 - Antioquia-Chocó | D41: -75.100694 | E41: 5.9638056 | F41: 1325 | G41: 5 | H41: 5652 | I41: Antioquia | J41: San Francisco | AP41: =COUNTIF(K41:AO41,">0") -> 0 | AQ41: =IF(AP41>14,AVERAGE(K41:AO41),"") | AR41: =IFERROR(VLOOKUP(A41,Climatologia_TMAX!A:U,9+$E$2,FALSE),"") -> 26.30914 | AS41: =IF(OR(AQ41="",AR41=""),"",IFERROR(AQ41-AR41,"")) | AT41: =IF(COUNT(K41:AO41)=0,"",MAX(K41:AO41)) | AU41: {=IFERROR( _xlfn.LET( _xlpm.mesTxt, INDEX({"ENERO","FEBRERO","MARZO","ABRIL","MAYO","JUNIO","JULIO","AGOSTO","SEPTIEMBRE","OCTUBRE","NOVIEMBRE","DICIEMBRE"}, E$2), _xlpm.colIni, MATCH(_xlpm.mesTxt, Maximos_TMAX!$1:$1, 0), _xlpm.fila, MATCH($A41, Maximos_TMAX!$A:$A, 0), _xlpm.val, INDEX(Maximos_TMAX!$A:$ZZ, _xlpm.fila, _xlpm.colIni), IF(_xlpm.val="", "", _xlpm.val) ), "")} -> 31 | AV41: {=IFERROR( _xlfn.LET( _xlpm.mesNum, E$2, _xlpm.mesTxt, INDEX({"ENERO","FEBRERO","MARZO","ABRIL","MAYO","JUNIO","JULIO","AGOSTO","SEPTIEMBRE","OCTUBRE","NOVIEMBRE","DICIEMBRE"}, _xlpm.mesNum), _xlpm.colIni, MATCH(_xlpm.mesTxt, Maximos_TMAX!$1:$1, 0), _xlpm.fila, MATCH($A41, Maximos_TMAX!$A:$A, 0), _xlpm.anio, INDEX(Maximos_TMAX!$A:$ZZ, _xlpm.fila, _xlpm.colIni+1), _xlpm.dia, INDEX(Maximos_TMAX!$A:$ZZ, _xlpm.fila, _xlpm.colIni+2), IF(OR(_xlpm.anio="",_xlpm.dia=""), "", DATE(_xlpm.anio, _xlpm.mesNum, _xlpm.dia)) ), "")} -> 42187 | AW41: =IF(OR(AT41="",AU41=""),"NA",IFERROR(AT41-AU41,"NA")) -> NA
A42: 27015090 | B42: Tulio Ospina | C42: Area Operativa 01 - Antioquia-Chocó | D42: -75.55325 | E42: 6.3196944 | F42: 1453 | G42: 5 | H42: 5088 | I42: Antioquia | J42: Bello | K42: 32 | L42: 32.6 | M42: 32 | N42: 28.6 | O42: 33.2 | P42: 35 | Q42: 35 | R42: 34.4 | S42: 28.2 | T42: 32.8 | U42: 33.2 | V42: 28.2 | W42: 32 | X42: 33 | Y42: 32 | Z42: 33.4 | AA42: 34 | AB42: 33.8 | AP42: =COUNTIF(K42:AO42,">0") -> 18 | AQ42: =IF(AP42>14,AVERAGE(K42:AO42),"") -> 32.411111 | AR42: =IFERROR(VLOOKUP(A42,Climatologia_TMAX!A:U,9+$E$2,FALSE),"") | AS42: =IF(OR(AQ42="",AR42=""),"",IFERROR(AQ42-AR42,"")) | AT42: =IF(COUNT(K42:AO42)=0,"",MAX(K42:AO42)) -> 35 | AU42: {=IFERROR( _xlfn.LET( _xlpm.mesTxt, INDEX({"ENERO","FEBRERO","MARZO","ABRIL","MAYO","JUNIO","JULIO","AGOSTO","SEPTIEMBRE","OCTUBRE","NOVIEMBRE","DICIEMBRE"}, E$2), _xlpm.colIni, MATCH(_xlpm.mesTxt, Maximos_TMAX!$1:$1, 0), _xlpm.fila, MATCH($A42, Maximos_TMAX!$A:$A, 0), _xlpm.val, INDEX(Maximos_TMAX!$A:$ZZ, _xlpm.fila, _xlpm.colIni), IF(_xlpm.val="", "", _xlpm.val) ), "")} -> 34 | AV42: {=IFERROR( _xlfn.LET( _xlpm.mesNum, E$2, _xlpm.mesTxt, INDEX({"ENERO","FEBRERO","MARZO","ABRIL","MAYO","JUNIO","JULIO","AGOSTO","SEPTIEMBRE","OCTUBRE","NOVIEMBRE","DICIEMBRE"}, _xlpm.mesNum), _xlpm.colIni, MATCH(_xlpm.mesTxt, Maximos_TMAX!$1:$1, 0), _xlpm.fila, MATCH($A42, Maximos_TMAX!$A:$A, 0), _xlpm.anio, INDEX(Maximos_TMAX!$A:$ZZ, _xlpm.fila, _xlpm.colIni+1), _xlpm.dia, INDEX(Maximos_TMAX!$A:$ZZ, _xlpm.fila, _xlpm.colIni+2), IF(OR(_xlpm.anio="",_xlpm.dia=""), "", DATE(_xlpm.anio, _xlpm.mesNum, _xlpm.dia)) ), "")} -> 45502 | AW42: =IF(OR(AT42="",AU42=""),"NA",IFERROR(AT42-AU42,"NA")) -> 1
A43: 12015020 | B43: Uniban | C43: Area Operativa 01 - Antioquia-Chocó | D43: -76.651333 | E43: 7.8259167 | F43: 43 | G43: 5 | H43: 5045 | I43: Antioquia | J43: Apartadó | K43: 33 | L43: 31.6 | M43: 33.2 | N43: 30.8 | O43: 33.4 | P43: 32.4 | Q43: 33.2 | R43: 33.4 | S43: 29.8 | T43: 32.4 | U43: 33 | V43: 30.2 | W43: 32 | X43: 33 | Y43: 34.8 | Z43: 33.4 | AA43: 33.2 | AB43: 32.8 | AP43: =COUNTIF(K43:AO43,">0") -> 18 | AQ43: =IF(AP43>14,AVERAGE(K43:AO43),"") -> 32.533333 | AR43: =IFERROR(VLOOKUP(A43,Climatologia_TMAX!A:U,9+$E$2,FALSE),"") -> 31.608867 | AS43: =IF(OR(AQ43="",AR43=""),"",IFERROR(AQ43-AR43,"")) -> 0.92446661 | AT43: =IF(COUNT(K43:AO43)=0,"",MAX(K43:AO43)) -> 34.8 | AU43: {=IFERROR( _xlfn.LET( _xlpm.mesTxt, INDEX({"ENERO","FEBRERO","MARZO","ABRIL","MAYO","JUNIO","JULIO","AGOSTO","SEPTIEMBRE","OCTUBRE","NOVIEMBRE","DICIEMBRE"}, E$2), _xlpm.colIni, MATCH(_xlpm.mesTxt, Maximos_TMAX!$1:$1, 0), _xlpm.fila, MATCH($A43, Maximos_TMAX!$A:$A, 0), _xlpm.val, INDEX(Maximos_TMAX!$A:$ZZ, _xlpm.fila, _xlpm.colIni), IF(_xlpm.val="", "", _xlpm.val) ), "")} -> 36 | AV43: {=IFERROR( _xlfn.LET( _xlpm.mesNum, E$2, _xlpm.mesTxt, INDEX({"ENERO","FEBRERO","MARZO","ABRIL","MAYO","JUNIO","JULIO","AGOSTO","SEPTIEMBRE","OCTUBRE","NOVIEMBRE","DICIEMBRE"}, _xlpm.mesNum), _xlpm.colIni, MATCH(_xlpm.mesTxt, Maximos_TMAX!$1:$1, 0), _xlpm.fila, MATCH($A43, Maximos_TMAX!$A:$A, 0), _xlpm.anio, INDEX(Maximos_TMAX!$A:$ZZ, _xlpm.fila, _xlpm.colIni+1), _xlpm.dia, INDEX(Maximos_TMAX!$A:$ZZ, _xlpm.fila, _xlpm.colIni+2), IF(OR(_xlpm.anio="",_xlpm.dia=""), "", DATE(_xlpm.anio, _xlpm.mesNum, _xlpm.dia)) ), "")} -> 44386 | AW43: =IF(OR(AT43="",AU43=""),"NA",IFERROR(AT43-AU43,"NA")) -> -1.2
A44: 11075020 | B44: Urrao | C44: Area Operativa 01 - Antioquia-Chocó | D44: -76.143306 | E44: 6.2983056 | F44: 1833 | G44: 5 | H44: 5847 | I44: Antioquia | J44: Urrao | K44: 27.2 | L44: 27.4 | M44: 26.8 | N44: 27.2 | O44: 26.8 | P44: 22 | Q44: 27.2 | R44: 27.6 | S44: 27.8 | T44: 28 | U44: 28 | V44: 27.2 | W44: 27.8 | X44: 28.6 | Y44: 28.4 | Z44: 28 | AA44: 29 | AB44: 28.4 | AP44: =COUNTIF(K44:AO44,">0") -> 18 | AQ44: =IF(AP44>14,AVERAGE(K44:AO44),"") -> 27.411111 | AR44: =IFERROR(VLOOKUP(A44,Climatologia_TMAX!A:U,9+$E$2,FALSE),"") -> 22.961797 | AS44: =IF(OR(AQ44="",AR44=""),"",IFERROR(AQ44-AR44,"")) -> 4.4493136 | AT44: =IF(COUNT(K44:AO44)=0,"",MAX(K44:AO44)) -> 29 | AU44: {=IFERROR( _xlfn.LET( _xlpm.mesTxt, INDEX({"ENERO","FEBRERO","MARZO","ABRIL","MAYO","JUNIO","JULIO","AGOSTO","SEPTIEMBRE","OCTUBRE","NOVIEMBRE","DICIEMBRE"}, E$2), _xlpm.colIni, MATCH(_xlpm.mesTxt, Maximos_TMAX!$1:$1, 0), _xlpm.fila, MATCH($A44, Maximos_TMAX!$A:$A, 0), _xlpm.val, INDEX(Maximos_TMAX!$A:$ZZ, _xlpm.fila, _xlpm.colIni), IF(_xlpm.val="", "", _xlpm.val) ), "")} -> 29 | AV44: {=IFERROR( _xlfn.LET( _xlpm.mesNum, E$2, _xlpm.mesTxt, INDEX({"ENERO","FEBRERO","MARZO","ABRIL","MAYO","JUNIO","JULIO","AGOSTO","SEPTIEMBRE","OCTUBRE","NOVIEMBRE","DICIEMBRE"}, _xlpm.mesNum), _xlpm.colIni, MATCH(_xlpm.mesTxt, Maximos_TMAX!$1:$1, 0), _xlpm.fila, MATCH($A44, Maximos_TMAX!$A:$A, 0), _xlpm.anio, INDEX(Maximos_TMAX!$A:$ZZ, _xlpm.fila, _xlpm.colIni+1), _xlpm.dia, INDEX(Maximos_TMAX!$A:$ZZ, _xlpm.fila, _xlpm.colIni+2), IF(OR(_xlpm.anio="",_xlpm.dia=""), "", DATE(_xlpm.anio, _xlpm.mesNum, _xlpm.dia)) ), "")} -> 45127 | AW44: =IF(OR(AT44="",AU44=""),"NA",IFERROR(AT44-AU44,"NA")) -> 0
A45: 25025080 | B45: Aeropuerto Rafael Barvo | C45: Area Operativa 02 - Atlántico-Bolivar-Sucre | D45: -75.283056 | E45: 9.3338889 | F45: 166 | G45: 70 | H45: 70215 | I45: Sucre | J45: Corozal | K45: 36.8 | L45: 37 | M45: 36.8 | N45: 33.6 | O45: 35.8 | P45: 36.6 | Q45: 37.8 | R45: 38 | S45: 31.8 | T45: 36.8 | U45: 36.6 | V45: 34.2 | W45: 35.2 | X45: 36 | Y45: 37.6 | Z45: 37.8 | AA45: 38.2 | AB45: 36.8 | AP45: =COUNTIF(K45:AO45,">0") -> 18 | AQ45: =IF(AP45>14,AVERAGE(K45:AO45),"") -> 36.3 | AR45: =IFERROR(VLOOKUP(A45,Climatologia_TMAX!A:U,9+$E$2,FALSE),"") -> 33.381792 | AS45: =IF(OR(AQ45="",AR45=""),"",IFERROR(AQ45-AR45,"")) -> 2.9182079 | AT45: =IF(COUNT(K45:AO45)=0,"",MAX(K45:AO45)) -> 38.2 | AU45: {=IFERROR( _xlfn.LET( _xlpm.mesTxt, INDEX({"ENERO","FEBRERO","MARZO","ABRIL","MAYO","JUNIO","JULIO","AGOSTO","SEPTIEMBRE","OCTUBRE","NOVIEMBRE","DICIEMBRE"}, E$2), _xlpm.colIni, MATCH(_xlpm.mesTxt, Maximos_TMAX!$1:$1, 0), _xlpm.fila, MATCH($A45, Maximos_TMAX!$A:$A, 0), _xlpm.val, INDEX(Maximos_TMAX!$A:$ZZ, _xlpm.fila, _xlpm.colIni), IF(_xlpm.val="", "", _xlpm.val) ), "")} -> 38.2 | AV45: {=IFERROR( _xlfn.LET( _xlpm.mesNum, E$2, _xlpm.mesTxt, INDEX({"ENERO","FEBRERO","MARZO","ABRIL","MAYO","JUNIO","JULIO","AGOSTO","SEPTIEMBRE","OCTUBRE","NOVIEMBRE","DICIEMBRE"}, _xlpm.mesNum), _xlpm.colIni, MATCH(_xlpm.mesTxt, Maximos_TMAX!$1:$1, 0), _xlpm.fila, MATCH($A45, Maximos_TMAX!$A:$A, 0), _xlpm.anio, INDEX(Maximos_TMAX!$A:$ZZ, _xlpm.fila, _xlpm.colIni+1), _xlpm.dia, INDEX(Maximos_TMAX!$A:$ZZ, _xlpm.fila, _xlpm.colIni+2), IF(OR(_xlpm.anio="",_xlpm.dia=""), "", DATE(_xlpm.anio, _xlpm.mesNum, _xlpm.dia)) ), "")} -> 35635 | AW45: =IF(OR(AT45="",AU45=""),"NA",IFERROR(AT45-AU45,"NA")) -> 0
A46: 12045010 | B46: Arboletes | C46: Area Operativa 02 - Atlántico-Bolivar-Sucre | D46: -76.431944 | E46: 8.8469444 | F46: 4 | G46: 5 | H46: 5051 | I46: Antioquia | J46: Arboletes | K46: 32.4 | L46: 32.2 | M46: 31.8 | N46: 31 | O46: 32.2 | P46: 32 | Q46: 32.8 | R46: 32.6 | S46: 28.8 | T46: 31.8 | U46: 32 | V46: 31.8 | W46: 30.2 | X46: 32.2 | Y46: 32.8 | Z46: 33 | AA46: 32.8 | AB46: 32.6 | AP46: =COUNTIF(K46:AO46,">0") -> 18 | AQ46: =IF(AP46>14,AVERAGE(K46:AO46),"") -> 31.944444 | AR46: =IFERROR(VLOOKUP(A46,Climatologia_TMAX!A:U,9+$E$2,FALSE),"") | AS46: =IF(OR(AQ46="",AR46=""),"",IFERROR(AQ46-AR46,"")) | AT46: =IF(COUNT(K46:AO46)=0,"",MAX(K46:AO46)) -> 33 | AU46: {=IFERROR( _xlfn.LET( _xlpm.mesTxt, INDEX({"ENERO","FEBRERO","MARZO","ABRIL","MAYO","JUNIO","JULIO","AGOSTO","SEPTIEMBRE","OCTUBRE","NOVIEMBRE","DICIEMBRE"}, E$2), _xlpm.colIni, MATCH(_xlpm.mesTxt, Maximos_TMAX!$1:$1, 0), _xlpm.fila, MATCH($A46, Maximos_TMAX!$A:$A, 0), _xlpm.val, INDEX(Maximos_TMAX!$A:$ZZ, _xlpm.fila, _xlpm.colIni), IF(_xlpm.val="", "", _xlpm.val) ), "")} -> 36 | AV46: {=IFERROR( _xlfn.LET( _xlpm.mesNum, E$2, _xlpm.mesTxt, INDEX({"ENERO","FEBRERO","MARZO","ABRIL","MAYO","JUNIO","JULIO","AGOSTO","SEPTIEMBRE","OCTUBRE","NOVIEMBRE","DICIEMBRE"}, _xlpm.mesNum), _xlpm.colIni, MATCH(_xlpm.mesTxt, Maximos_TMAX!$1:$1, 0), _xlpm.fila, MATCH($A46, Maximos_TMAX!$A:$A, 0), _xlpm.anio, INDEX(Maximos_TMAX!$A:$ZZ, _xlpm.fila, _xlpm.colIni+1), _xlpm.dia, INDEX(Maximos_TMAX!$A:$ZZ, _xlpm.fila, _xlpm.colIni+2), IF(OR(_xlpm.anio="",_xlpm.dia=""), "", DATE(_xlpm.anio, _xlpm.mesNum, _xlpm.dia)) ), "")} -> 33437 | AW46: =IF(OR(AT46="",AU46=""),"NA",IFERROR(AT46-AU46,"NA")) -> -3
A47: 14010050 | B47: Cañaveral | C47: Area Operativa 02 - Atlántico-Bolivar-Sucre | D47: -75.335295 | E47: 10.392974 | F47: 75 | G47: 13 | H47: 13836 | I47: Bolívar | J47: Turbaco | AP47: =COUNTIF(K47:AO47,">0") -> 0 | AQ47: =IF(AP47>14,AVERAGE(K47:AO47),"") | AR47: =IFERROR(VLOOKUP(A47,Climatologia_TMAX!A:U,9+$E$2,FALSE),"") | AS47: =IF(OR(AQ47="",AR47=""),"",IFERROR(AQ47-AR47,"")) | AT47: =IF(COUNT(K47:AO47)=0,"",MAX(K47:AO47)) | AU47: {=IFERROR( _xlfn.LET( _xlpm.mesTxt, INDEX({"ENERO","FEBRERO","MARZO","ABRIL","MAYO","JUNIO","JULIO","AGOSTO","SEPTIEMBRE","OCTUBRE","NOVIEMBRE","DICIEMBRE"}, E$2), _xlpm.colIni, MATCH(_xlpm.mesTxt, Maximos_TMAX!$1:$1, 0), _xlpm.fila, MATCH($A47, Maximos_TMAX!$A:$A, 0), _xlpm.val, INDEX(Maximos_TMAX!$A:$ZZ, _xlpm.fila, _xlpm.colIni), IF(_xlpm.val="", "", _xlpm.val) ), "")} | AV47: {=IFERROR( _xlfn.LET( _xlpm.mesNum, E$2, _xlpm.mesTxt, INDEX({"ENERO","FEBRERO","MARZO","ABRIL","MAYO","JUNIO","JULIO","AGOSTO","SEPTIEMBRE","OCTUBRE","NOVIEMBRE","DICIEMBRE"}, _xlpm.mesNum), _xlpm.colIni, MATCH(_xlpm.mesTxt, Maximos_TMAX!$1:$1, 0), _xlpm.fila, MATCH($A47, Maximos_TMAX!$A:$A, 0), _xlpm.anio, INDEX(Maximos_TMAX!$A:$ZZ, _xlpm.fila, _xlpm.colIni+1), _xlpm.dia, INDEX(Maximos_TMAX!$A:$ZZ, _xlpm.fila, _xlpm.colIni+2), IF(OR(_xlpm.anio="",_xlpm.dia=""), "", DATE(_xlpm.anio, _xlpm.mesNum, _xlpm.dia)) ), "")} | AW47: =IF(OR(AT47="",AU47=""),"NA",IFERROR(AT47-AU47,"NA")) -> NA
A48: 13090040 | B48: Chalan | C48: Area Operativa 02 - Atlántico-Bolivar-Sucre | D48: -75.3225 | E48: 9.5386111 | F48: 100 | G48: 70 | H48: 70230 | I48: Sucre | J48: Chalán | AP48: =COUNTIF(K48:AO48,">0") -> 0 | AQ48: =IF(AP48>14,AVERAGE(K48:AO48),"") | AR48: =IFERROR(VLOOKUP(A48,Climatologia_TMAX!A:U,9+$E$2,FALSE),"") | AS48: =IF(OR(AQ48="",AR48=""),"",IFERROR(AQ48-AR48,"")) | AT48: =IF(COUNT(K48:AO48)=0,"",MAX(K48:AO48)) | AU48: {=IFERROR( _xlfn.LET( _xlpm.mesTxt, INDEX({"ENERO","FEBRERO","MARZO","ABRIL","MAYO","JUNIO","JULIO","AGOSTO","SEPTIEMBRE","OCTUBRE","NOVIEMBRE","DICIEMBRE"}, E$2), _xlpm.colIni, MATCH(_xlpm.mesTxt, Maximos_TMAX!$1:$1, 0), _xlpm.fila, MATCH($A48, Maximos_TMAX!$A:$A, 0), _xlpm.val, INDEX(Maximos_TMAX!$A:$ZZ, _xlpm.fila, _xlpm.colIni), IF(_xlpm.val="", "", _xlpm.val) ), "")} | AV48: {=IFERROR( _xlfn.LET( _xlpm.mesNum, E$2, _xlpm.mesTxt, INDEX({"ENERO","FEBRERO","MARZO","ABRIL","MAYO","JUNIO","JULIO","AGOSTO","SEPTIEMBRE","OCTUBRE","NOVIEMBRE","DICIEMBRE"}, _xlpm.mesNum), _xlpm.colIni, MATCH(_xlpm.mesTxt, Maximos_TMAX!$1:$1, 0), _xlpm.fila, MATCH($A48, Maximos_TMAX!$A:$A, 0), _xlpm.anio, INDEX(Maximos_TMAX!$A:$ZZ, _xlpm.fila, _xlpm.colIni+1), _xlpm.dia, INDEX(Maximos_TMAX!$A:$ZZ, _xlpm.fila, _xlpm.colIni+2), IF(OR(_xlpm.anio="",_xlpm.dia=""), "", DATE(_xlpm.anio, _xlpm.mesNum, _xlpm.dia)) ), "")} | AW48: =IF(OR(AT48="",AU48=""),"NA",IFERROR(AT48-AU48,"NA")) -> NA
A49: 13075010 | B49: Chima | C49: Area Operativa 02 - Atlántico-Bolivar-Sucre | D49: -75.622083 | E49: 9.15075 | F49: 20 | G49: 23 | H49: 23168 | I49: Córdoba | J49: Chimá | K49: 37.2 | L49: 35.6 | M49: 34.2 | N49: 30 | O49: 36 | P49: 35 | Q49: 36.4 | R49: 37.2 | S49: 31.8 | T49: 35.6 | U49: 34.8 | V49: 33.6 | W49: 33.2 | X49: 36 | Y49: 37.2 | Z49: 37.8 | AA49: 37.8 | AB49: 36.6 | AP49: =COUNTIF(K49:AO49,">0") -> 18 | AQ49: =IF(AP49>14,AVERAGE(K49:AO49),"") -> 35.333333 | AR49: =IFERROR(VLOOKUP(A49,Climatologia_TMAX!A:U,9+$E$2,FALSE),"") -> 32.823446 | AS49: =IF(OR(AQ49="",AR49=""),"",IFERROR(AQ49-AR49,"")) -> 2.5098877 | AT49: =IF(COUNT(K49:AO49)=0,"",MAX(K49:AO49)) -> 37.8 | AU49: {=IFERROR( _xlfn.LET( _xlpm.mesTxt, INDEX({"ENERO","FEBRERO","MARZO","ABRIL","MAYO","JUNIO","JULIO","AGOSTO","SEPTIEMBRE","OCTUBRE","NOVIEMBRE","DICIEMBRE"}, E$2), _xlpm.colIni, MATCH(_xlpm.mesTxt, Maximos_TMAX!$1:$1, 0), _xlpm.fila, MATCH($A49, Maximos_TMAX!$A:$A, 0), _xlpm.val, INDEX(Maximos_TMAX!$A:$ZZ, _xlpm.fila, _xlpm.colIni), IF(_xlpm.val="", "", _xlpm.val) ), "")} -> 39.6 | AV49: {=IFERROR( _xlfn.LET( _xlpm.mesNum, E$2, _xlpm.mesTxt, INDEX({"ENERO","FEBRERO","MARZO","ABRIL","MAYO","JUNIO","JULIO","AGOSTO","SEPTIEMBRE","OCTUBRE","NOVIEMBRE","DICIEMBRE"}, _xlpm.mesNum), _xlpm.colIni, MATCH(_xlpm.mesTxt, Maximos_TMAX!$1:$1, 0), _xlpm.fila, MATCH($A49, Maximos_TMAX!$A:$A, 0), _xlpm.anio, INDEX(Maximos_TMAX!$A:$ZZ, _xlpm.fila, _xlpm.colIni+1), _xlpm.dia, INDEX(Maximos_TMAX!$A:$ZZ, _xlpm.fila, _xlpm.colIni+2), IF(OR(_xlpm.anio="",_xlpm.dia=""), "", DATE(_xlpm.anio, _xlpm.mesNum, _xlpm.dia)) ), "")} -> 42189 | AW49: =IF(OR(AT49="",AU49=""),"NA",IFERROR(AT49-AU49,"NA")) -> -1.8
A50: 25020470 | B50: Chinu - AUT | C50: Area Operativa 02 - Atlántico-Bolivar-Sucre | D50: -75.393333 | E50: 9.1177778 | F50: 125 | G50: 23 | H50: 23182 | I50: Córdoba | J50: Chinú | AP50: =COUNTIF(K50:AO50,">0") -> 0 | AQ50: =IF(AP50>14,AVERAGE(K50:AO50),"") | AR50: =IFERROR(VLOOKUP(A50,Climatologia_TMAX!A:U,9+$E$2,FALSE),"") | AS50: =IF(OR(AQ50="",AR50=""),"",IFERROR(AQ50-AR50,"")) | AT50: =IF(COUNT(K50:AO50)=0,"",MAX(K50:AO50)) | AU50: {=IFERROR( _xlfn.LET( _xlpm.mesTxt, INDEX({"ENERO","FEBRERO","MARZO","ABRIL","MAYO","JUNIO","JULIO","AGOSTO","SEPTIEMBRE","OCTUBRE","NOVIEMBRE","DICIEMBRE"}, E$2), _xlpm.colIni, MATCH(_xlpm.mesTxt, Maximos_TMAX!$1:$1, 0), _xlpm.fila, MATCH($A50, Maximos_TMAX!$A:$A, 0), _xlpm.val, INDEX(Maximos_TMAX!$A:$ZZ, _xlpm.fila, _xlpm.colIni), IF(_xlpm.val="", "", _xlpm.val) ), "")} | AV50: {=IFERROR( _xlfn.LET( _xlpm.mesNum, E$2, _xlpm.mesTxt, INDEX({"ENERO","FEBRERO","MARZO","ABRIL","MAYO","JUNIO","JULIO","AGOSTO","SEPTIEMBRE","OCTUBRE","NOVIEMBRE","DICIEMBRE"}, _xlpm.mesNum), _xlpm.colIni, MATCH(_xlpm.mesTxt, Maximos_TMAX!$1:$1, 0), _xlpm.fila, MATCH($A50, Maximos_TMAX!$A:$A, 0), _xlpm.anio, INDEX(Maximos_TMAX!$A:$ZZ, _xlpm.fila, _xlpm.colIni+1), _xlpm.dia, INDEX(Maximos_TMAX!$A:$ZZ, _xlpm.fila, _xlpm.colIni+2), IF(OR(_xlpm.anio="",_xlpm.dia=""), "", DATE(_xlpm.anio, _xlpm.mesNum, _xlpm.dia)) ), "")} | AW50: =IF(OR(AT50="",AU50=""),"NA",IFERROR(AT50-AU50,"NA")) -> NA
A51: 25025170 | B51: Colomboy | C51: Area Operativa 02 - Atlántico-Bolivar-Sucre | D51: -75.498833 | E51: 8.7408611 | F51: 125 | G51: 23 | H51: 23660 | I51: Córdoba | J51: Sahagún | AP51: =COUNTIF(K51:AO51,">0") -> 0 | AQ51: =IF(AP51>14,AVERAGE(K51:AO51),"") | AR51: =IFERROR(VLOOKUP(A51,Climatologia_TMAX!A:U,9+$E$2,FALSE),"") -> 32.006171 | AS51: =IF(OR(AQ51="",AR51=""),"",IFERROR(AQ51-AR51,"")) | AT51: =IF(COUNT(K51:AO51)=0,"",MAX(K51:AO51)) | AU51: {=IFERROR( _xlfn.LET( _xlpm.mesTxt, INDEX({"ENERO","FEBRERO","MARZO","ABRIL","MAYO","JUNIO","JULIO","AGOSTO","SEPTIEMBRE","OCTUBRE","NOVIEMBRE","DICIEMBRE"}, E$2), _xlpm.colIni, MATCH(_xlpm.mesTxt, Maximos_TMAX!$1:$1, 0), _xlpm.fila, MATCH($A51, Maximos_TMAX!$A:$A, 0), _xlpm.val, INDEX(Maximos_TMAX!$A:$ZZ, _xlpm.fila, _xlpm.colIni), IF(_xlpm.val="", "", _xlpm.val) ), "")} -> 37.2 | AV51: {=IFERROR( _xlfn.LET( _xlpm.mesNum, E$2, _xlpm.mesTxt, INDEX({"ENERO","FEBRERO","MARZO","ABRIL","MAYO","JUNIO","JULIO","AGOSTO","SEPTIEMBRE","OCTUBRE","NOVIEMBRE","DICIEMBRE"}, _xlpm.mesNum), _xlpm.colIni, MATCH(_xlpm.mesTxt, Maximos_TMAX!$1:$1, 0), _xlpm.fila, MATCH($A51, Maximos_TMAX!$A:$A, 0), _xlpm.anio, INDEX(Maximos_TMAX!$A:$ZZ, _xlpm.fila, _xlpm.colIni+1), _xlpm.dia, INDEX(Maximos_TMAX!$A:$ZZ, _xlpm.fila, _xlpm.colIni+2), IF(OR(_xlpm.anio="",_xlpm.dia=""), "", DATE(_xlpm.anio, _xlpm.mesNum, _xlpm.dia)) ), "")} -> 41839 | AW51: =IF(OR(AT51="",AU51=""),"NA",IFERROR(AT51-AU51,"NA")) -> NA
A52: 12045020 | B52: Cristo Rey - AUT | C52: Area Operativa 02 - Atlántico-Bolivar-Sucre | D52: -76.224444 | E52: 9.0711111 | F52: 15 | G52: 23 | H52: 23574 | I52: Córdoba | J52: Puerto Escondido | K52: 32.8 | M52: 31.6 | N52: 31.4 | O52: 32 | P52: 32.2 | Q52: 33 | R52: 32.6 | S52: 31.4 | T52: 31.6 | U52: 32 | V52: 31.6 | W52: 31 | X52: 32.4 | Y52: 32.8 | Z52: 33.2 | AA52: 34 | AB52: 33 | AP52: =COUNTIF(K52:AO52,">0") -> 17 | AQ52: =IF(AP52>14,AVERAGE(K52:AO52),"") -> 32.270588 | AR52: =IFERROR(VLOOKUP(A52,Climatologia_TMAX!A:U,9+$E$2,FALSE),"") -> 31.351722 | AS52: =IF(OR(AQ52="",AR52=""),"",IFERROR(AQ52-AR52,"")) -> 0.91886585 | AT52: =IF(COUNT(K52:AO52)=0,"",MAX(K52:AO52)) -> 34 | AU52: {=IFERROR( _xlfn.LET( _xlpm.mesTxt, INDEX({"ENERO","FEBRERO","MARZO","ABRIL","MAYO","JUNIO","JULIO","AGOSTO","SEPTIEMBRE","OCTUBRE","NOVIEMBRE","DICIEMBRE"}, E$2), _xlpm.colIni, MATCH(_xlpm.mesTxt, Maximos_TMAX!$1:$1, 0), _xlpm.fila, MATCH($A52, Maximos_TMAX!$A:$A, 0), _xlpm.val, INDEX(Maximos_TMAX!$A:$ZZ, _xlpm.fila, _xlpm.colIni), IF(_xlpm.val="", "", _xlpm.val) ), "")} | AV52: {=IFERROR( _xlfn.LET( _xlpm.mesNum, E$2, _xlpm.mesTxt, INDEX({"ENERO","FEBRERO","MARZO","ABRIL","MAYO","JUNIO","JULIO","AGOSTO","SEPTIEMBRE","OCTUBRE","NOVIEMBRE","DICIEMBRE"}, _xlpm.mesNum), _xlpm.colIni, MATCH(_xlpm.mesTxt, Maximos_TMAX!$1:$1, 0), _xlpm.fila, MATCH($A52, Maximos_TMAX!$A:$A, 0), _xlpm.anio, INDEX(Maximos_TMAX!$A:$ZZ, _xlpm.fila, _xlpm.colIni+1), _xlpm.dia, INDEX(Maximos_TMAX!$A:$ZZ, _xlpm.fila, _xlpm.colIni+2), IF(OR(_xlpm.anio="",_xlpm.dia=""), "", DATE(_xlpm.anio, _xlpm.mesNum, _xlpm.dia)) ), "")} | AW52: =IF(OR(AT52="",AU52=""),"NA",IFERROR(AT52-AU52,"NA")) -> NA
A53: 25025160 | B53: Cuba Hacienda | C53: Area Operativa 02 - Atlántico-Bolivar-Sucre | D53: -75.402778 | E53: 8.0038889 | F53: 50 | G53: 23 | H53: 23466 | I53: Córdoba | J53: Montelíbano | K53: 35.2 | L53: 34 | M53: 34.2 | N53: 32 | O53: 35.2 | P53: 35 | Q53: 35.2 | R53: 37 | S53: 30.2 | T53: 34 | U53: 36.2 | V53: 33.8 | W53: 32.8 | X53: 34.8 | Y53: 35.8 | Z53: 35.8 | AA53: 36.8 | AB53: 34.2 | AP53: =COUNTIF(K53:AO53,">0") -> 18 | AQ53: =IF(AP53>14,AVERAGE(K53:AO53),"") -> 34.566667 | AR53: =IFERROR(VLOOKUP(A53,Climatologia_TMAX!A:U,9+$E$2,FALSE),"") -> 32.406929 | AS53: =IF(OR(AQ53="",AR53=""),"",IFERROR(AQ53-AR53,"")) -> 2.1597377 | AT53: =IF(COUNT(K53:AO53)=0,"",MAX(K53:AO53)) -> 37 | AU53: {=IFERROR( _xlfn.LET( _xlpm.mesTxt, INDEX({"ENERO","FEBRERO","MARZO","ABRIL","MAYO","JUNIO","JULIO","AGOSTO","SEPTIEMBRE","OCTUBRE","NOVIEMBRE","DICIEMBRE"}, E$2), _xlpm.colIni, MATCH(_xlpm.mesTxt, Maximos_TMAX!$1:$1, 0), _xlpm.fila, MATCH($A53, Maximos_TMAX!$A:$A, 0), _xlpm.val, INDEX(Maximos_TMAX!$A:$ZZ, _xlpm.fila, _xlpm.colIni), IF(_xlpm.val="", "", _xlpm.val) ), "")} -> 36 | AV53: {=IFERROR( _xlfn.LET( _xlpm.mesNum, E$2, _xlpm.mesTxt, INDEX({"ENERO","FEBRERO","MARZO","ABRIL","MAYO","JUNIO","JULIO","AGOSTO","SEPTIEMBRE","OCTUBRE","NOVIEMBRE","DICIEMBRE"}, _xlpm.mesNum), _xlpm.colIni, MATCH(_xlpm.mesTxt, Maximos_TMAX!$1:$1, 0), _xlpm.fila, MATCH($A53, Maximos_TMAX!$A:$A, 0), _xlpm.anio, INDEX(Maximos_TMAX!$A:$ZZ, _xlpm.fila, _xlpm.colIni+1), _xlpm.dia, INDEX(Maximos_TMAX!$A:$ZZ, _xlpm.fila, _xlpm.colIni+2), IF(OR(_xlpm.anio="",_xlpm.dia=""), "", DATE(_xlpm.anio, _xlpm.mesNum, _xlpm.dia)) ), "")} -> 45127 | AW53: =IF(OR(AT53="",AU53=""),"NA",IFERROR(AT53-AU53,"NA")) -> 1
A54: 29015000 | B54: El Guamo - AUT | C54: Area Operativa 02 - Atlántico-Bolivar-Sucre | D54: -74.976638 | E54: 10.034607 | F54: 75 | G54: 13 | H54: 13248 | I54: Bolívar | J54: El Guamo | K54: 37.8 | L54: 38.8 | Q54: 39 | R54: 40 | S54: 34 | T54: 38.4 | U54: 38.8 | V54: 36.6 | W54: 36 | X54: 38.4 | Y54: 40.4 | Z54: 40.6 | AA54: 41.6 | AB54: 39.4 | AP54: =COUNTIF(K54:AO54,">0") -> 14 | AQ54: =IF(AP54>14,AVERAGE(K54:AO54),"") | AR54: =IFERROR(VLOOKUP(A54,Climatologia_TMAX!A:U,9+$E$2,FALSE),"") | AS54: =IF(OR(AQ54="",AR54=""),"",IFERROR(AQ54-AR54,"")) | AT54: =IF(COUNT(K54:AO54)=0,"",MAX(K54:AO54)) -> 41.6 | AU54: {=IFERROR( _xlfn.LET( _xlpm.mesTxt, INDEX({"ENERO","FEBRERO","MARZO","ABRIL","MAYO","JUNIO","JULIO","AGOSTO","SEPTIEMBRE","OCTUBRE","NOVIEMBRE","DICIEMBRE"}, E$2), _xlpm.colIni, MATCH(_xlpm.mesTxt, Maximos_TMAX!$1:$1, 0), _xlpm.fila, MATCH($A54, Maximos_TMAX!$A:$A, 0), _xlpm.val, INDEX(Maximos_TMAX!$A:$ZZ, _xlpm.fila, _xlpm.colIni), IF(_xlpm.val="", "", _xlpm.val) ), "")} -> 42 | AV54: {=IFERROR( _xlfn.LET( _xlpm.mesNum, E$2, _xlpm.mesTxt, INDEX({"ENERO","FEBRERO","MARZO","ABRIL","MAYO","JUNIO","JULIO","AGOSTO","SEPTIEMBRE","OCTUBRE","NOVIEMBRE","DICIEMBRE"}, _xlpm.mesNum), _xlpm.colIni, MATCH(_xlpm.mesTxt, Maximos_TMAX!$1:$1, 0), _xlpm.fila, MATCH($A54, Maximos_TMAX!$A:$A, 0), _xlpm.anio, INDEX(Maximos_TMAX!$A:$ZZ, _xlpm.fila, _xlpm.colIni+1), _xlpm.dia, INDEX(Maximos_TMAX!$A:$ZZ, _xlpm.fila, _xlpm.colIni+2), IF(OR(_xlpm.anio="",_xlpm.dia=""), "", DATE(_xlpm.anio, _xlpm.mesNum, _xlpm.dia)) ), "")} -> 42188 | AW54: =IF(OR(AT54="",AU54=""),"NA",IFERROR(AT54-AU54,"NA")) -> -0.4
A55: 13075020 | B55: El Salado | C55: Area Operativa 02 - Atlántico-Bolivar-Sucre | D55: -75.582222 | E55: 8.9138889 | F55: 40 | G55: 23 | H55: 23189 | I55: Córdoba | J55: Ciénaga De Oro | K55: 38.4 | L55: 37 | M55: 36 | N55: 32.6 | O55: 36.6 | P55: 36 | Q55: 37 | R55: 37.2 | S55: 30.7 | T55: 34.8 | U55: 34.8 | V55: 35 | W55: 34.4 | X55: 36.2 | Y55: 37.4 | Z55: 38 | AA55: 38.6 | AP55: =COUNTIF(K55:AO55,">0") -> 17 | AQ55: =IF(AP55>14,AVERAGE(K55:AO55),"") -> 35.923529 | AR55: =IFERROR(VLOOKUP(A55,Climatologia_TMAX!A:U,9+$E$2,FALSE),"") -> 33.028858 | AS55: =IF(OR(AQ55="",AR55=""),"",IFERROR(AQ55-AR55,"")) -> 2.8946711 | AT55: =IF(COUNT(K55:AO55)=0,"",MAX(K55:AO55)) -> 38.6 | AU55: {=IFERROR( _xlfn.LET( _xlpm.mesTxt, INDEX({"ENERO","FEBRERO","MARZO","ABRIL","MAYO","JUNIO","JULIO","AGOSTO","SEPTIEMBRE","OCTUBRE","NOVIEMBRE","DICIEMBRE"}, E$2), _xlpm.colIni, MATCH(_xlpm.mesTxt, Maximos_TMAX!$1:$1, 0), _xlpm.fila, MATCH($A55, Maximos_TMAX!$A:$A, 0), _xlpm.val, INDEX(Maximos_TMAX!$A:$ZZ, _xlpm.fila, _xlpm.colIni), IF(_xlpm.val="", "", _xlpm.val) ), "")} -> 39 | AV55: {=IFERROR( _xlfn.LET( _xlpm.mesNum, E$2, _xlpm.mesTxt, INDEX({"ENERO","FEBRERO","MARZO","ABRIL","MAYO","JUNIO","JULIO","AGOSTO","SEPTIEMBRE","OCTUBRE","NOVIEMBRE","DICIEMBRE"}, _xlpm.mesNum), _xlpm.colIni, MATCH(_xlpm.mesTxt, Maximos_TMAX!$1:$1, 0), _xlpm.fila, MATCH($A55, Maximos_TMAX!$A:$A, 0), _xlpm.anio, INDEX(Maximos_TMAX!$A:$ZZ, _xlpm.fila, _xlpm.colIni+1), _xlpm.dia, INDEX(Maximos_TMAX!$A:$ZZ, _xlpm.fila, _xlpm.colIni+2), IF(OR(_xlpm.anio="",_xlpm.dia=""), "", DATE(_xlpm.anio, _xlpm.mesNum, _xlpm.dia)) ), "")} -> 45856 | AW55: =IF(OR(AT55="",AU55=""),"NA",IFERROR(AT55-AU55,"NA")) -> -0.4
A56: 13085010 | B56: La Doctrina | C56: Area Operativa 02 - Atlántico-Bolivar-Sucre | D56: -75.892778 | E56: 9.2972222 | F56: 20 | G56: 23 | H56: 23417 | I56: Córdoba | J56: Lorica | AP56: =COUNTIF(K56:AO56,">0") -> 0 | AQ56: =IF(AP56>14,AVERAGE(K56:AO56),"") | AR56: =IFERROR(VLOOKUP(A56,Climatologia_TMAX!A:U,9+$E$2,FALSE),"") -> 32.588746 | AS56: =IF(OR(AQ56="",AR56=""),"",IFERROR(AQ56-AR56,"")) | AT56: =IF(COUNT(K56:AO56)=0,"",MAX(K56:AO56)) | AU56: {=IFERROR( _xlfn.LET( _xlpm.mesTxt, INDEX({"ENERO","FEBRERO","MARZO","ABRIL","MAYO","JUNIO","JULIO","AGOSTO","SEPTIEMBRE","OCTUBRE","NOVIEMBRE","DICIEMBRE"}, E$2), _xlpm.colIni, MATCH(_xlpm.mesTxt, Maximos_TMAX!$1:$1, 0), _xlpm.fila, MATCH($A56, Maximos_TMAX!$A:$A, 0), _xlpm.val, INDEX(Maximos_TMAX!$A:$ZZ, _xlpm.fila, _xlpm.colIni), IF(_xlpm.val="", "", _xlpm.val) ), "")} -> 38.4 | AV56: {=IFERROR( _xlfn.LET( _xlpm.mesNum, E$2, _xlpm.mesTxt, INDEX({"ENERO","FEBRERO","MARZO","ABRIL","MAYO","JUNIO","JULIO","AGOSTO","SEPTIEMBRE","OCTUBRE","NOVIEMBRE","DICIEMBRE"}, _xlpm.mesNum), _xlpm.colIni, MATCH(_xlpm.mesTxt, Maximos_TMAX!$1:$1, 0), _xlpm.fila, MATCH($A56, Maximos_TMAX!$A:$A, 0), _xlpm.anio, INDEX(Maximos_TMAX!$A:$ZZ, _xlpm.fila, _xlpm.colIni+1), _xlpm.dia, INDEX(Maximos_TMAX!$A:$ZZ, _xlpm.fila, _xlpm.colIni+2), IF(OR(_xlpm.anio="",_xlpm.dia=""), "", DATE(_xlpm.anio, _xlpm.mesNum, _xlpm.dia)) ), "")} -> 42186 | AW56: =IF(OR(AT56="",AU56=""),"NA",IFERROR(AT56-AU56,"NA")) -> NA
A57: 25025240 | B57: Majagual - AUT | C57: Area Operativa 02 - Atlántico-Bolivar-Sucre | D57: -74.626401 | E57: 8.542385 | F57: 26 | G57: 70 | H57: 70429 | I57: Sucre | J57: Majagual | AP57: =COUNTIF(K57:AO57,">0") -> 0 | AQ57: =IF(AP57>14,AVERAGE(K57:AO57),"") | AR57: =IFERROR(VLOOKUP(A57,Climatologia_TMAX!A:U,9+$E$2,FALSE),"") | AS57: =IF(OR(AQ57="",AR57=""),"",IFERROR(AQ57-AR57,"")) | AT57: =IF(COUNT(K57:AO57)=0,"",MAX(K57:AO57)) | AU57: {=IFERROR( _xlfn.LET( _xlpm.mesTxt, INDEX({"ENERO","FEBRERO","MARZO","ABRIL","MAYO","JUNIO","JULIO","AGOSTO","SEPTIEMBRE","OCTUBRE","NOVIEMBRE","DICIEMBRE"}, E$2), _xlpm.colIni, MATCH(_xlpm.mesTxt, Maximos_TMAX!$1:$1, 0), _xlpm.fila, MATCH($A57, Maximos_TMAX!$A:$A, 0), _xlpm.val, INDEX(Maximos_TMAX!$A:$ZZ, _xlpm.fila, _xlpm.colIni), IF(_xlpm.val="", "", _xlpm.val) ), "")} | AV57: {=IFERROR( _xlfn.LET( _xlpm.mesNum, E$2, _xlpm.mesTxt, INDEX({"ENERO","FEBRERO","MARZO","ABRIL","MAYO","JUNIO","JULIO","AGOSTO","SEPTIEMBRE","OCTUBRE","NOVIEMBRE","DICIEMBRE"}, _xlpm.mesNum), _xlpm.colIni, MATCH(_xlpm.mesTxt, Maximos_TMAX!$1:$1, 0), _xlpm.fila, MATCH($A57, Maximos_TMAX!$A:$A, 0), _xlpm.anio, INDEX(Maximos_TMAX!$A:$ZZ, _xlpm.fila, _xlpm.colIni+1), _xlpm.dia, INDEX(Maximos_TMAX!$A:$ZZ, _xlpm.fila, _xlpm.colIni+2), IF(OR(_xlpm.anio="",_xlpm.dia=""), "", DATE(_xlpm.anio, _xlpm.mesNum, _xlpm.dia)) ), "")} | AW57: =IF(OR(AT57="",AU57=""),"NA",IFERROR(AT57-AU57,"NA")) -> NA
A58: 25021350 | B58: Mompos | C58: Area Operativa 02 - Atlántico-Bolivar-Sucre | D58: -74.43565 | E58: 9.26256 | F58: 20 | G58: 13 | H58: 13468 | I58: Bolívar | J58: Santa Cruz De Mompox | AP58: =COUNTIF(K58:AO58,">0") -> 0 | AQ58: =IF(AP58>14,AVERAGE(K58:AO58),"") | AR58: =IFERROR(VLOOKUP(A58,Climatologia_TMAX!A:U,9+$E$2,FALSE),"") | AS58: =IF(OR(AQ58="",AR58=""),"",IFERROR(AQ58-AR58,"")) | AT58: =IF(COUNT(K58:AO58)=0,"",MAX(K58:AO58)) | AU58: {=IFERROR( _xlfn.LET( _xlpm.mesTxt, INDEX({"ENERO","FEBRERO","MARZO","ABRIL","MAYO","JUNIO","JULIO","AGOSTO","SEPTIEMBRE","OCTUBRE","NOVIEMBRE","DICIEMBRE"}, E$2), _xlpm.colIni, MATCH(_xlpm.mesTxt, Maximos_TMAX!$1:$1, 0), _xlpm.fila, MATCH($A58, Maximos_TMAX!$A:$A, 0), _xlpm.val, INDEX(Maximos_TMAX!$A:$ZZ, _xlpm.fila, _xlpm.colIni), IF(_xlpm.val="", "", _xlpm.val) ), "")} | AV58: {=IFERROR( _xlfn.LET( _xlpm.mesNum, E$2, _xlpm.mesTxt, INDEX({"ENERO","FEBRERO","MARZO","ABRIL","MAYO","JUNIO","JULIO","AGOSTO","SEPTIEMBRE","OCTUBRE","NOVIEMBRE","DICIEMBRE"}, _xlpm.mesNum), _xlpm.colIni, MATCH(_xlpm.mesTxt, Maximos_TMAX!$1:$1, 0), _xlpm.fila, MATCH($A58, Maximos_TMAX!$A:$A, 0), _xlpm.anio, INDEX(Maximos_TMAX!$A:$ZZ, _xlpm.fila, _xlpm.colIni+1), _xlpm.dia, INDEX(Maximos_TMAX!$A:$ZZ, _xlpm.fila, _xlpm.colIni+2), IF(OR(_xlpm.anio="",_xlpm.dia=""), "", DATE(_xlpm.anio, _xlpm.mesNum, _xlpm.dia)) ), "")} | AW58: =IF(OR(AT58="",AU58=""),"NA",IFERROR(AT58-AU58,"NA")) -> NA
A59: 29035080 | B59: Normal Manati - AUT | C59: Area Operativa 02 - Atlántico-Bolivar-Sucre | D59: -74.954726 | E59: 10.453966 | F59: 10 | G59: 8 | H59: 8436 | I59: Atlántico | J59: Manatí | AP59: =COUNTIF(K59:AO59,">0") -> 0 | AQ59: =IF(AP59>14,AVERAGE(K59:AO59),"") | AR59: =IFERROR(VLOOKUP(A59,Climatologia_TMAX!A:U,9+$E$2,FALSE),"") -> 34.591482 | AS59: =IF(OR(AQ59="",AR59=""),"",IFERROR(AQ59-AR59,"")) | AT59: =IF(COUNT(K59:AO59)=0,"",MAX(K59:AO59)) | AU59: {=IFERROR( _xlfn.LET( _xlpm.mesTxt, INDEX({"ENERO","FEBRERO","MARZO","ABRIL","MAYO","JUNIO","JULIO","AGOSTO","SEPTIEMBRE","OCTUBRE","NOVIEMBRE","DICIEMBRE"}, E$2), _xlpm.colIni, MATCH(_xlpm.mesTxt, Maximos_TMAX!$1:$1, 0), _xlpm.fila, MATCH($A59, Maximos_TMAX!$A:$A, 0), _xlpm.val, INDEX(Maximos_TMAX!$A:$ZZ, _xlpm.fila, _xlpm.colIni), IF(_xlpm.val="", "", _xlpm.val) ), "")} -> 39.8 | AV59: {=IFERROR( _xlfn.LET( _xlpm.mesNum, E$2, _xlpm.mesTxt, INDEX({"ENERO","FEBRERO","MARZO","ABRIL","MAYO","JUNIO","JULIO","AGOSTO","SEPTIEMBRE","OCTUBRE","NOVIEMBRE","DICIEMBRE"}, _xlpm.mesNum), _xlpm.colIni, MATCH(_xlpm.mesTxt, Maximos_TMAX!$1:$1, 0), _xlpm.fila, MATCH($A59, Maximos_TMAX!$A:$A, 0), _xlpm.anio, INDEX(Maximos_TMAX!$A:$ZZ, _xlpm.fila, _xlpm.colIni+1), _xlpm.dia, INDEX(Maximos_TMAX!$A:$ZZ, _xlpm.fila, _xlpm.colIni+2), IF(OR(_xlpm.anio="",_xlpm.dia=""), "", DATE(_xlpm.anio, _xlpm.mesNum, _xlpm.dia)) ), "")} -> 37077 | AW59: =IF(OR(AT59="",AU59=""),"NA",IFERROR(AT59-AU59,"NA")) -> NA
A60: 13057010 | B60: Nueva Colombia AUT | C60: Area Operativa 02 - Atlántico-Bolivar-Sucre | D60: -75.978611 | E60: 8.4994444 | F60: 20 | G60: 23 | H60: 23001 | I60: Córdoba | J60: Montería | AP60: =COUNTIF(K60:AO60,">0") -> 0 | AQ60: =IF(AP60>14,AVERAGE(K60:AO60),"") | AR60: =IFERROR(VLOOKUP(A60,Climatologia_TMAX!A:U,9+$E$2,FALSE),"") | AS60: =IF(OR(AQ60="",AR60=""),"",IFERROR(AQ60-AR60,"")) | AT60: =IF(COUNT(K60:AO60)=0,"",MAX(K60:AO60)) | AU60: {=IFERROR( _xlfn.LET( _xlpm.mesTxt, INDEX({"ENERO","FEBRERO","MARZO","ABRIL","MAYO","JUNIO","JULIO","AGOSTO","SEPTIEMBRE","OCTUBRE","NOVIEMBRE","DICIEMBRE"}, E$2), _xlpm.colIni, MATCH(_xlpm.mesTxt, Maximos_TMAX!$1:$1, 0), _xlpm.fila, MATCH($A60, Maximos_TMAX!$A:$A, 0), _xlpm.val, INDEX(Maximos_TMAX!$A:$ZZ, _xlpm.fila, _xlpm.colIni), IF(_xlpm.val="", "", _xlpm.val) ), "")} | AV60: {=IFERROR( _xlfn.LET( _xlpm.mesNum, E$2, _xlpm.mesTxt, INDEX({"ENERO","FEBRERO","MARZO","ABRIL","MAYO","JUNIO","JULIO","AGOSTO","SEPTIEMBRE","OCTUBRE","NOVIEMBRE","DICIEMBRE"}, _xlpm.mesNum), _xlpm.colIni, MATCH(_xlpm.mesTxt, Maximos_TMAX!$1:$1, 0), _xlpm.fila, MATCH($A60, Maximos_TMAX!$A:$A, 0), _xlpm.anio, INDEX(Maximos_TMAX!$A:$ZZ, _xlpm.fila, _xlpm.colIni+1), _xlpm.dia, INDEX(Maximos_TMAX!$A:$ZZ, _xlpm.fila, _xlpm.colIni+2), IF(OR(_xlpm.anio="",_xlpm.dia=""), "", DATE(_xlpm.anio, _xlpm.mesNum, _xlpm.dia)) ), "")} | AW60: =IF(OR(AT60="",AU60=""),"NA",IFERROR(AT60-AU60,"NA")) -> NA
A61: 29035040 | B61: Nueva Florida | C61: Area Operativa 02 - Atlántico-Bolivar-Sucre | D61: -75.351561 | E61: 9.944806 | F61: 13 | G61: 13 | H61: 13442 | I61: Bolívar | J61: María La Baja | AP61: =COUNTIF(K61:AO61,">0") -> 0 | AQ61: =IF(AP61>14,AVERAGE(K61:AO61),"") | AR61: =IFERROR(VLOOKUP(A61,Climatologia_TMAX!A:U,9+$E$2,FALSE),"") | AS61: =IF(OR(AQ61="",AR61=""),"",IFERROR(AQ61-AR61,"")) | AT61: =IF(COUNT(K61:AO61)=0,"",MAX(K61:AO61)) | AU61: {=IFERROR( _xlfn.LET( _xlpm.mesTxt, INDEX({"ENERO","FEBRERO","MARZO","ABRIL","MAYO","JUNIO","JULIO","AGOSTO","SEPTIEMBRE","OCTUBRE","NOVIEMBRE","DICIEMBRE"}, E$2), _xlpm.colIni, MATCH(_xlpm.mesTxt, Maximos_TMAX!$1:$1, 0), _xlpm.fila, MATCH($A61, Maximos_TMAX!$A:$A, 0), _xlpm.val, INDEX(Maximos_TMAX!$A:$ZZ, _xlpm.fila, _xlpm.colIni), IF(_xlpm.val="", "", _xlpm.val) ), "")} -> 38.6 | AV61: {=IFERROR( _xlfn.LET( _xlpm.mesNum, E$2, _xlpm.mesTxt, INDEX({"ENERO","FEBRERO","MARZO","ABRIL","MAYO","JUNIO","JULIO","AGOSTO","SEPTIEMBRE","OCTUBRE","NOVIEMBRE","DICIEMBRE"}, _xlpm.mesNum), _xlpm.colIni, MATCH(_xlpm.mesTxt, Maximos_TMAX!$1:$1, 0), _xlpm.fila, MATCH($A61, Maximos_TMAX!$A:$A, 0), _xlpm.anio, INDEX(Maximos_TMAX!$A:$ZZ, _xlpm.fila, _xlpm.colIni+1), _xlpm.dia, INDEX(Maximos_TMAX!$A:$ZZ, _xlpm.fila, _xlpm.colIni+2), IF(OR(_xlpm.anio="",_xlpm.dia=""), "", DATE(_xlpm.anio, _xlpm.mesNum, _xlpm.dia)) ), "")} -> 35268 | AW61: =IF(OR(AT61="",AU61=""),"NA",IFERROR(AT61-AU61,"NA")) -> NA
A62: 25025210 | B62: Pinillos | C62: Area Operativa 02 - Atlántico-Bolivar-Sucre | D62: -74.457778 | E62: 8.9113889 | F62: 10 | G62: 13 | H62: 13549 | I62: Bolívar | J62: Pinillos | AP62: =COUNTIF(K62:AO62,">0") -> 0 | AQ62: =IF(AP62>14,AVERAGE(K62:AO62),"") | AR62: =IFERROR(VLOOKUP(A62,Climatologia_TMAX!A:U,9+$E$2,FALSE),"") | AS62: =IF(OR(AQ62="",AR62=""),"",IFERROR(AQ62-AR62,"")) | AT62: =IF(COUNT(K62:AO62)=0,"",MAX(K62:AO62)) | AU62: {=IFERROR( _xlfn.LET( _xlpm.mesTxt, INDEX({"ENERO","FEBRERO","MARZO","ABRIL","MAYO","JUNIO","JULIO","AGOSTO","SEPTIEMBRE","OCTUBRE","NOVIEMBRE","DICIEMBRE"}, E$2), _xlpm.colIni, MATCH(_xlpm.mesTxt, Maximos_TMAX!$1:$1, 0), _xlpm.fila, MATCH($A62, Maximos_TMAX!$A:$A, 0), _xlpm.val, INDEX(Maximos_TMAX!$A:$ZZ, _xlpm.fila, _xlpm.colIni), IF(_xlpm.val="", "", _xlpm.val) ), "")} -> 38.1 | AV62: {=IFERROR( _xlfn.LET( _xlpm.mesNum, E$2, _xlpm.mesTxt, INDEX({"ENERO","FEBRERO","MARZO","ABRIL","MAYO","JUNIO","JULIO","AGOSTO","SEPTIEMBRE","OCTUBRE","NOVIEMBRE","DICIEMBRE"}, _xlpm.mesNum), _xlpm.colIni, MATCH(_xlpm.mesTxt, Maximos_TMAX!$1:$1, 0), _xlpm.fila, MATCH($A62, Maximos_TMAX!$A:$A, 0), _xlpm.anio, INDEX(Maximos_TMAX!$A:$ZZ, _xlpm.fila, _xlpm.colIni+1), _xlpm.dia, INDEX(Maximos_TMAX!$A:$ZZ, _xlpm.fila, _xlpm.colIni+2), IF(OR(_xlpm.anio="",_xlpm.dia=""), "", DATE(_xlpm.anio, _xlpm.mesNum, _xlpm.dia)) ), "")} -> 45136 | AW62: =IF(OR(AT62="",AU62=""),"NA",IFERROR(AT62-AU62,"NA")) -> NA
A63: 14010010 | B63: Piojo | C63: Area Operativa 02 - Atlántico-Bolivar-Sucre | D63: -75.107972 | E63: 10.746111 | F63: 320 | G63: 8 | H63: 8549 | I63: Atlántico | J63: Piojó | AP63: =COUNTIF(K63:AO63,">0") -> 0 | AQ63: =IF(AP63>14,AVERAGE(K63:AO63),"") | AR63: =IFERROR(VLOOKUP(A63,Climatologia_TMAX!A:U,9+$E$2,FALSE),"") | AS63: =IF(OR(AQ63="",AR63=""),"",IFERROR(AQ63-AR63,"")) | AT63: =IF(COUNT(K63:AO63)=0,"",MAX(K63:AO63)) | AU63: {=IFERROR( _xlfn.LET( _xlpm.mesTxt, INDEX({"ENERO","FEBRERO","MARZO","ABRIL","MAYO","JUNIO","JULIO","AGOSTO","SEPTIEMBRE","OCTUBRE","NOVIEMBRE","DICIEMBRE"}, E$2), _xlpm.colIni, MATCH(_xlpm.mesTxt, Maximos_TMAX!$1:$1, 0), _xlpm.fila, MATCH($A63, Maximos_TMAX!$A:$A, 0), _xlpm.val, INDEX(Maximos_TMAX!$A:$ZZ, _xlpm.fila, _xlpm.colIni), IF(_xlpm.val="", "", _xlpm.val) ), "")} | AV63: {=IFERROR( _xlfn.LET( _xlpm.mesNum, E$2, _xlpm.mesTxt, INDEX({"ENERO","FEBRERO","MARZO","ABRIL","MAYO","JUNIO","JULIO","AGOSTO","SEPTIEMBRE","OCTUBRE","NOVIEMBRE","DICIEMBRE"}, _xlpm.mesNum), _xlpm.colIni, MATCH(_xlpm.mesTxt, Maximos_TMAX!$1:$1, 0), _xlpm.fila, MATCH($A63, Maximos_TMAX!$A:$A, 0), _xlpm.anio, INDEX(Maximos_TMAX!$A:$ZZ, _xlpm.fila, _xlpm.colIni+1), _xlpm.dia, INDEX(Maximos_TMAX!$A:$ZZ, _xlpm.fila, _xlpm.colIni+2), IF(OR(_xlpm.anio="",_xlpm.dia=""), "", DATE(_xlpm.anio, _xlpm.mesNum, _xlpm.dia)) ), "")} | AW63: =IF(OR(AT63="",AU63=""),"NA",IFERROR(AT63-AU63,"NA")) -> NA
A64: 25025190 | B64: Planeta Rica - AUT | C64: Area Operativa 02 - Atlántico-Bolivar-Sucre | D64: -75.583722 | E64: 8.3993333 | F64: 90 | G64: 23 | H64: 23555 | I64: Córdoba | J64: Planeta Rica | K64: 35.2 | L64: 35.4 | M64: 34.8 | N64: 32.8 | O64: 35.4 | P64: 36 | Q64: 35.8 | R64: 37.2 | S64: 31 | T64: 34.6 | U64: 34.8 | V64: 34.6 | W64: 33.6 | X64: 35.2 | AP64: =COUNTIF(K64:AO64,">0") -> 14 | AQ64: =IF(AP64>14,AVERAGE(K64:AO64),"") | AR64: =IFERROR(VLOOKUP(A64,Climatologia_TMAX!A:U,9+$E$2,FALSE),"") -> 32.568566 | AS64: =IF(OR(AQ64="",AR64=""),"",IFERROR(AQ64-AR64,"")) | AT64: =IF(COUNT(K64:AO64)=0,"",MAX(K64:AO64)) -> 37.2 | AU64: {=IFERROR( _xlfn.LET( _xlpm.mesTxt, INDEX({"ENERO","FEBRERO","MARZO","ABRIL","MAYO","JUNIO","JULIO","AGOSTO","SEPTIEMBRE","OCTUBRE","NOVIEMBRE","DICIEMBRE"}, E$2), _xlpm.colIni, MATCH(_xlpm.mesTxt, Maximos_TMAX!$1:$1, 0), _xlpm.fila, MATCH($A64, Maximos_TMAX!$A:$A, 0), _xlpm.val, INDEX(Maximos_TMAX!$A:$ZZ, _xlpm.fila, _xlpm.colIni), IF(_xlpm.val="", "", _xlpm.val) ), "")} -> 37 | AV64: {=IFERROR( _xlfn.LET( _xlpm.mesNum, E$2, _xlpm.mesTxt, INDEX({"ENERO","FEBRERO","MARZO","ABRIL","MAYO","JUNIO","JULIO","AGOSTO","SEPTIEMBRE","OCTUBRE","NOVIEMBRE","DICIEMBRE"}, _xlpm.mesNum), _xlpm.colIni, MATCH(_xlpm.mesTxt, Maximos_TMAX!$1:$1, 0), _xlpm.fila, MATCH($A64, Maximos_TMAX!$A:$A, 0), _xlpm.anio, INDEX(Maximos_TMAX!$A:$ZZ, _xlpm.fila, _xlpm.colIni+1), _xlpm.dia, INDEX(Maximos_TMAX!$A:$ZZ, _xlpm.fila, _xlpm.colIni+2), IF(OR(_xlpm.anio="",_xlpm.dia=""), "", DATE(_xlpm.anio, _xlpm.mesNum, _xlpm.dia)) ), "")} -> 42188 | AW64: =IF(OR(AT64="",AU64=""),"NA",IFERROR(AT64-AU64,"NA")) -> 0.2
A65: 29035030 | B65: Presa Ay Grande | C65: Area Operativa 02 - Atlántico-Bolivar-Sucre | D65: -75.326301 | E65: 9.879634 | F65: 60 | G65: 13 | H65: 13442 | I65: Bolívar | J65: María La Baja | AP65: =COUNTIF(K65:AO65,">0") -> 0 | AQ65: =IF(AP65>14,AVERAGE(K65:AO65),"") | AR65: =IFERROR(VLOOKUP(A65,Climatologia_TMAX!A:U,9+$E$2,FALSE),"") | AS65: =IF(OR(AQ65="",AR65=""),"",IFERROR(AQ65-AR65,"")) | AT65: =IF(COUNT(K65:AO65)=0,"",MAX(K65:AO65)) | AU65: {=IFERROR( _xlfn.LET( _xlpm.mesTxt, INDEX({"ENERO","FEBRERO","MARZO","ABRIL","MAYO","JUNIO","JULIO","AGOSTO","SEPTIEMBRE","OCTUBRE","NOVIEMBRE","DICIEMBRE"}, E$2), _xlpm.colIni, MATCH(_xlpm.mesTxt, Maximos_TMAX!$1:$1, 0), _xlpm.fila, MATCH($A65, Maximos_TMAX!$A:$A, 0), _xlpm.val, INDEX(Maximos_TMAX!$A:$ZZ, _xlpm.fila, _xlpm.colIni), IF(_xlpm.val="", "", _xlpm.val) ), "")} -> 39.8 | AV65: {=IFERROR( _xlfn.LET( _xlpm.mesNum, E$2, _xlpm.mesTxt, INDEX({"ENERO","FEBRERO","MARZO","ABRIL","MAYO","JUNIO","JULIO","AGOSTO","SEPTIEMBRE","OCTUBRE","NOVIEMBRE","DICIEMBRE"}, _xlpm.mesNum), _xlpm.colIni, MATCH(_xlpm.mesTxt, Maximos_TMAX!$1:$1, 0), _xlpm.fila, MATCH($A65, Maximos_TMAX!$A:$A, 0), _xlpm.anio, INDEX(Maximos_TMAX!$A:$ZZ, _xlpm.fila, _xlpm.colIni+1), _xlpm.dia, INDEX(Maximos_TMAX!$A:$ZZ, _xlpm.fila, _xlpm.colIni+2), IF(OR(_xlpm.anio="",_xlpm.dia=""), "", DATE(_xlpm.anio, _xlpm.mesNum, _xlpm.dia)) ), "")} -> 42186 | AW65: =IF(OR(AT65="",AU65=""),"NA",IFERROR(AT65-AU65,"NA")) -> NA
A66: 29040230 | B66: Puerto Colombia | C66: Area Operativa 02 - Atlántico-Bolivar-Sucre | D66: -74.951794 | E66: 10.996665 | F66: 5 | G66: 8 | H66: 8573 | I66: Atlántico | J66: Puerto Colombia | AP66: =COUNTIF(K66:AO66,">0") -> 0 | AQ66: =IF(AP66>14,AVERAGE(K66:AO66),"") | AR66: =IFERROR(VLOOKUP(A66,Climatologia_TMAX!A:U,9+$E$2,FALSE),"") | AS66: =IF(OR(AQ66="",AR66=""),"",IFERROR(AQ66-AR66,"")) | AT66: =IF(COUNT(K66:AO66)=0,"",MAX(K66:AO66)) | AU66: {=IFERROR( _xlfn.LET( _xlpm.mesTxt, INDEX({"ENERO","FEBRERO","MARZO","ABRIL","MAYO","JUNIO","JULIO","AGOSTO","SEPTIEMBRE","OCTUBRE","NOVIEMBRE","DICIEMBRE"}, E$2), _xlpm.colIni, MATCH(_xlpm.mesTxt, Maximos_TMAX!$1:$1, 0), _xlpm.fila, MATCH($A66, Maximos_TMAX!$A:$A, 0), _xlpm.val, INDEX(Maximos_TMAX!$A:$ZZ, _xlpm.fila, _xlpm.colIni), IF(_xlpm.val="", "", _xlpm.val) ), "")} | AV66: {=IFERROR( _xlfn.LET( _xlpm.mesNum, E$2, _xlpm.mesTxt, INDEX({"ENERO","FEBRERO","MARZO","ABRIL","MAYO","JUNIO","JULIO","AGOSTO","SEPTIEMBRE","OCTUBRE","NOVIEMBRE","DICIEMBRE"}, _xlpm.mesNum), _xlpm.colIni, MATCH(_xlpm.mesTxt, Maximos_TMAX!$1:$1, 0), _xlpm.fila, MATCH($A66, Maximos_TMAX!$A:$A, 0), _xlpm.anio, INDEX(Maximos_TMAX!$A:$ZZ, _xlpm.fila, _xlpm.colIni+1), _xlpm.dia, INDEX(Maximos_TMAX!$A:$ZZ, _xlpm.fila, _xlpm.colIni+2), IF(OR(_xlpm.anio="",_xlpm.dia=""), "", DATE(_xlpm.anio, _xlpm.mesNum, _xlpm.dia)) ), "")} | AW66: =IF(OR(AT66="",AU66=""),"NA",IFERROR(AT66-AU66,"NA")) -> NA
A67: 13015040 | B67: Represa Urra | C67: Area Operativa 02 - Atlántico-Bolivar-Sucre | D67: -76.203056 | E67: 8.0141667 | F67: 300 | G67: 23 | H67: 23807 | I67: Córdoba | J67: Tierralta | K67: 34.2 | L67: 33 | M67: 32.4 | N67: 32.5 | O67: 33.8 | P67: 32.4 | Q67: 34.4 | R67: 34.8 | S67: 35 | T67: 32.8 | U67: 33.2 | V67: 32.2 | W67: 32.6 | X67: 34.4 | Y67: 36.4 | Z67: 36.4 | AA67: 35.2 | AB67: 34.4 | AP67: =COUNTIF(K67:AO67,">0") -> 18 | AQ67: =IF(AP67>14,AVERAGE(K67:AO67),"") -> 33.894444 | AR67: =IFERROR(VLOOKUP(A67,Climatologia_TMAX!A:U,9+$E$2,FALSE),"") | AS67: =IF(OR(AQ67="",AR67=""),"",IFERROR(AQ67-AR67,"")) | AT67: =IF(COUNT(K67:AO67)=0,"",MAX(K67:AO67)) -> 36.4 | AU67: {=IFERROR( _xlfn.LET( _xlpm.mesTxt, INDEX({"ENERO","FEBRERO","MARZO","ABRIL","MAYO","JUNIO","JULIO","AGOSTO","SEPTIEMBRE","OCTUBRE","NOVIEMBRE","DICIEMBRE"}, E$2), _xlpm.colIni, MATCH(_xlpm.mesTxt, Maximos_TMAX!$1:$1, 0), _xlpm.fila, MATCH($A67, Maximos_TMAX!$A:$A, 0), _xlpm.val, INDEX(Maximos_TMAX!$A:$ZZ, _xlpm.fila, _xlpm.colIni), IF(_xlpm.val="", "", _xlpm.val) ), "")} -> 35.4 | AV67: {=IFERROR( _xlfn.LET( _xlpm.mesNum, E$2, _xlpm.mesTxt, INDEX({"ENERO","FEBRERO","MARZO","ABRIL","MAYO","JUNIO","JULIO","AGOSTO","SEPTIEMBRE","OCTUBRE","NOVIEMBRE","DICIEMBRE"}, _xlpm.mesNum), _xlpm.colIni, MATCH(_xlpm.mesTxt, Maximos_TMAX!$1:$1, 0), _xlpm.fila, MATCH($A67, Maximos_TMAX!$A:$A, 0), _xlpm.anio, INDEX(Maximos_TMAX!$A:$ZZ, _xlpm.fila, _xlpm.colIni+1), _xlpm.dia, INDEX(Maximos_TMAX!$A:$ZZ, _xlpm.fila, _xlpm.colIni+2), IF(OR(_xlpm.anio="",_xlpm.dia=""), "", DATE(_xlpm.anio, _xlpm.mesNum, _xlpm.dia)) ), "")} -> 42187 | AW67: =IF(OR(AT67="",AU67=""),"NA",IFERROR(AT67-AU67,"NA")) -> 1
A68: 25025380 | B68: San Benito - AUT | C68: Area Operativa 02 - Atlántico-Bolivar-Sucre | D68: -75.044722 | E68: 9.1638889 | F68: 20 | G68: 70 | H68: 70678 | I68: Sucre | J68: San Benito Abad | P68: 34.4 | AP68: =COUNTIF(K68:AO68,">0") -> 1 | AQ68: =IF(AP68>14,AVERAGE(K68:AO68),"") | AR68: =IFERROR(VLOOKUP(A68,Climatologia_TMAX!A:U,9+$E$2,FALSE),"") | AS68: =IF(OR(AQ68="",AR68=""),"",IFERROR(AQ68-AR68,"")) | AT68: =IF(COUNT(K68:AO68)=0,"",MAX(K68:AO68)) -> 34.4 | AU68: {=IFERROR( _xlfn.LET( _xlpm.mesTxt, INDEX({"ENERO","FEBRERO","MARZO","ABRIL","MAYO","JUNIO","JULIO","AGOSTO","SEPTIEMBRE","OCTUBRE","NOVIEMBRE","DICIEMBRE"}, E$2), _xlpm.colIni, MATCH(_xlpm.mesTxt, Maximos_TMAX!$1:$1, 0), _xlpm.fila, MATCH($A68, Maximos_TMAX!$A:$A, 0), _xlpm.val, INDEX(Maximos_TMAX!$A:$ZZ, _xlpm.fila, _xlpm.colIni), IF(_xlpm.val="", "", _xlpm.val) ), "")} -> 38.6 | AV68: {=IFERROR( _xlfn.LET( _xlpm.mesNum, E$2, _xlpm.mesTxt, INDEX({"ENERO","FEBRERO","MARZO","ABRIL","MAYO","JUNIO","JULIO","AGOSTO","SEPTIEMBRE","OCTUBRE","NOVIEMBRE","DICIEMBRE"}, _xlpm.mesNum), _xlpm.colIni, MATCH(_xlpm.mesTxt, Maximos_TMAX!$1:$1, 0), _xlpm.fila, MATCH($A68, Maximos_TMAX!$A:$A, 0), _xlpm.anio, INDEX(Maximos_TMAX!$A:$ZZ, _xlpm.fila, _xlpm.colIni+1), _xlpm.dia, INDEX(Maximos_TMAX!$A:$ZZ, _xlpm.fila, _xlpm.colIni+2), IF(OR(_xlpm.anio="",_xlpm.dia=""), "", DATE(_xlpm.anio, _xlpm.mesNum, _xlpm.dia)) ), "")} -> 42188 | AW68: =IF(OR(AT68="",AU68=""),"NA",IFERROR(AT68-AU68,"NA")) -> -4.2
A69: 13085030 | B69: San Bernardo Del Viento | C69: Area Operativa 02 - Atlántico-Bolivar-Sucre | D69: -75.95 | E69: 9.37 | F69: 22 | G69: 23 | H69: 23675 | I69: Córdoba | J69: San Bernardo Del Viento | AP69: =COUNTIF(K69:AO69,">0") -> 0 | AQ69: =IF(AP69>14,AVERAGE(K69:AO69),"") | AR69: =IFERROR(VLOOKUP(A69,Climatologia_TMAX!A:U,9+$E$2,FALSE),"") -> 32.918638 | AS69: =IF(OR(AQ69="",AR69=""),"",IFERROR(AQ69-AR69,"")) | AT69: =IF(COUNT(K69:AO69)=0,"",MAX(K69:AO69)) | AU69: {=IFERROR( _xlfn.LET( _xlpm.mesTxt, INDEX({"ENERO","FEBRERO","MARZO","ABRIL","MAYO","JUNIO","JULIO","AGOSTO","SEPTIEMBRE","OCTUBRE","NOVIEMBRE","DICIEMBRE"}, E$2), _xlpm.colIni, MATCH(_xlpm.mesTxt, Maximos_TMAX!$1:$1, 0), _xlpm.fila, MATCH($A69, Maximos_TMAX!$A:$A, 0), _xlpm.val, INDEX(Maximos_TMAX!$A:$ZZ, _xlpm.fila, _xlpm.colIni), IF(_xlpm.val="", "", _xlpm.val) ), "")} -> 36.8 | AV69: {=IFERROR( _xlfn.LET( _xlpm.mesNum, E$2, _xlpm.mesTxt, INDEX({"ENERO","FEBRERO","MARZO","ABRIL","MAYO","JUNIO","JULIO","AGOSTO","SEPTIEMBRE","OCTUBRE","NOVIEMBRE","DICIEMBRE"}, _xlpm.mesNum), _xlpm.colIni, MATCH(_xlpm.mesTxt, Maximos_TMAX!$1:$1, 0), _xlpm.fila, MATCH($A69, Maximos_TMAX!$A:$A, 0), _xlpm.anio, INDEX(Maximos_TMAX!$A:$ZZ, _xlpm.fila, _xlpm.colIni+1), _xlpm.dia, INDEX(Maximos_TMAX!$A:$ZZ, _xlpm.fila, _xlpm.colIni+2), IF(OR(_xlpm.anio="",_xlpm.dia=""), "", DATE(_xlpm.anio, _xlpm.mesNum, _xlpm.dia)) ), "")} -> 43290 | AW69: =IF(OR(AT69="",AU69=""),"NA",IFERROR(AT69-AU69,"NA")) -> NA
A70: 29030050 | B70: San Estanislao | C70: Area Operativa 02 - Atlántico-Bolivar-Sucre | D70: -75.161833 | E70: 10.404111 | F70: 20 | G70: 13 | H70: 13647 | I70: Bolívar | J70: San Estanislao | AP70: =COUNTIF(K70:AO70,">0") -> 0 | AQ70: =IF(AP70>14,AVERAGE(K70:AO70),"") | AR70: =IFERROR(VLOOKUP(A70,Climatologia_TMAX!A:U,9+$E$2,FALSE),"") | AS70: =IF(OR(AQ70="",AR70=""),"",IFERROR(AQ70-AR70,"")) | AT70: =IF(COUNT(K70:AO70)=0,"",MAX(K70:AO70)) | AU70: {=IFERROR( _xlfn.LET( _xlpm.mesTxt, INDEX({"ENERO","FEBRERO","MARZO","ABRIL","MAYO","JUNIO","JULIO","AGOSTO","SEPTIEMBRE","OCTUBRE","NOVIEMBRE","DICIEMBRE"}, E$2), _xlpm.colIni, MATCH(_xlpm.mesTxt, Maximos_TMAX!$1:$1, 0), _xlpm.fila, MATCH($A70, Maximos_TMAX!$A:$A, 0), _xlpm.val, INDEX(Maximos_TMAX!$A:$ZZ, _xlpm.fila, _xlpm.colIni), IF(_xlpm.val="", "", _xlpm.val) ), "")} | AV70: {=IFERROR( _xlfn.LET( _xlpm.mesNum, E$2, _xlpm.mesTxt, INDEX({"ENERO","FEBRERO","MARZO","ABRIL","MAYO","JUNIO","JULIO","AGOSTO","SEPTIEMBRE","OCTUBRE","NOVIEMBRE","DICIEMBRE"}, _xlpm.mesNum), _xlpm.colIni, MATCH(_xlpm.mesTxt, Maximos_TMAX!$1:$1, 0), _xlpm.fila, MATCH($A70, Maximos_TMAX!$A:$A, 0), _xlpm.anio, INDEX(Maximos_TMAX!$A:$ZZ, _xlpm.fila, _xlpm.colIni+1), _xlpm.dia, INDEX(Maximos_TMAX!$A:$ZZ, _xlpm.fila, _xlpm.colIni+2), IF(OR(_xlpm.anio="",_xlpm.dia=""), "", DATE(_xlpm.anio, _xlpm.mesNum, _xlpm.dia)) ), "")} | AW70: =IF(OR(AT70="",AU70=""),"NA",IFERROR(AT70-AU70,"NA")) -> NA
A71: 12030010 | B71: San Juan De Uraba | C71: Area Operativa 02 - Atlántico-Bolivar-Sucre | D71: -76.533056 | E71: 8.7552222 | F71: 4 | G71: 5 | H71: 5659 | I71: Antioquia | J71: San Juan De Urabá | AP71: =COUNTIF(K71:AO71,">0") -> 0 | AQ71: =IF(AP71>14,AVERAGE(K71:AO71),"") | AR71: =IFERROR(VLOOKUP(A71,Climatologia_TMAX!A:U,9+$E$2,FALSE),"") | AS71: =IF(OR(AQ71="",AR71=""),"",IFERROR(AQ71-AR71,"")) | AT71: =IF(COUNT(K71:AO71)=0,"",MAX(K71:AO71)) | AU71: {=IFERROR( _xlfn.LET( _xlpm.mesTxt, INDEX({"ENERO","FEBRERO","MARZO","ABRIL","MAYO","JUNIO","JULIO","AGOSTO","SEPTIEMBRE","OCTUBRE","NOVIEMBRE","DICIEMBRE"}, E$2), _xlpm.colIni, MATCH(_xlpm.mesTxt, Maximos_TMAX!$1:$1, 0), _xlpm.fila, MATCH($A71, Maximos_TMAX!$A:$A, 0), _xlpm.val, INDEX(Maximos_TMAX!$A:$ZZ, _xlpm.fila, _xlpm.colIni), IF(_xlpm.val="", "", _xlpm.val) ), "")} | AV71: {=IFERROR( _xlfn.LET( _xlpm.mesNum, E$2, _xlpm.mesTxt, INDEX({"ENERO","FEBRERO","MARZO","ABRIL","MAYO","JUNIO","JULIO","AGOSTO","SEPTIEMBRE","OCTUBRE","NOVIEMBRE","DICIEMBRE"}, _xlpm.mesNum), _xlpm.colIni, MATCH(_xlpm.mesTxt, Maximos_TMAX!$1:$1, 0), _xlpm.fila, MATCH($A71, Maximos_TMAX!$A:$A, 0), _xlpm.anio, INDEX(Maximos_TMAX!$A:$ZZ, _xlpm.fila, _xlpm.colIni+1), _xlpm.dia, INDEX(Maximos_TMAX!$A:$ZZ, _xlpm.fila, _xlpm.colIni+2), IF(OR(_xlpm.anio="",_xlpm.dia=""), "", DATE(_xlpm.anio, _xlpm.mesNum, _xlpm.dia)) ), "")} | AW71: =IF(OR(AT71="",AU71=""),"NA",IFERROR(AT71-AU71,"NA")) -> NA
A72: 29035110 | B72: San Pablo | C72: Area Operativa 02 - Atlántico-Bolivar-Sucre | D72: -75.258611 | E72: 10.043167 | F72: 20 | G72: 13 | H72: 13442 | I72: Bolívar | J72: María La Baja | AP72: =COUNTIF(K72:AO72,">0") -> 0 | AQ72: =IF(AP72>14,AVERAGE(K72:AO72),"") | AR72: =IFERROR(VLOOKUP(A72,Climatologia_TMAX!A:U,9+$E$2,FALSE),"") -> 33.770755 | AS72: =IF(OR(AQ72="",AR72=""),"",IFERROR(AQ72-AR72,"")) | AT72: =IF(COUNT(K72:AO72)=0,"",MAX(K72:AO72)) | AU72: {=IFERROR( _xlfn.LET( _xlpm.mesTxt, INDEX({"ENERO","FEBRERO","MARZO","ABRIL","MAYO","JUNIO","JULIO","AGOSTO","SEPTIEMBRE","OCTUBRE","NOVIEMBRE","DICIEMBRE"}, E$2), _xlpm.colIni, MATCH(_xlpm.mesTxt, Maximos_TMAX!$1:$1, 0), _xlpm.fila, MATCH($A72, Maximos_TMAX!$A:$A, 0), _xlpm.val, INDEX(Maximos_TMAX!$A:$ZZ, _xlpm.fila, _xlpm.colIni), IF(_xlpm.val="", "", _xlpm.val) ), "")} -> 40.2 | AV72: {=IFERROR( _xlfn.LET( _xlpm.mesNum, E$2, _xlpm.mesTxt, INDEX({"ENERO","FEBRERO","MARZO","ABRIL","MAYO","JUNIO","JULIO","AGOSTO","SEPTIEMBRE","OCTUBRE","NOVIEMBRE","DICIEMBRE"}, _xlpm.mesNum), _xlpm.colIni, MATCH(_xlpm.mesTxt, Maximos_TMAX!$1:$1, 0), _xlpm.fila, MATCH($A72, Maximos_TMAX!$A:$A, 0), _xlpm.anio, INDEX(Maximos_TMAX!$A:$ZZ, _xlpm.fila, _xlpm.colIni+1), _xlpm.dia, INDEX(Maximos_TMAX!$A:$ZZ, _xlpm.fila, _xlpm.colIni+2), IF(OR(_xlpm.anio="",_xlpm.dia=""), "", DATE(_xlpm.anio, _xlpm.mesNum, _xlpm.dia)) ), "")} -> 41845 | AW72: =IF(OR(AT72="",AU72=""),"NA",IFERROR(AT72-AU72,"NA")) -> NA
A73: 29040310 | B73: San Pedrito Alerta | C73: Area Operativa 02 - Atlántico-Bolivar-Sucre | D73: -74.907967 | E73: 10.2686 | F73: 8 | G73: 8 | H73: 8770 | I73: Atlántico | J73: Suan | AP73: =COUNTIF(K73:AO73,">0") -> 0 | AQ73: =IF(AP73>14,AVERAGE(K73:AO73),"") | AR73: =IFERROR(VLOOKUP(A73,Climatologia_TMAX!A:U,9+$E$2,FALSE),"") | AS73: =IF(OR(AQ73="",AR73=""),"",IFERROR(AQ73-AR73,"")) | AT73: =IF(COUNT(K73:AO73)=0,"",MAX(K73:AO73)) | AU73: {=IFERROR( _xlfn.LET( _xlpm.mesTxt, INDEX({"ENERO","FEBRERO","MARZO","ABRIL","MAYO","JUNIO","JULIO","AGOSTO","SEPTIEMBRE","OCTUBRE","NOVIEMBRE","DICIEMBRE"}, E$2), _xlpm.colIni, MATCH(_xlpm.mesTxt, Maximos_TMAX!$1:$1, 0), _xlpm.fila, MATCH($A73, Maximos_TMAX!$A:$A, 0), _xlpm.val, INDEX(Maximos_TMAX!$A:$ZZ, _xlpm.fila, _xlpm.colIni), IF(_xlpm.val="", "", _xlpm.val) ), "")} | AV73: {=IFERROR( _xlfn.LET( _xlpm.mesNum, E$2, _xlpm.mesTxt, INDEX({"ENERO","FEBRERO","MARZO","ABRIL","MAYO","JUNIO","JULIO","AGOSTO","SEPTIEMBRE","OCTUBRE","NOVIEMBRE","DICIEMBRE"}, _xlpm.mesNum), _xlpm.colIni, MATCH(_xlpm.mesTxt, Maximos_TMAX!$1:$1, 0), _xlpm.fila, MATCH($A73, Maximos_TMAX!$A:$A, 0), _xlpm.anio, INDEX(Maximos_TMAX!$A:$ZZ, _xlpm.fila, _xlpm.colIni+1), _xlpm.dia, INDEX(Maximos_TMAX!$A:$ZZ, _xlpm.fila, _xlpm.colIni+2), IF(OR(_xlpm.anio="",_xlpm.dia=""), "", DATE(_xlpm.anio, _xlpm.mesNum, _xlpm.dia)) ), "")} | AW73: =IF(OR(AT73="",AU73=""),"NA",IFERROR(AT73-AU73,"NA")) -> NA
A74: 29035000 | B74: Sincerin - AUT | C74: Area Operativa 02 - Atlántico-Bolivar-Sucre | D74: -75.278278 | E74: 10.142583 | F74: 10 | G74: 13 | H74: 13052 | I74: Bolívar | J74: Arjona | K74: 37.4 | L74: 35.5 | M74: 36 | N74: 36.2 | O74: 36.6 | P74: 36.8 | Q74: 36.2 | R74: 37.6 | S74: 36.2 | T74: 36.6 | U74: 36 | V74: 35.2 | W74: 35.6 | X74: 36.6 | Y74: 36.2 | Z74: 36 | AA74: 36 | AB74: 36.8 | AP74: =COUNTIF(K74:AO74,">0") -> 18 | AQ74: =IF(AP74>14,AVERAGE(K74:AO74),"") -> 36.305556 | AR74: =IFERROR(VLOOKUP(A74,Climatologia_TMAX!A:U,9+$E$2,FALSE),"") | AS74: =IF(OR(AQ74="",AR74=""),"",IFERROR(AQ74-AR74,"")) | AT74: =IF(COUNT(K74:AO74)=0,"",MAX(K74:AO74)) -> 37.6 | AU74: {=IFERROR( _xlfn.LET( _xlpm.mesTxt, INDEX({"ENERO","FEBRERO","MARZO","ABRIL","MAYO","JUNIO","JULIO","AGOSTO","SEPTIEMBRE","OCTUBRE","NOVIEMBRE","DICIEMBRE"}, E$2), _xlpm.colIni, MATCH(_xlpm.mesTxt, Maximos_TMAX!$1:$1, 0), _xlpm.fila, MATCH($A74, Maximos_TMAX!$A:$A, 0), _xlpm.val, INDEX(Maximos_TMAX!$A:$ZZ, _xlpm.fila, _xlpm.colIni), IF(_xlpm.val="", "", _xlpm.val) ), "")} -> 39.2 | AV74: {=IFERROR( _xlfn.LET( _xlpm.mesNum, E$2, _xlpm.mesTxt, INDEX({"ENERO","FEBRERO","MARZO","ABRIL","MAYO","JUNIO","JULIO","AGOSTO","SEPTIEMBRE","OCTUBRE","NOVIEMBRE","DICIEMBRE"}, _xlpm.mesNum), _xlpm.colIni, MATCH(_xlpm.mesTxt, Maximos_TMAX!$1:$1, 0), _xlpm.fila, MATCH($A74, Maximos_TMAX!$A:$A, 0), _xlpm.anio, INDEX(Maximos_TMAX!$A:$ZZ, _xlpm.fila, _xlpm.colIni+1), _xlpm.dia, INDEX(Maximos_TMAX!$A:$ZZ, _xlpm.fila, _xlpm.colIni+2), IF(OR(_xlpm.anio="",_xlpm.dia=""), "", DATE(_xlpm.anio, _xlpm.mesNum, _xlpm.dia)) ), "")} -> 42189 | AW74: =IF(OR(AT74="",AU74=""),"NA",IFERROR(AT74-AU74,"NA")) -> -1.6
A75: 13030010 | B75: Tierralta | C75: Area Operativa 02 - Atlántico-Bolivar-Sucre | D75: -76.053056 | E75: 8.1866667 | F75: 100 | G75: 23 | H75: 23807 | I75: Córdoba | J75: Tierralta | AP75: =COUNTIF(K75:AO75,">0") -> 0 | AQ75: =IF(AP75>14,AVERAGE(K75:AO75),"") | AR75: =IFERROR(VLOOKUP(A75,Climatologia_TMAX!A:U,9+$E$2,FALSE),"") | AS75: =IF(OR(AQ75="",AR75=""),"",IFERROR(AQ75-AR75,"")) | AT75: =IF(COUNT(K75:AO75)=0,"",MAX(K75:AO75)) | AU75: {=IFERROR( _xlfn.LET( _xlpm.mesTxt, INDEX({"ENERO","FEBRERO","MARZO","ABRIL","MAYO","JUNIO","JULIO","AGOSTO","SEPTIEMBRE","OCTUBRE","NOVIEMBRE","DICIEMBRE"}, E$2), _xlpm.colIni, MATCH(_xlpm.mesTxt, Maximos_TMAX!$1:$1, 0), _xlpm.fila, MATCH($A75, Maximos_TMAX!$A:$A, 0), _xlpm.val, INDEX(Maximos_TMAX!$A:$ZZ, _xlpm.fila, _xlpm.colIni), IF(_xlpm.val="", "", _xlpm.val) ), "")} | AV75: {=IFERROR( _xlfn.LET( _xlpm.mesNum, E$2, _xlpm.mesTxt, INDEX({"ENERO","FEBRERO","MARZO","ABRIL","MAYO","JUNIO","JULIO","AGOSTO","SEPTIEMBRE","OCTUBRE","NOVIEMBRE","DICIEMBRE"}, _xlpm.mesNum), _xlpm.colIni, MATCH(_xlpm.mesTxt, Maximos_TMAX!$1:$1, 0), _xlpm.fila, MATCH($A75, Maximos_TMAX!$A:$A, 0), _xlpm.anio, INDEX(Maximos_TMAX!$A:$ZZ, _xlpm.fila, _xlpm.colIni+1), _xlpm.dia, INDEX(Maximos_TMAX!$A:$ZZ, _xlpm.fila, _xlpm.colIni+2), IF(OR(_xlpm.anio="",_xlpm.dia=""), "", DATE(_xlpm.anio, _xlpm.mesNum, _xlpm.dia)) ), "")} | AW75: =IF(OR(AT75="",AU75=""),"NA",IFERROR(AT75-AU75,"NA")) -> NA
A76: 25025270 | B76: Unisucre AUT | C76: Area Operativa 02 - Atlántico-Bolivar-Sucre | D76: -75.3875 | E76: 9.3163889 | F76: 160 | G76: 70 | H76: 70670 | I76: Sucre | J76: Sampués | K76: 36.2 | L76: 36.6 | M76: 35.4 | N76: 30.6 | O76: 35.2 | P76: 36 | Q76: 36.6 | R76: 37.4 | S76: 30.2 | T76: 34.6 | U76: 34.8 | V76: 33.4 | W76: 33.8 | X76: 35.6 | Y76: 36.2 | Z76: 36.4 | AA76: 37.4 | AB76: 35.2 | AP76: =COUNTIF(K76:AO76,">0") -> 18 | AQ76: =IF(AP76>14,AVERAGE(K76:AO76),"") -> 35.088889 | AR76: =IFERROR(VLOOKUP(A76,Climatologia_TMAX!A:U,9+$E$2,FALSE),"") -> 32.188624 | AS76: =IF(OR(AQ76="",AR76=""),"",IFERROR(AQ76-AR76,"")) -> 2.9002647 | AT76: =IF(COUNT(K76:AO76)=0,"",MAX(K76:AO76)) -> 37.4 | AU76: {=IFERROR( _xlfn.LET( _xlpm.mesTxt, INDEX({"ENERO","FEBRERO","MARZO","ABRIL","MAYO","JUNIO","JULIO","AGOSTO","SEPTIEMBRE","OCTUBRE","NOVIEMBRE","DICIEMBRE"}, E$2), _xlpm.colIni, MATCH(_xlpm.mesTxt, Maximos_TMAX!$1:$1, 0), _xlpm.fila, MATCH($A76, Maximos_TMAX!$A:$A, 0), _xlpm.val, INDEX(Maximos_TMAX!$A:$ZZ, _xlpm.fila, _xlpm.colIni), IF(_xlpm.val="", "", _xlpm.val) ), "")} -> 39.4 | AV76: {=IFERROR( _xlfn.LET( _xlpm.mesNum, E$2, _xlpm.mesTxt, INDEX({"ENERO","FEBRERO","MARZO","ABRIL","MAYO","JUNIO","JULIO","AGOSTO","SEPTIEMBRE","OCTUBRE","NOVIEMBRE","DICIEMBRE"}, _xlpm.mesNum), _xlpm.colIni, MATCH(_xlpm.mesTxt, Maximos_TMAX!$1:$1, 0), _xlpm.fila, MATCH($A76, Maximos_TMAX!$A:$A, 0), _xlpm.anio, INDEX(Maximos_TMAX!$A:$ZZ, _xlpm.fila, _xlpm.colIni+1), _xlpm.dia, INDEX(Maximos_TMAX!$A:$ZZ, _xlpm.fila, _xlpm.colIni+2), IF(OR(_xlpm.anio="",_xlpm.dia=""), "", DATE(_xlpm.anio, _xlpm.mesNum, _xlpm.dia)) ), "")} -> 35635 | AW76: =IF(OR(AT76="",AU76=""),"NA",IFERROR(AT76-AU76,"NA")) -> -2
A77: 33055010 | B77: Cumaribo | C77: Area Operativa 03 - Meta-Guaviare-Guainía | D77: -69.812306 | E77: 4.494806 | F77: 158 | G77: 99 | H77: 99773 | I77: Vichada | J77: Cumaribo | Q77: 25.8 | R77: 28.8 | S77: 28.4 | U77: 32.4 | V77: 32.2 | W77: 31.8 | X77: 31 | Y77: 30.4 | Z77: 33.2 | AB77: 30.8 | AP77: =COUNTIF(K77:AO77,">0") -> 10 | AQ77: =IF(AP77>14,AVERAGE(K77:AO77),"") | AR77: =IFERROR(VLOOKUP(A77,Climatologia_TMAX!A:U,9+$E$2,FALSE),"") -> 29.746774 | AS77: =IF(OR(AQ77="",AR77=""),"",IFERROR(AQ77-AR77,"")) | AT77: =IF(COUNT(K77:AO77)=0,"",MAX(K77:AO77)) -> 33.2 | AU77: {=IFERROR( _xlfn.LET( _xlpm.mesTxt, INDEX({"ENERO","FEBRERO","MARZO","ABRIL","MAYO","JUNIO","JULIO","AGOSTO","SEPTIEMBRE","OCTUBRE","NOVIEMBRE","DICIEMBRE"}, E$2), _xlpm.colIni, MATCH(_xlpm.mesTxt, Maximos_TMAX!$1:$1, 0), _xlpm.fila, MATCH($A77, Maximos_TMAX!$A:$A, 0), _xlpm.val, INDEX(Maximos_TMAX!$A:$ZZ, _xlpm.fila, _xlpm.colIni), IF(_xlpm.val="", "", _xlpm.val) ), "")} -> 34.6 | AV77: {=IFERROR( _xlfn.LET( _xlpm.mesNum, E$2, _xlpm.mesTxt, INDEX({"ENERO","FEBRERO","MARZO","ABRIL","MAYO","JUNIO","JULIO","AGOSTO","SEPTIEMBRE","OCTUBRE","NOVIEMBRE","DICIEMBRE"}, _xlpm.mesNum), _xlpm.colIni, MATCH(_xlpm.mesTxt, Maximos_TMAX!$1:$1, 0), _xlpm.fila, MATCH($A77, Maximos_TMAX!$A:$A, 0), _xlpm.anio, INDEX(Maximos_TMAX!$A:$ZZ, _xlpm.fila, _xlpm.colIni+1), _xlpm.dia, INDEX(Maximos_TMAX!$A:$ZZ, _xlpm.fila, _xlpm.colIni+2), IF(OR(_xlpm.anio="",_xlpm.dia=""), "", DATE(_xlpm.anio, _xlpm.mesNum, _xlpm.dia)) ), "")} -> 38928 | AW77: =IF(OR(AT77="",AU77=""),"NA",IFERROR(AT77-AU77,"NA")) -> -1.4
A78: 35055010 | B78: El Japon | C78: Area Operativa 03 - Meta-Guaviare-Guainía | D78: -73.301306 | E78: 4.3769722 | F78: 280 | G78: 25 | H78: 25530 | I78: Cundinamarca | J78: Paratebueno | AP78: =COUNTIF(K78:AO78,">0") -> 0 | AQ78: =IF(AP78>14,AVERAGE(K78:AO78),"") | AR78: =IFERROR(VLOOKUP(A78,Climatologia_TMAX!A:U,9+$E$2,FALSE),"") -> 29.06135 | AS78: =IF(OR(AQ78="",AR78=""),"",IFERROR(AQ78-AR78,"")) | AT78: =IF(COUNT(K78:AO78)=0,"",MAX(K78:AO78)) | AU78: {=IFERROR( _xlfn.LET( _xlpm.mesTxt, INDEX({"ENERO","FEBRERO","MARZO","ABRIL","MAYO","JUNIO","JULIO","AGOSTO","SEPTIEMBRE","OCTUBRE","NOVIEMBRE","DICIEMBRE"}, E$2), _xlpm.colIni, MATCH(_xlpm.mesTxt, Maximos_TMAX!$1:$1, 0), _xlpm.fila, MATCH($A78, Maximos_TMAX!$A:$A, 0), _xlpm.val, INDEX(Maximos_TMAX!$A:$ZZ, _xlpm.fila, _xlpm.colIni), IF(_xlpm.val="", "", _xlpm.val) ), "")} | AV78: {=IFERROR( _xlfn.LET( _xlpm.mesNum, E$2, _xlpm.mesTxt, INDEX({"ENERO","FEBRERO","MARZO","ABRIL","MAYO","JUNIO","JULIO","AGOSTO","SEPTIEMBRE","OCTUBRE","NOVIEMBRE","DICIEMBRE"}, _xlpm.mesNum), _xlpm.colIni, MATCH(_xlpm.mesTxt, Maximos_TMAX!$1:$1, 0), _xlpm.fila, MATCH($A78, Maximos_TMAX!$A:$A, 0), _xlpm.anio, INDEX(Maximos_TMAX!$A:$ZZ, _xlpm.fila, _xlpm.colIni+1), _xlpm.dia, INDEX(Maximos_TMAX!$A:$ZZ, _xlpm.fila, _xlpm.colIni+2), IF(OR(_xlpm.anio="",_xlpm.dia=""), "", DATE(_xlpm.anio, _xlpm.mesNum, _xlpm.dia)) ), "")} | AW78: =IF(OR(AT78="",AU78=""),"NA",IFERROR(AT78-AU78,"NA")) -> NA
A79: 31015010 | B79: El Trueno | C79: Area Operativa 03 - Meta-Guaviare-Guainía | D79: -72.639861 | E79: 2.372592 | F79: 216 | G79: 95 | H79: 95025 | I79: Guaviare | J79: El Retorno | K79: 29.6 | L79: 29.8 | M79: 30.6 | N79: 31.2 | O79: 28.6 | P79: 31 | Q79: 31.2 | R79: 28 | S79: 28.6 | T79: 31.2 | U79: 31.6 | V79: 31.6 | W79: 31.6 | X79: 31.6 | Y79: 31.4 | Z79: 31.6 | AA79: 31.2 | AB79: 30.2 | AP79: =COUNTIF(K79:AO79,">0") -> 18 | AQ79: =IF(AP79>14,AVERAGE(K79:AO79),"") -> 30.588889 | AR79: =IFERROR(VLOOKUP(A79,Climatologia_TMAX!A:U,9+$E$2,FALSE),"") -> 29.544675 | AS79: =IF(OR(AQ79="",AR79=""),"",IFERROR(AQ79-AR79,"")) -> 1.0442139 | AT79: =IF(COUNT(K79:AO79)=0,"",MAX(K79:AO79)) -> 31.6 | AU79: {=IFERROR( _xlfn.LET( _xlpm.mesTxt, INDEX({"ENERO","FEBRERO","MARZO","ABRIL","MAYO","JUNIO","JULIO","AGOSTO","SEPTIEMBRE","OCTUBRE","NOVIEMBRE","DICIEMBRE"}, E$2), _xlpm.colIni, MATCH(_xlpm.mesTxt, Maximos_TMAX!$1:$1, 0), _xlpm.fila, MATCH($A79, Maximos_TMAX!$A:$A, 0), _xlpm.val, INDEX(Maximos_TMAX!$A:$ZZ, _xlpm.fila, _xlpm.colIni), IF(_xlpm.val="", "", _xlpm.val) ), "")} -> 35.6 | AV79: {=IFERROR( _xlfn.LET( _xlpm.mesNum, E$2, _xlpm.mesTxt, INDEX({"ENERO","FEBRERO","MARZO","ABRIL","MAYO","JUNIO","JULIO","AGOSTO","SEPTIEMBRE","OCTUBRE","NOVIEMBRE","DICIEMBRE"}, _xlpm.mesNum), _xlpm.colIni, MATCH(_xlpm.mesTxt, Maximos_TMAX!$1:$1, 0), _xlpm.fila, MATCH($A79, Maximos_TMAX!$A:$A, 0), _xlpm.anio, INDEX(Maximos_TMAX!$A:$ZZ, _xlpm.fila, _xlpm.colIni+1), _xlpm.dia, INDEX(Maximos_TMAX!$A:$ZZ, _xlpm.fila, _xlpm.colIni+2), IF(OR(_xlpm.anio="",_xlpm.dia=""), "", DATE(_xlpm.anio, _xlpm.mesNum, _xlpm.dia)) ), "")} -> 44041 | AW79: =IF(OR(AT79="",AU79=""),"NA",IFERROR(AT79-AU79,"NA")) -> -4
A80: 35105050 | B80: Guaicaramo | C80: Area Operativa 03 - Meta-Guaviare-Guainía | D80: -72.95364 | E80: 4.46865 | F80: 199 | G80: 50 | H80: 50110 | I80: Meta | J80: Barranca De Upía | K80: 31 | L80: 25 | M80: 29.2 | P80: 31.2 | Q80: 30.2 | R80: 31 | S80: 27.2 | T80: 32 | U80: 31.8 | X80: 29.8 | Y80: 30 | Z80: 32 | AA80: 33 | AP80: =COUNTIF(K80:AO80,">0") -> 13 | AQ80: =IF(AP80>14,AVERAGE(K80:AO80),"") | AR80: =IFERROR(VLOOKUP(A80,Climatologia_TMAX!A:U,9+$E$2,FALSE),"") -> 29.810196 | AS80: =IF(OR(AQ80="",AR80=""),"",IFERROR(AQ80-AR80,"")) | AT80: =IF(COUNT(K80:AO80)=0,"",MAX(K80:AO80)) -> 33 | AU80: {=IFERROR( _xlfn.LET( _xlpm.mesTxt, INDEX({"ENERO","FEBRERO","MARZO","ABRIL","MAYO","JUNIO","JULIO","AGOSTO","SEPTIEMBRE","OCTUBRE","NOVIEMBRE","DICIEMBRE"}, E$2), _xlpm.colIni, MATCH(_xlpm.mesTxt, Maximos_TMAX!$1:$1, 0), _xlpm.fila, MATCH($A80, Maximos_TMAX!$A:$A, 0), _xlpm.val, INDEX(Maximos_TMAX!$A:$ZZ, _xlpm.fila, _xlpm.colIni), IF(_xlpm.val="", "", _xlpm.val) ), "")} -> 34 | AV80: {=IFERROR( _xlfn.LET( _xlpm.mesNum, E$2, _xlpm.mesTxt, INDEX({"ENERO","FEBRERO","MARZO","ABRIL","MAYO","JUNIO","JULIO","AGOSTO","SEPTIEMBRE","OCTUBRE","NOVIEMBRE","DICIEMBRE"}, _xlpm.mesNum), _xlpm.colIni, MATCH(_xlpm.mesTxt, Maximos_TMAX!$1:$1, 0), _xlpm.fila, MATCH($A80, Maximos_TMAX!$A:$A, 0), _xlpm.anio, INDEX(Maximos_TMAX!$A:$ZZ, _xlpm.fila, _xlpm.colIni+1), _xlpm.dia, INDEX(Maximos_TMAX!$A:$ZZ, _xlpm.fila, _xlpm.colIni+2), IF(OR(_xlpm.anio="",_xlpm.dia=""), "", DATE(_xlpm.anio, _xlpm.mesNum, _xlpm.dia)) ), "")} -> 35631 | AW80: =IF(OR(AT80="",AU80=""),"NA",IFERROR(AT80-AU80,"NA")) -> -1
A81: 35045020 | B81: Hacienda La Cabaña | C81: Area Operativa 03 - Meta-Guaviare-Guainía | D81: -73.3575 | E81: 4.3004444 | F81: 310 | G81: 50 | H81: 50226 | I81: Meta | J81: Cumaral | K81: 30.4 | L81: 29.4 | M81: 28.6 | N81: 27.8 | O81: 27.2 | P81: 30.6 | Q81: 27.8 | R81: 30.6 | S81: 27.8 | T81: 31 | U81: 32 | V81: 30.4 | W81: 32 | X81: 31 | Y81: 30.4 | Z81: 32 | AA81: 33 | AB81: 28.6 | AP81: =COUNTIF(K81:AO81,">0") -> 18 | AQ81: =IF(AP81>14,AVERAGE(K81:AO81),"") -> 30.033333 | AR81: =IFERROR(VLOOKUP(A81,Climatologia_TMAX!A:U,9+$E$2,FALSE),"") -> 29.131406 | AS81: =IF(OR(AQ81="",AR81=""),"",IFERROR(AQ81-AR81,"")) -> 0.90192725 | AT81: =IF(COUNT(K81:AO81)=0,"",MAX(K81:AO81)) -> 33 | AU81: {=IFERROR( _xlfn.LET( _xlpm.mesTxt, INDEX({"ENERO","FEBRERO","MARZO","ABRIL","MAYO","JUNIO","JULIO","AGOSTO","SEPTIEMBRE","OCTUBRE","NOVIEMBRE","DICIEMBRE"}, E$2), _xlpm.colIni, MATCH(_xlpm.mesTxt, Maximos_TMAX!$1:$1, 0), _xlpm.fila, MATCH($A81, Maximos_TMAX!$A:$A, 0), _xlpm.val, INDEX(Maximos_TMAX!$A:$ZZ, _xlpm.fila, _xlpm.colIni), IF(_xlpm.val="", "", _xlpm.val) ), "")} -> 34 | AV81: {=IFERROR( _xlfn.LET( _xlpm.mesNum, E$2, _xlpm.mesTxt, INDEX({"ENERO","FEBRERO","MARZO","ABRIL","MAYO","JUNIO","JULIO","AGOSTO","SEPTIEMBRE","OCTUBRE","NOVIEMBRE","DICIEMBRE"}, _xlpm.mesNum), _xlpm.colIni, MATCH(_xlpm.mesTxt, Maximos_TMAX!$1:$1, 0), _xlpm.fila, MATCH($A81, Maximos_TMAX!$A:$A, 0), _xlpm.anio, INDEX(Maximos_TMAX!$A:$ZZ, _xlpm.fila, _xlpm.colIni+1), _xlpm.dia, INDEX(Maximos_TMAX!$A:$ZZ, _xlpm.fila, _xlpm.colIni+2), IF(OR(_xlpm.anio="",_xlpm.dia=""), "", DATE(_xlpm.anio, _xlpm.mesNum, _xlpm.dia)) ), "")} -> 30522 | AW81: =IF(OR(AT81="",AU81=""),"NA",IFERROR(AT81-AU81,"NA")) -> -1
A82: 35125010 | B82: Hacienda Las Margaritas | C82: Area Operativa 03 - Meta-Guaviare-Guainía | D82: -72.227064 | E82: 4.3698889 | F82: 178 | G82: 50 | H82: 50573 | I82: Meta | J82: Puerto López | AP82: =COUNTIF(K82:AO82,">0") -> 0 | AQ82: =IF(AP82>14,AVERAGE(K82:AO82),"") | AR82: =IFERROR(VLOOKUP(A82,Climatologia_TMAX!A:U,9+$E$2,FALSE),"") | AS82: =IF(OR(AQ82="",AR82=""),"",IFERROR(AQ82-AR82,"")) | AT82: =IF(COUNT(K82:AO82)=0,"",MAX(K82:AO82)) | AU82: {=IFERROR( _xlfn.LET( _xlpm.mesTxt, INDEX({"ENERO","FEBRERO","MARZO","ABRIL","MAYO","JUNIO","JULIO","AGOSTO","SEPTIEMBRE","OCTUBRE","NOVIEMBRE","DICIEMBRE"}, E$2), _xlpm.colIni, MATCH(_xlpm.mesTxt, Maximos_TMAX!$1:$1, 0), _xlpm.fila, MATCH($A82, Maximos_TMAX!$A:$A, 0), _xlpm.val, INDEX(Maximos_TMAX!$A:$ZZ, _xlpm.fila, _xlpm.colIni), IF(_xlpm.val="", "", _xlpm.val) ), "")} -> 36.2 | AV82: {=IFERROR( _xlfn.LET( _xlpm.mesNum, E$2, _xlpm.mesTxt, INDEX({"ENERO","FEBRERO","MARZO","ABRIL","MAYO","JUNIO","JULIO","AGOSTO","SEPTIEMBRE","OCTUBRE","NOVIEMBRE","DICIEMBRE"}, _xlpm.mesNum), _xlpm.colIni, MATCH(_xlpm.mesTxt, Maximos_TMAX!$1:$1, 0), _xlpm.fila, MATCH($A82, Maximos_TMAX!$A:$A, 0), _xlpm.anio, INDEX(Maximos_TMAX!$A:$ZZ, _xlpm.fila, _xlpm.colIni+1), _xlpm.dia, INDEX(Maximos_TMAX!$A:$ZZ, _xlpm.fila, _xlpm.colIni+2), IF(OR(_xlpm.anio="",_xlpm.dia=""), "", DATE(_xlpm.anio, _xlpm.mesNum, _xlpm.dia)) ), "")} -> 35984 | AW82: =IF(OR(AT82="",AU82=""),"NA",IFERROR(AT82-AU82,"NA")) -> NA
A83: 35095110 | B83: Huerta La Grande | C83: Area Operativa 03 - Meta-Guaviare-Guainía | D83: -72.915458 | E83: 4.65144 | F83: 345 | G83: 85 | H83: 85440 | I83: Casanare | J83: Villanueva | K83: 31 | L83: 25 | M83: 29.1 | P83: 31 | Q83: 31 | R83: 32 | S83: 26 | T83: 32.3 | U83: 31.3 | V83: 31.3 | W83: 31.8 | X83: 30.4 | Y83: 29.6 | Z83: 32.2 | AA83: 33 | AB83: 27.6 | AP83: =COUNTIF(K83:AO83,">0") -> 16 | AQ83: =IF(AP83>14,AVERAGE(K83:AO83),"") -> 30.2875 | AR83: =IFERROR(VLOOKUP(A83,Climatologia_TMAX!A:U,9+$E$2,FALSE),"") -> 29.283969 | AS83: =IF(OR(AQ83="",AR83=""),"",IFERROR(AQ83-AR83,"")) -> 1.0035313 | AT83: =IF(COUNT(K83:AO83)=0,"",MAX(K83:AO83)) -> 33 | AU83: {=IFERROR( _xlfn.LET( _xlpm.mesTxt, INDEX({"ENERO","FEBRERO","MARZO","ABRIL","MAYO","JUNIO","JULIO","AGOSTO","SEPTIEMBRE","OCTUBRE","NOVIEMBRE","DICIEMBRE"}, E$2), _xlpm.colIni, MATCH(_xlpm.mesTxt, Maximos_TMAX!$1:$1, 0), _xlpm.fila, MATCH($A83, Maximos_TMAX!$A:$A, 0), _xlpm.val, INDEX(Maximos_TMAX!$A:$ZZ, _xlpm.fila, _xlpm.colIni), IF(_xlpm.val="", "", _xlpm.val) ), "")} | AV83: {=IFERROR( _xlfn.LET( _xlpm.mesNum, E$2, _xlpm.mesTxt, INDEX({"ENERO","FEBRERO","MARZO","ABRIL","MAYO","JUNIO","JULIO","AGOSTO","SEPTIEMBRE","OCTUBRE","NOVIEMBRE","DICIEMBRE"}, _xlpm.mesNum), _xlpm.colIni, MATCH(_xlpm.mesTxt, Maximos_TMAX!$1:$1, 0), _xlpm.fila, MATCH($A83, Maximos_TMAX!$A:$A, 0), _xlpm.anio, INDEX(Maximos_TMAX!$A:$ZZ, _xlpm.fila, _xlpm.colIni+1), _xlpm.dia, INDEX(Maximos_TMAX!$A:$ZZ, _xlpm.fila, _xlpm.colIni+2), IF(OR(_xlpm.anio="",_xlpm.dia=""), "", DATE(_xlpm.anio, _xlpm.mesNum, _xlpm.dia)) ), "")} | AW83: =IF(OR(AT83="",AU83=""),"NA",IFERROR(AT83-AU83,"NA")) -> NA
A84: 32075040 | B84: La Holanda | C84: Area Operativa 03 - Meta-Guaviare-Guainía | D84: -73.716028 | E84: 3.5163333 | F84: 360 | G84: 50 | H84: 50313 | I84: Meta | J84: Granada | AP84: =COUNTIF(K84:AO84,">0") -> 0 | AQ84: =IF(AP84>14,AVERAGE(K84:AO84),"") | AR84: =IFERROR(VLOOKUP(A84,Climatologia_TMAX!A:U,9+$E$2,FALSE),"") -> 29.560196 | AS84: =IF(OR(AQ84="",AR84=""),"",IFERROR(AQ84-AR84,"")) | AT84: =IF(COUNT(K84:AO84)=0,"",MAX(K84:AO84)) | AU84: {=IFERROR( _xlfn.LET( _xlpm.mesTxt, INDEX({"ENERO","FEBRERO","MARZO","ABRIL","MAYO","JUNIO","JULIO","AGOSTO","SEPTIEMBRE","OCTUBRE","NOVIEMBRE","DICIEMBRE"}, E$2), _xlpm.colIni, MATCH(_xlpm.mesTxt, Maximos_TMAX!$1:$1, 0), _xlpm.fila, MATCH($A84, Maximos_TMAX!$A:$A, 0), _xlpm.val, INDEX(Maximos_TMAX!$A:$ZZ, _xlpm.fila, _xlpm.colIni), IF(_xlpm.val="", "", _xlpm.val) ), "")} | AV84: {=IFERROR( _xlfn.LET( _xlpm.mesNum, E$2, _xlpm.mesTxt, INDEX({"ENERO","FEBRERO","MARZO","ABRIL","MAYO","JUNIO","JULIO","AGOSTO","SEPTIEMBRE","OCTUBRE","NOVIEMBRE","DICIEMBRE"}, _xlpm.mesNum), _xlpm.colIni, MATCH(_xlpm.mesTxt, Maximos_TMAX!$1:$1, 0), _xlpm.fila, MATCH($A84, Maximos_TMAX!$A:$A, 0), _xlpm.anio, INDEX(Maximos_TMAX!$A:$ZZ, _xlpm.fila, _xlpm.colIni+1), _xlpm.dia, INDEX(Maximos_TMAX!$A:$ZZ, _xlpm.fila, _xlpm.colIni+2), IF(OR(_xlpm.anio="",_xlpm.dia=""), "", DATE(_xlpm.anio, _xlpm.mesNum, _xlpm.dia)) ), "")} | AW84: =IF(OR(AT84="",AU84=""),"NA",IFERROR(AT84-AU84,"NA")) -> NA
A85: 35025110 | B85: La Libertad - AUT | C85: Area Operativa 03 - Meta-Guaviare-Guainía | D85: -73.467865 | E85: 4.057415 | F85: 340 | G85: 50 | H85: 50001 | I85: Meta | J85: Villavicencio | K85: 31 | L85: 25 | M85: 29 | N85: 28.8 | O85: 29.4 | P85: 30.2 | Q85: 29 | R85: 30.6 | S85: 28 | T85: 30.4 | U85: 31 | V85: 30.6 | W85: 31.8 | X85: 31 | Y85: 30.8 | Z85: 31.2 | AA85: 32.2 | AB85: 29.6 | AP85: =COUNTIF(K85:AO85,">0") -> 18 | AQ85: =IF(AP85>14,AVERAGE(K85:AO85),"") -> 29.977778 | AR85: =IFERROR(VLOOKUP(A85,Climatologia_TMAX!A:U,9+$E$2,FALSE),"") -> 29.391449 | AS85: =IF(OR(AQ85="",AR85=""),"",IFERROR(AQ85-AR85,"")) -> 0.58632831 | AT85: =IF(COUNT(K85:AO85)=0,"",MAX(K85:AO85)) -> 32.2 | AU85: {=IFERROR( _xlfn.LET( _xlpm.mesTxt, INDEX({"ENERO","FEBRERO","MARZO","ABRIL","MAYO","JUNIO","JULIO","AGOSTO","SEPTIEMBRE","OCTUBRE","NOVIEMBRE","DICIEMBRE"}, E$2), _xlpm.colIni, MATCH(_xlpm.mesTxt, Maximos_TMAX!$1:$1, 0), _xlpm.fila, MATCH($A85, Maximos_TMAX!$A:$A, 0), _xlpm.val, INDEX(Maximos_TMAX!$A:$ZZ, _xlpm.fila, _xlpm.colIni), IF(_xlpm.val="", "", _xlpm.val) ), "")} -> 34.8 | AV85: {=IFERROR( _xlfn.LET( _xlpm.mesNum, E$2, _xlpm.mesTxt, INDEX({"ENERO","FEBRERO","MARZO","ABRIL","MAYO","JUNIO","JULIO","AGOSTO","SEPTIEMBRE","OCTUBRE","NOVIEMBRE","DICIEMBRE"}, _xlpm.mesNum), _xlpm.colIni, MATCH(_xlpm.mesTxt, Maximos_TMAX!$1:$1, 0), _xlpm.fila, MATCH($A85, Maximos_TMAX!$A:$A, 0), _xlpm.anio, INDEX(Maximos_TMAX!$A:$ZZ, _xlpm.fila, _xlpm.colIni+1), _xlpm.dia, INDEX(Maximos_TMAX!$A:$ZZ, _xlpm.fila, _xlpm.colIni+2), IF(OR(_xlpm.anio="",_xlpm.dia=""), "", DATE(_xlpm.anio, _xlpm.mesNum, _xlpm.dia)) ), "")} -> 35614 | AW85: =IF(OR(AT85="",AU85=""),"NA",IFERROR(AT85-AU85,"NA")) -> -2.6
A86: 32035010 | B86: La Macarena | C86: Area Operativa 03 - Meta-Guaviare-Guainía | D86: -73.793472 | E86: 2.176139 | F86: 227 | G86: 50 | H86: 50350 | I86: Meta | J86: La Macarena | K86: 28.4 | L86: 26.8 | M86: 30.2 | N86: 29.4 | O86: 29.6 | P86: 31.4 | Q86: 31 | R86: 29.8 | S86: 27.2 | T86: 31.2 | U86: 30.4 | V86: 30 | W86: 31.2 | X86: 30.8 | Y86: 31.4 | Z86: 31 | AA86: 29.4 | AB86: 29.6 | AP86: =COUNTIF(K86:AO86,">0") -> 18 | AQ86: =IF(AP86>14,AVERAGE(K86:AO86),"") -> 29.933333 | AR86: =IFERROR(VLOOKUP(A86,Climatologia_TMAX!A:U,9+$E$2,FALSE),"") -> 29.459276 | AS86: =IF(OR(AQ86="",AR86=""),"",IFERROR(AQ86-AR86,"")) -> 0.47405691 | AT86: =IF(COUNT(K86:AO86)=0,"",MAX(K86:AO86)) -> 31.4 | AU86: {=IFERROR( _xlfn.LET( _xlpm.mesTxt, INDEX({"ENERO","FEBRERO","MARZO","ABRIL","MAYO","JUNIO","JULIO","AGOSTO","SEPTIEMBRE","OCTUBRE","NOVIEMBRE","DICIEMBRE"}, E$2), _xlpm.colIni, MATCH(_xlpm.mesTxt, Maximos_TMAX!$1:$1, 0), _xlpm.fila, MATCH($A86, Maximos_TMAX!$A:$A, 0), _xlpm.val, INDEX(Maximos_TMAX!$A:$ZZ, _xlpm.fila, _xlpm.colIni), IF(_xlpm.val="", "", _xlpm.val) ), "")} -> 33.2 | AV86: {=IFERROR( _xlfn.LET( _xlpm.mesNum, E$2, _xlpm.mesTxt, INDEX({"ENERO","FEBRERO","MARZO","ABRIL","MAYO","JUNIO","JULIO","AGOSTO","SEPTIEMBRE","OCTUBRE","NOVIEMBRE","DICIEMBRE"}, _xlpm.mesNum), _xlpm.colIni, MATCH(_xlpm.mesTxt, Maximos_TMAX!$1:$1, 0), _xlpm.fila, MATCH($A86, Maximos_TMAX!$A:$A, 0), _xlpm.anio, INDEX(Maximos_TMAX!$A:$ZZ, _xlpm.fila, _xlpm.colIni+1), _xlpm.dia, INDEX(Maximos_TMAX!$A:$ZZ, _xlpm.fila, _xlpm.colIni+2), IF(OR(_xlpm.anio="",_xlpm.dia=""), "", DATE(_xlpm.anio, _xlpm.mesNum, _xlpm.dia)) ), "")} -> 38926 | AW86: =IF(OR(AT86="",AU86=""),"NA",IFERROR(AT86-AU86,"NA")) -> -1.8
A87: 34015010 | B87: Las Gaviotas | C87: Area Operativa 03 - Meta-Guaviare-Guainía | D87: -70.930225 | E87: 4.553891 | F87: 173 | G87: 99 | H87: 99773 | I87: Vichada | J87: Cumaribo | K87: 32 | L87: 26.8 | M87: 29.6 | N87: 26.2 | O87: 29 | P87: 30.8 | Q87: 28.8 | R87: 30.8 | S87: 28.4 | T87: 32 | U87: 31 | V87: 30.6 | W87: 31.6 | X87: 32.8 | Y87: 31.6 | Z87: 32.8 | AA87: 32.8 | AB87: 29.8 | AP87: =COUNTIF(K87:AO87,">0") -> 18 | AQ87: =IF(AP87>14,AVERAGE(K87:AO87),"") -> 30.411111 | AR87: =IFERROR(VLOOKUP(A87,Climatologia_TMAX!A:U,9+$E$2,FALSE),"") -> 29.545816 | AS87: =IF(OR(AQ87="",AR87=""),"",IFERROR(AQ87-AR87,"")) -> 0.86529472 | AT87: =IF(COUNT(K87:AO87)=0,"",MAX(K87:AO87)) -> 32.8 | AU87: {=IFERROR( _xlfn.LET( _xlpm.mesTxt, INDEX({"ENERO","FEBRERO","MARZO","ABRIL","MAYO","JUNIO","JULIO","AGOSTO","SEPTIEMBRE","OCTUBRE","NOVIEMBRE","DICIEMBRE"}, E$2), _xlpm.colIni, MATCH(_xlpm.mesTxt, Maximos_TMAX!$1:$1, 0), _xlpm.fila, MATCH($A87, Maximos_TMAX!$A:$A, 0), _xlpm.val, INDEX(Maximos_TMAX!$A:$ZZ, _xlpm.fila, _xlpm.colIni), IF(_xlpm.val="", "", _xlpm.val) ), "")} -> 34.2 | AV87: {=IFERROR( _xlfn.LET( _xlpm.mesNum, E$2, _xlpm.mesTxt, INDEX({"ENERO","FEBRERO","MARZO","ABRIL","MAYO","JUNIO","JULIO","AGOSTO","SEPTIEMBRE","OCTUBRE","NOVIEMBRE","DICIEMBRE"}, _xlpm.mesNum), _xlpm.colIni, MATCH(_xlpm.mesTxt, Maximos_TMAX!$1:$1, 0), _xlpm.fila, MATCH($A87, Maximos_TMAX!$A:$A, 0), _xlpm.anio, INDEX(Maximos_TMAX!$A:$ZZ, _xlpm.fila, _xlpm.colIni+1), _xlpm.dia, INDEX(Maximos_TMAX!$A:$ZZ, _xlpm.fila, _xlpm.colIni+2), IF(OR(_xlpm.anio="",_xlpm.dia=""), "", DATE(_xlpm.anio, _xlpm.mesNum, _xlpm.dia)) ), "")} -> 37808 | AW87: =IF(OR(AT87="",AU87=""),"NA",IFERROR(AT87-AU87,"NA")) -> -1.4
A88: 32155010 | B88: Mapiripana | C88: Area Operativa 03 - Meta-Guaviare-Guainía | D88: -70.475139 | E88: 2.811778 | F88: 154 | G88: 94 | H88: 94343 | I88: Guainía | J88: Barrancominas | AP88: =COUNTIF(K88:AO88,">0") -> 0 | AQ88: =IF(AP88>14,AVERAGE(K88:AO88),"") | AR88: =IFERROR(VLOOKUP(A88,Climatologia_TMAX!A:U,9+$E$2,FALSE),"") -> 30.904419 | AS88: =IF(OR(AQ88="",AR88=""),"",IFERROR(AQ88-AR88,"")) | AT88: =IF(COUNT(K88:AO88)=0,"",MAX(K88:AO88)) | AU88: {=IFERROR( _xlfn.LET( _xlpm.mesTxt, INDEX({"ENERO","FEBRERO","MARZO","ABRIL","MAYO","JUNIO","JULIO","AGOSTO","SEPTIEMBRE","OCTUBRE","NOVIEMBRE","DICIEMBRE"}, E$2), _xlpm.colIni, MATCH(_xlpm.mesTxt, Maximos_TMAX!$1:$1, 0), _xlpm.fila, MATCH($A88, Maximos_TMAX!$A:$A, 0), _xlpm.val, INDEX(Maximos_TMAX!$A:$ZZ, _xlpm.fila, _xlpm.colIni), IF(_xlpm.val="", "", _xlpm.val) ), "")} -> 35.4 | AV88: {=IFERROR( _xlfn.LET( _xlpm.mesNum, E$2, _xlpm.mesTxt, INDEX({"ENERO","FEBRERO","MARZO","ABRIL","MAYO","JUNIO","JULIO","AGOSTO","SEPTIEMBRE","OCTUBRE","NOVIEMBRE","DICIEMBRE"}, _xlpm.mesNum), _xlpm.colIni, MATCH(_xlpm.mesTxt, Maximos_TMAX!$1:$1, 0), _xlpm.fila, MATCH($A88, Maximos_TMAX!$A:$A, 0), _xlpm.anio, INDEX(Maximos_TMAX!$A:$ZZ, _xlpm.fila, _xlpm.colIni+1), _xlpm.dia, INDEX(Maximos_TMAX!$A:$ZZ, _xlpm.fila, _xlpm.colIni+2), IF(OR(_xlpm.anio="",_xlpm.dia=""), "", DATE(_xlpm.anio, _xlpm.mesNum, _xlpm.dia)) ), "")} -> 44406 | AW88: =IF(OR(AT88="",AU88=""),"NA",IFERROR(AT88-AU88,"NA")) -> NA
A89: 32075050 | B89: Mesetas | C89: Area Operativa 03 - Meta-Guaviare-Guainía | D89: -74.043 | E89: 3.38008 | F89: 556 | G89: 50 | H89: 50330 | I89: Meta | J89: Mesetas | AP89: =COUNTIF(K89:AO89,">0") -> 0 | AQ89: =IF(AP89>14,AVERAGE(K89:AO89),"") | AR89: =IFERROR(VLOOKUP(A89,Climatologia_TMAX!A:U,9+$E$2,FALSE),"") -> 27.942218 | AS89: =IF(OR(AQ89="",AR89=""),"",IFERROR(AQ89-AR89,"")) | AT89: =IF(COUNT(K89:AO89)=0,"",MAX(K89:AO89)) | AU89: {=IFERROR( _xlfn.LET( _xlpm.mesTxt, INDEX({"ENERO","FEBRERO","MARZO","ABRIL","MAYO","JUNIO","JULIO","AGOSTO","SEPTIEMBRE","OCTUBRE","NOVIEMBRE","DICIEMBRE"}, E$2), _xlpm.colIni, MATCH(_xlpm.mesTxt, Maximos_TMAX!$1:$1, 0), _xlpm.fila, MATCH($A89, Maximos_TMAX!$A:$A, 0), _xlpm.val, INDEX(Maximos_TMAX!$A:$ZZ, _xlpm.fila, _xlpm.colIni), IF(_xlpm.val="", "", _xlpm.val) ), "")} -> 33.6 | AV89: {=IFERROR( _xlfn.LET( _xlpm.mesNum, E$2, _xlpm.mesTxt, INDEX({"ENERO","FEBRERO","MARZO","ABRIL","MAYO","JUNIO","JULIO","AGOSTO","SEPTIEMBRE","OCTUBRE","NOVIEMBRE","DICIEMBRE"}, _xlpm.mesNum), _xlpm.colIni, MATCH(_xlpm.mesTxt, Maximos_TMAX!$1:$1, 0), _xlpm.fila, MATCH($A89, Maximos_TMAX!$A:$A, 0), _xlpm.anio, INDEX(Maximos_TMAX!$A:$ZZ, _xlpm.fila, _xlpm.colIni+1), _xlpm.dia, INDEX(Maximos_TMAX!$A:$ZZ, _xlpm.fila, _xlpm.colIni+2), IF(OR(_xlpm.anio="",_xlpm.dia=""), "", DATE(_xlpm.anio, _xlpm.mesNum, _xlpm.dia)) ), "")} -> 33084 | AW89: =IF(OR(AT89="",AU89=""),"NA",IFERROR(AT89-AU89,"NA")) -> NA
A90: 42075010 | B90: Mitu | C90: Area Operativa 03 - Meta-Guaviare-Guainía | D90: -70.239204 | E90: 1.259702 | F90: 168 | G90: 97 | H90: 97001 | I90: Vaupés | J90: Mitú | K90: 32.4 | L90: 32.2 | M90: 33.4 | N90: 29.4 | O90: 30.4 | P90: 30.4 | Q90: 31.4 | R90: 30.4 | S90: 31 | T90: 31 | U90: 32.3 | V90: 31.3 | W90: 31.3 | X90: 31.2 | Y90: 31.2 | Z90: 31.2 | AA90: 31.4 | AB90: 31.1 | AP90: =COUNTIF(K90:AO90,">0") -> 18 | AQ90: =IF(AP90>14,AVERAGE(K90:AO90),"") -> 31.277778 | AR90: =IFERROR(VLOOKUP(A90,Climatologia_TMAX!A:U,9+$E$2,FALSE),"") -> 29.043187 | AS90: =IF(OR(AQ90="",AR90=""),"",IFERROR(AQ90-AR90,"")) -> 2.2345906 | AT90: =IF(COUNT(K90:AO90)=0,"",MAX(K90:AO90)) -> 33.4 | AU90: {=IFERROR( _xlfn.LET( _xlpm.mesTxt, INDEX({"ENERO","FEBRERO","MARZO","ABRIL","MAYO","JUNIO","JULIO","AGOSTO","SEPTIEMBRE","OCTUBRE","NOVIEMBRE","DICIEMBRE"}, E$2), _xlpm.colIni, MATCH(_xlpm.mesTxt, Maximos_TMAX!$1:$1, 0), _xlpm.fila, MATCH($A90, Maximos_TMAX!$A:$A, 0), _xlpm.val, INDEX(Maximos_TMAX!$A:$ZZ, _xlpm.fila, _xlpm.colIni), IF(_xlpm.val="", "", _xlpm.val) ), "")} -> 33.6 | AV90: {=IFERROR( _xlfn.LET( _xlpm.mesNum, E$2, _xlpm.mesTxt, INDEX({"ENERO","FEBRERO","MARZO","ABRIL","MAYO","JUNIO","JULIO","AGOSTO","SEPTIEMBRE","OCTUBRE","NOVIEMBRE","DICIEMBRE"}, _xlpm.mesNum), _xlpm.colIni, MATCH(_xlpm.mesTxt, Maximos_TMAX!$1:$1, 0), _xlpm.fila, MATCH($A90, Maximos_TMAX!$A:$A, 0), _xlpm.anio, INDEX(Maximos_TMAX!$A:$ZZ, _xlpm.fila, _xlpm.colIni+1), _xlpm.dia, INDEX(Maximos_TMAX!$A:$ZZ, _xlpm.fila, _xlpm.colIni+2), IF(OR(_xlpm.anio="",_xlpm.dia=""), "", DATE(_xlpm.anio, _xlpm.mesNum, _xlpm.dia)) ), "")} -> 45843 | AW90: =IF(OR(AT90="",AU90=""),"NA",IFERROR(AT90-AU90,"NA")) -> -0.2
A91: 35225030 | B91: Modulos - AUT | C91: Area Operativa 03 - Meta-Guaviare-Guainía | D91: -71.433083 | E91: 4.910528 | F91: 139 | G91: 85 | H91: 85230 | I91: Casanare | J91: Orocué | K91: 33 | L91: 27.3 | M91: 30.2 | N91: 25 | O91: 28 | P91: 32.2 | Q91: 27 | R91: 32.4 | S91: 27.1 | T91: 32.1 | U91: 31.2 | V91: 30.3 | W91: 31.3 | X91: 32.4 | Y91: 32.1 | Z91: 32.3 | AA91: 32.4 | AB91: 30.1 | AP91: =COUNTIF(K91:AO91,">0") -> 18 | AQ91: =IF(AP91>14,AVERAGE(K91:AO91),"") -> 30.355556 | AR91: =IFERROR(VLOOKUP(A91,Climatologia_TMAX!A:U,9+$E$2,FALSE),"") -> 30.168934 | AS91: =IF(OR(AQ91="",AR91=""),"",IFERROR(AQ91-AR91,"")) -> 0.18662204 | AT91: =IF(COUNT(K91:AO91)=0,"",MAX(K91:AO91)) -> 33 | AU91: {=IFERROR( _xlfn.LET( _xlpm.mesTxt, INDEX({"ENERO","FEBRERO","MARZO","ABRIL","MAYO","JUNIO","JULIO","AGOSTO","SEPTIEMBRE","OCTUBRE","NOVIEMBRE","DICIEMBRE"}, E$2), _xlpm.colIni, MATCH(_xlpm.mesTxt, Maximos_TMAX!$1:$1, 0), _xlpm.fila, MATCH($A91, Maximos_TMAX!$A:$A, 0), _xlpm.val, INDEX(Maximos_TMAX!$A:$ZZ, _xlpm.fila, _xlpm.colIni), IF(_xlpm.val="", "", _xlpm.val) ), "")} -> 34.6 | AV91: {=IFERROR( _xlfn.LET( _xlpm.mesNum, E$2, _xlpm.mesTxt, INDEX({"ENERO","FEBRERO","MARZO","ABRIL","MAYO","JUNIO","JULIO","AGOSTO","SEPTIEMBRE","OCTUBRE","NOVIEMBRE","DICIEMBRE"}, _xlpm.mesNum), _xlpm.colIni, MATCH(_xlpm.mesTxt, Maximos_TMAX!$1:$1, 0), _xlpm.fila, MATCH($A91, Maximos_TMAX!$A:$A, 0), _xlpm.anio, INDEX(Maximos_TMAX!$A:$ZZ, _xlpm.fila, _xlpm.colIni+1), _xlpm.dia, INDEX(Maximos_TMAX!$A:$ZZ, _xlpm.fila, _xlpm.colIni+2), IF(OR(_xlpm.anio="",_xlpm.dia=""), "", DATE(_xlpm.anio, _xlpm.mesNum, _xlpm.dia)) ), "")} -> 31622 | AW91: =IF(OR(AT91="",AU91=""),"NA",IFERROR(AT91-AU91,"NA")) -> -1.6
A92: 3502500006 | B92: Morichal | C92: Area Operativa 03 - Meta-Guaviare-Guainía | D92: -73.242964 | E92: 3.9325472 | F92: 277 | G92: 50 | H92: 50680 | I92: Meta | J92: San Carlos De Guaroa | K92: 30.8 | L92: 27 | M92: 29.8 | O92: 29.2 | P92: 31.8 | Q92: 29.6 | R92: 31 | S92: 32.8 | T92: 31.2 | U92: 31.4 | X92: 30 | Y92: 30.6 | Z92: 30.8 | AA92: 32.2 | AP92: =COUNTIF(K92:AO92,">0") -> 14 | AQ92: =IF(AP92>14,AVERAGE(K92:AO92),"") | AR92: =IFERROR(VLOOKUP(A92,Climatologia_TMAX!A:U,9+$E$2,FALSE),"") | AS92: =IF(OR(AQ92="",AR92=""),"",IFERROR(AQ92-AR92,"")) | AT92: =IF(COUNT(K92:AO92)=0,"",MAX(K92:AO92)) -> 32.8 | AU92: {=IFERROR( _xlfn.LET( _xlpm.mesTxt, INDEX({"ENERO","FEBRERO","MARZO","ABRIL","MAYO","JUNIO","JULIO","AGOSTO","SEPTIEMBRE","OCTUBRE","NOVIEMBRE","DICIEMBRE"}, E$2), _xlpm.colIni, MATCH(_xlpm.mesTxt, Maximos_TMAX!$1:$1, 0), _xlpm.fila, MATCH($A92, Maximos_TMAX!$A:$A, 0), _xlpm.val, INDEX(Maximos_TMAX!$A:$ZZ, _xlpm.fila, _xlpm.colIni), IF(_xlpm.val="", "", _xlpm.val) ), "")} -> 33.4 | AV92: {=IFERROR( _xlfn.LET( _xlpm.mesNum, E$2, _xlpm.mesTxt, INDEX({"ENERO","FEBRERO","MARZO","ABRIL","MAYO","JUNIO","JULIO","AGOSTO","SEPTIEMBRE","OCTUBRE","NOVIEMBRE","DICIEMBRE"}, _xlpm.mesNum), _xlpm.colIni, MATCH(_xlpm.mesTxt, Maximos_TMAX!$1:$1, 0), _xlpm.fila, MATCH($A92, Maximos_TMAX!$A:$A, 0), _xlpm.anio, INDEX(Maximos_TMAX!$A:$ZZ, _xlpm.fila, _xlpm.colIni+1), _xlpm.dia, INDEX(Maximos_TMAX!$A:$ZZ, _xlpm.fila, _xlpm.colIni+2), IF(OR(_xlpm.anio="",_xlpm.dia=""), "", DATE(_xlpm.anio, _xlpm.mesNum, _xlpm.dia)) ), "")} -> 45133 | AW92: =IF(OR(AT92="",AU92=""),"NA",IFERROR(AT92-AU92,"NA")) -> -0.6
A93: 35017020 | B93: Puente Lleras - AUT | C93: Area Operativa 03 - Meta-Guaviare-Guainía | D93: -72.936383 | E93: 4.1030194 | F93: 177 | G93: 50 | H93: 50573 | I93: Meta | J93: Puerto López | AP93: =COUNTIF(K93:AO93,">0") -> 0 | AQ93: =IF(AP93>14,AVERAGE(K93:AO93),"") | AR93: =IFERROR(VLOOKUP(A93,Climatologia_TMAX!A:U,9+$E$2,FALSE),"") | AS93: =IF(OR(AQ93="",AR93=""),"",IFERROR(AQ93-AR93,"")) | AT93: =IF(COUNT(K93:AO93)=0,"",MAX(K93:AO93)) | AU93: {=IFERROR( _xlfn.LET( _xlpm.mesTxt, INDEX({"ENERO","FEBRERO","MARZO","ABRIL","MAYO","JUNIO","JULIO","AGOSTO","SEPTIEMBRE","OCTUBRE","NOVIEMBRE","DICIEMBRE"}, E$2), _xlpm.colIni, MATCH(_xlpm.mesTxt, Maximos_TMAX!$1:$1, 0), _xlpm.fila, MATCH($A93, Maximos_TMAX!$A:$A, 0), _xlpm.val, INDEX(Maximos_TMAX!$A:$ZZ, _xlpm.fila, _xlpm.colIni), IF(_xlpm.val="", "", _xlpm.val) ), "")} | AV93: {=IFERROR( _xlfn.LET( _xlpm.mesNum, E$2, _xlpm.mesTxt, INDEX({"ENERO","FEBRERO","MARZO","ABRIL","MAYO","JUNIO","JULIO","AGOSTO","SEPTIEMBRE","OCTUBRE","NOVIEMBRE","DICIEMBRE"}, _xlpm.mesNum), _xlpm.colIni, MATCH(_xlpm.mesTxt, Maximos_TMAX!$1:$1, 0), _xlpm.fila, MATCH($A93, Maximos_TMAX!$A:$A, 0), _xlpm.anio, INDEX(Maximos_TMAX!$A:$ZZ, _xlpm.fila, _xlpm.colIni+1), _xlpm.dia, INDEX(Maximos_TMAX!$A:$ZZ, _xlpm.fila, _xlpm.colIni+2), IF(OR(_xlpm.anio="",_xlpm.dia=""), "", DATE(_xlpm.anio, _xlpm.mesNum, _xlpm.dia)) ), "")} | AW93: =IF(OR(AT93="",AU93=""),"NA",IFERROR(AT93-AU93,"NA")) -> NA
A94: 31095030 | B94: Puerto Inirida - AUT | C94: Area Operativa 03 - Meta-Guaviare-Guainía | D94: -67.919111 | E94: 3.874444 | F94: 98 | G94: 94 | H94: 94001 | I94: Guainía | J94: Inírida | K94: 31.6 | L94: 31.6 | M94: 30.2 | N94: 28 | O94: 26.4 | P94: 31.8 | Q94: 32 | R94: 30.4 | S94: 31.4 | T94: 30.8 | U94: 31.4 | V94: 31 | W94: 31.2 | X94: 32 | Y94: 31.6 | Z94: 33.2 | AA94: 32.4 | AB94: 31.2 | AP94: =COUNTIF(K94:AO94,">0") -> 18 | AQ94: =IF(AP94>14,AVERAGE(K94:AO94),"") -> 31.011111 | AR94: =IFERROR(VLOOKUP(A94,Climatologia_TMAX!A:U,9+$E$2,FALSE),"") -> 30.061062 | AS94: =IF(OR(AQ94="",AR94=""),"",IFERROR(AQ94-AR94,"")) -> 0.95004928 | AT94: =IF(COUNT(K94:AO94)=0,"",MAX(K94:AO94)) -> 33.2 | AU94: {=IFERROR( _xlfn.LET( _xlpm.mesTxt, INDEX({"ENERO","FEBRERO","MARZO","ABRIL","MAYO","JUNIO","JULIO","AGOSTO","SEPTIEMBRE","OCTUBRE","NOVIEMBRE","DICIEMBRE"}, E$2), _xlpm.colIni, MATCH(_xlpm.mesTxt, Maximos_TMAX!$1:$1, 0), _xlpm.fila, MATCH($A94, Maximos_TMAX!$A:$A, 0), _xlpm.val, INDEX(Maximos_TMAX!$A:$ZZ, _xlpm.fila, _xlpm.colIni), IF(_xlpm.val="", "", _xlpm.val) ), "")} -> 34.2 | AV94: {=IFERROR( _xlfn.LET( _xlpm.mesNum, E$2, _xlpm.mesTxt, INDEX({"ENERO","FEBRERO","MARZO","ABRIL","MAYO","JUNIO","JULIO","AGOSTO","SEPTIEMBRE","OCTUBRE","NOVIEMBRE","DICIEMBRE"}, _xlpm.mesNum), _xlpm.colIni, MATCH(_xlpm.mesTxt, Maximos_TMAX!$1:$1, 0), _xlpm.fila, MATCH($A94, Maximos_TMAX!$A:$A, 0), _xlpm.anio, INDEX(Maximos_TMAX!$A:$ZZ, _xlpm.fila, _xlpm.colIni+1), _xlpm.dia, INDEX(Maximos_TMAX!$A:$ZZ, _xlpm.fila, _xlpm.colIni+2), IF(OR(_xlpm.anio="",_xlpm.dia=""), "", DATE(_xlpm.anio, _xlpm.mesNum, _xlpm.dia)) ), "")} -> 40742 | AW94: =IF(OR(AT94="",AU94=""),"NA",IFERROR(AT94-AU94,"NA")) -> -1
A95: 35010010 | B95: Puerto Lopez | C95: Area Operativa 03 - Meta-Guaviare-Guainía | D95: -72.950386 | E95: 4.099683 | F95: 180 | G95: 50 | H95: 50573 | I95: Meta | J95: Puerto López | AP95: =COUNTIF(K95:AO95,">0") -> 0 | AQ95: =IF(AP95>14,AVERAGE(K95:AO95),"") | AR95: =IFERROR(VLOOKUP(A95,Climatologia_TMAX!A:U,9+$E$2,FALSE),"") | AS95: =IF(OR(AQ95="",AR95=""),"",IFERROR(AQ95-AR95,"")) | AT95: =IF(COUNT(K95:AO95)=0,"",MAX(K95:AO95)) | AU95: {=IFERROR( _xlfn.LET( _xlpm.mesTxt, INDEX({"ENERO","FEBRERO","MARZO","ABRIL","MAYO","JUNIO","JULIO","AGOSTO","SEPTIEMBRE","OCTUBRE","NOVIEMBRE","DICIEMBRE"}, E$2), _xlpm.colIni, MATCH(_xlpm.mesTxt, Maximos_TMAX!$1:$1, 0), _xlpm.fila, MATCH($A95, Maximos_TMAX!$A:$A, 0), _xlpm.val, INDEX(Maximos_TMAX!$A:$ZZ, _xlpm.fila, _xlpm.colIni), IF(_xlpm.val="", "", _xlpm.val) ), "")} | AV95: {=IFERROR( _xlfn.LET( _xlpm.mesNum, E$2, _xlpm.mesTxt, INDEX({"ENERO","FEBRERO","MARZO","ABRIL","MAYO","JUNIO","JULIO","AGOSTO","SEPTIEMBRE","OCTUBRE","NOVIEMBRE","DICIEMBRE"}, _xlpm.mesNum), _xlpm.colIni, MATCH(_xlpm.mesTxt, Maximos_TMAX!$1:$1, 0), _xlpm.fila, MATCH($A95, Maximos_TMAX!$A:$A, 0), _xlpm.anio, INDEX(Maximos_TMAX!$A:$ZZ, _xlpm.fila, _xlpm.colIni+1), _xlpm.dia, INDEX(Maximos_TMAX!$A:$ZZ, _xlpm.fila, _xlpm.colIni+2), IF(OR(_xlpm.anio="",_xlpm.dia=""), "", DATE(_xlpm.anio, _xlpm.mesNum, _xlpm.dia)) ), "")} | AW95: =IF(OR(AT95="",AU95=""),"NA",IFERROR(AT95-AU95,"NA")) -> NA
A96: 32105080 | B96: San Jose Del Guaviare | C96: Area Operativa 03 - Meta-Guaviare-Guainía | D96: -72.71803 | E96: 2.547925 | F96: 191 | G96: 95 | H96: 95001 | I96: Guaviare | J96: San José Del Guaviare | AP96: =COUNTIF(K96:AO96,">0") -> 0 | AQ96: =IF(AP96>14,AVERAGE(K96:AO96),"") | AR96: =IFERROR(VLOOKUP(A96,Climatologia_TMAX!A:U,9+$E$2,FALSE),"") -> 29.745031 | AS96: =IF(OR(AQ96="",AR96=""),"",IFERROR(AQ96-AR96,"")) | AT96: =IF(COUNT(K96:AO96)=0,"",MAX(K96:AO96)) | AU96: {=IFERROR( _xlfn.LET( _xlpm.mesTxt, INDEX({"ENERO","FEBRERO","MARZO","ABRIL","MAYO","JUNIO","JULIO","AGOSTO","SEPTIEMBRE","OCTUBRE","NOVIEMBRE","DICIEMBRE"}, E$2), _xlpm.colIni, MATCH(_xlpm.mesTxt, Maximos_TMAX!$1:$1, 0), _xlpm.fila, MATCH($A96, Maximos_TMAX!$A:$A, 0), _xlpm.val, INDEX(Maximos_TMAX!$A:$ZZ, _xlpm.fila, _xlpm.colIni), IF(_xlpm.val="", "", _xlpm.val) ), "")} | AV96: {=IFERROR( _xlfn.LET( _xlpm.mesNum, E$2, _xlpm.mesTxt, INDEX({"ENERO","FEBRERO","MARZO","ABRIL","MAYO","JUNIO","JULIO","AGOSTO","SEPTIEMBRE","OCTUBRE","NOVIEMBRE","DICIEMBRE"}, _xlpm.mesNum), _xlpm.colIni, MATCH(_xlpm.mesTxt, Maximos_TMAX!$1:$1, 0), _xlpm.fila, MATCH($A96, Maximos_TMAX!$A:$A, 0), _xlpm.anio, INDEX(Maximos_TMAX!$A:$ZZ, _xlpm.fila, _xlpm.colIni+1), _xlpm.dia, INDEX(Maximos_TMAX!$A:$ZZ, _xlpm.fila, _xlpm.colIni+2), IF(OR(_xlpm.anio="",_xlpm.dia=""), "", DATE(_xlpm.anio, _xlpm.mesNum, _xlpm.dia)) ), "")} | AW96: =IF(OR(AT96="",AU96=""),"NA",IFERROR(AT96-AU96,"NA")) -> NA
A97: 35035070 | B97: Unillanos | C97: Area Operativa 03 - Meta-Guaviare-Guainía | D97: -73.582722 | E97: 4.076861 | F97: 386 | G97: 50 | H97: 50001 | I97: Meta | J97: Villavicencio | AP97: =COUNTIF(K97:AO97,">0") -> 0 | AQ97: =IF(AP97>14,AVERAGE(K97:AO97),"") | AR97: =IFERROR(VLOOKUP(A97,Climatologia_TMAX!A:U,9+$E$2,FALSE),"") -> 29.066506 | AS97: =IF(OR(AQ97="",AR97=""),"",IFERROR(AQ97-AR97,"")) | AT97: =IF(COUNT(K97:AO97)=0,"",MAX(K97:AO97)) | AU97: {=IFERROR( _xlfn.LET( _xlpm.mesTxt, INDEX({"ENERO","FEBRERO","MARZO","ABRIL","MAYO","JUNIO","JULIO","AGOSTO","SEPTIEMBRE","OCTUBRE","NOVIEMBRE","DICIEMBRE"}, E$2), _xlpm.colIni, MATCH(_xlpm.mesTxt, Maximos_TMAX!$1:$1, 0), _xlpm.fila, MATCH($A97, Maximos_TMAX!$A:$A, 0), _xlpm.val, INDEX(Maximos_TMAX!$A:$ZZ, _xlpm.fila, _xlpm.colIni), IF(_xlpm.val="", "", _xlpm.val) ), "")} -> 32.4 | AV97: {=IFERROR( _xlfn.LET( _xlpm.mesNum, E$2, _xlpm.mesTxt, INDEX({"ENERO","FEBRERO","MARZO","ABRIL","MAYO","JUNIO","JULIO","AGOSTO","SEPTIEMBRE","OCTUBRE","NOVIEMBRE","DICIEMBRE"}, _xlpm.mesNum), _xlpm.colIni, MATCH(_xlpm.mesTxt, Maximos_TMAX!$1:$1, 0), _xlpm.fila, MATCH($A97, Maximos_TMAX!$A:$A, 0), _xlpm.anio, INDEX(Maximos_TMAX!$A:$ZZ, _xlpm.fila, _xlpm.colIni+1), _xlpm.dia, INDEX(Maximos_TMAX!$A:$ZZ, _xlpm.fila, _xlpm.colIni+2), IF(OR(_xlpm.anio="",_xlpm.dia=""), "", DATE(_xlpm.anio, _xlpm.mesNum, _xlpm.dia)) ), "")} -> 37075 | AW97: =IF(OR(AT97="",AU97=""),"NA",IFERROR(AT97-AU97,"NA")) -> NA
A98: 21025020 | B98: Altamira | C98: Area Operativa 04 - Huila-Caquetá | D98: -75.8 | E98: 2.0666667 | F98: 1352 | G98: 41 | H98: 41026 | I98: Huila | J98: Altamira | AP98: =COUNTIF(K98:AO98,">0") -> 0 | AQ98: =IF(AP98>14,AVERAGE(K98:AO98),"") | AR98: =IFERROR(VLOOKUP(A98,Climatologia_TMAX!A:U,9+$E$2,FALSE),"") | AS98: =IF(OR(AQ98="",AR98=""),"",IFERROR(AQ98-AR98,"")) | AT98: =IF(COUNT(K98:AO98)=0,"",MAX(K98:AO98)) | AU98: {=IFERROR( _xlfn.LET( _xlpm.mesTxt, INDEX({"ENERO","FEBRERO","MARZO","ABRIL","MAYO","JUNIO","JULIO","AGOSTO","SEPTIEMBRE","OCTUBRE","NOVIEMBRE","DICIEMBRE"}, E$2), _xlpm.colIni, MATCH(_xlpm.mesTxt, Maximos_TMAX!$1:$1, 0), _xlpm.fila, MATCH($A98, Maximos_TMAX!$A:$A, 0), _xlpm.val, INDEX(Maximos_TMAX!$A:$ZZ, _xlpm.fila, _xlpm.colIni), IF(_xlpm.val="", "", _xlpm.val) ), "")} | AV98: {=IFERROR( _xlfn.LET( _xlpm.mesNum, E$2, _xlpm.mesTxt, INDEX({"ENERO","FEBRERO","MARZO","ABRIL","MAYO","JUNIO","JULIO","AGOSTO","SEPTIEMBRE","OCTUBRE","NOVIEMBRE","DICIEMBRE"}, _xlpm.mesNum), _xlpm.colIni, MATCH(_xlpm.mesTxt, Maximos_TMAX!$1:$1, 0), _xlpm.fila, MATCH($A98, Maximos_TMAX!$A:$A, 0), _xlpm.anio, INDEX(Maximos_TMAX!$A:$ZZ, _xlpm.fila, _xlpm.colIni+1), _xlpm.dia, INDEX(Maximos_TMAX!$A:$ZZ, _xlpm.fila, _xlpm.colIni+2), IF(OR(_xlpm.anio="",_xlpm.dia=""), "", DATE(_xlpm.anio, _xlpm.mesNum, _xlpm.dia)) ), "")} | AW98: =IF(OR(AT98="",AU98=""),"NA",IFERROR(AT98-AU98,"NA")) -> NA
A99: 21025030 | B99: Altamira El Grifo AUT | C99: Area Operativa 04 - Huila-Caquetá | D99: -75.736222 | E99: 2.0791667 | F99: 1368 | G99: 41 | H99: 41026 | I99: Huila | J99: Altamira | K99: 25 | L99: 22.2 | M99: 24.4 | N99: 25 | O99: 24 | P99: 27.2 | Q99: 25 | R99: 22.2 | S99: 23 | T99: 25 | U99: 26 | V99: 23.2 | W99: 24 | X99: 22 | Y99: 26.2 | Z99: 26.4 | AP99: =COUNTIF(K99:AO99,">0") -> 16 | AQ99: =IF(AP99>14,AVERAGE(K99:AO99),"") -> 24.425 | AR99: =IFERROR(VLOOKUP(A99,Climatologia_TMAX!A:U,9+$E$2,FALSE),"") -> 24.239089 | AS99: =IF(OR(AQ99="",AR99=""),"",IFERROR(AQ99-AR99,"")) -> 0.18591103 | AT99: =IF(COUNT(K99:AO99)=0,"",MAX(K99:AO99)) -> 27.2 | AU99: {=IFERROR( _xlfn.LET( _xlpm.mesTxt, INDEX({"ENERO","FEBRERO","MARZO","ABRIL","MAYO","JUNIO","JULIO","AGOSTO","SEPTIEMBRE","OCTUBRE","NOVIEMBRE","DICIEMBRE"}, E$2), _xlpm.colIni, MATCH(_xlpm.mesTxt, Maximos_TMAX!$1:$1, 0), _xlpm.fila, MATCH($A99, Maximos_TMAX!$A:$A, 0), _xlpm.val, INDEX(Maximos_TMAX!$A:$ZZ, _xlpm.fila, _xlpm.colIni), IF(_xlpm.val="", "", _xlpm.val) ), "")} -> 29.2 | AV99: {=IFERROR( _xlfn.LET( _xlpm.mesNum, E$2, _xlpm.mesTxt, INDEX({"ENERO","FEBRERO","MARZO","ABRIL","MAYO","JUNIO","JULIO","AGOSTO","SEPTIEMBRE","OCTUBRE","NOVIEMBRE","DICIEMBRE"}, _xlpm.mesNum), _xlpm.colIni, MATCH(_xlpm.mesTxt, Maximos_TMAX!$1:$1, 0), _xlpm.fila, MATCH($A99, Maximos_TMAX!$A:$A, 0), _xlpm.anio, INDEX(Maximos_TMAX!$A:$ZZ, _xlpm.fila, _xlpm.colIni+1), _xlpm.dia, INDEX(Maximos_TMAX!$A:$ZZ, _xlpm.fila, _xlpm.colIni+2), IF(OR(_xlpm.anio="",_xlpm.dia=""), "", DATE(_xlpm.anio, _xlpm.mesNum, _xlpm.dia)) ), "")} -> 45869 | AW99: =IF(OR(AT99="",AU99=""),"NA",IFERROR(AT99-AU99,"NA")) -> -2
A100: 21135030 | B100: Anchique | C100: Area Operativa 04 - Huila-Caquetá | D100: -75.109 | E100: 3.5738333 | F100: 415 | G100: 73 | H100: 73483 | I100: Tolima | J100: Natagaima | K100: 35.2 | L100: 35.2 | M100: 34.4 | N100: 36.2 | O100: 39 | P100: 39.6 | Q100: 39.4 | R100: 36.8 | S100: 36.8 | T100: 37 | U100: 40.2 | V100: 34.2 | W100: 39.8 | X100: 35.4 | Y100: 38.8 | Z100: 38 | AA100: 38 | AB100: 33.8 | AP100: =COUNTIF(K100:AO100,">0") -> 18 | AQ100: =IF(AP100>14,AVERAGE(K100:AO100),"") -> 37.1 | AR100: =IFERROR(VLOOKUP(A100,Climatologia_TMAX!A:U,9+$E$2,FALSE),"") -> 35.854843 | AS100: =IF(OR(AQ100="",AR100=""),"",IFERROR(AQ100-AR100,"")) -> 1.2451574 | AT100: =IF(COUNT(K100:AO100)=0,"",MAX(K100:AO100)) -> 40.2 | AU100: {=IFERROR( _xlfn.LET( _xlpm.mesTxt, INDEX({"ENERO","FEBRERO","MARZO","ABRIL","MAYO","JUNIO","JULIO","AGOSTO","SEPTIEMBRE","OCTUBRE","NOVIEMBRE","DICIEMBRE"}, E$2), _xlpm.colIni, MATCH(_xlpm.mesTxt, Maximos_TMAX!$1:$1, 0), _xlpm.fila, MATCH($A100, Maximos_TMAX!$A:$A, 0), _xlpm.val, INDEX(Maximos_TMAX!$A:$ZZ, _xlpm.fila, _xlpm.colIni), IF(_xlpm.val="", "", _xlpm.val) ), "")} -> 41.4 | AV100: {=IFERROR( _xlfn.LET( _xlpm.mesNum, E$2, _xlpm.mesTxt, INDEX({"ENERO","FEBRERO","MARZO","ABRIL","MAYO","JUNIO","JULIO","AGOSTO","SEPTIEMBRE","OCTUBRE","NOVIEMBRE","DICIEMBRE"}, _xlpm.mesNum), _xlpm.colIni, MATCH(_xlpm.mesTxt, Maximos_TMAX!$1:$1, 0), _xlpm.fila, MATCH($A100, Maximos_TMAX!$A:$A, 0), _xlpm.anio, INDEX(Maximos_TMAX!$A:$ZZ, _xlpm.fila, _xlpm.colIni+1), _xlpm.dia, INDEX(Maximos_TMAX!$A:$ZZ, _xlpm.fila, _xlpm.colIni+2), IF(OR(_xlpm.anio="",_xlpm.dia=""), "", DATE(_xlpm.anio, _xlpm.mesNum, _xlpm.dia)) ), "")} -> 42188 | AW100: =IF(OR(AT100="",AU100=""),"NA",IFERROR(AT100-AU100,"NA")) -> -1.2
A101: 44135010 | B101: Araracuara | C101: Area Operativa 04 - Huila-Caquetá | D101: -72.381917 | E101: -0.61636111 | F101: 150 | G101: 18 | H101: 18756 | I101: Caquetá | J101: Solano | AP101: =COUNTIF(K101:AO101,">0") -> 0 | AQ101: =IF(AP101>14,AVERAGE(K101:AO101),"") | AR101: =IFERROR(VLOOKUP(A101,Climatologia_TMAX!A:U,9+$E$2,FALSE),"") -> 29.78941 | AS101: =IF(OR(AQ101="",AR101=""),"",IFERROR(AQ101-AR101,"")) | AT101: =IF(COUNT(K101:AO101)=0,"",MAX(K101:AO101)) | AU101: {=IFERROR( _xlfn.LET( _xlpm.mesTxt, INDEX({"ENERO","FEBRERO","MARZO","ABRIL","MAYO","JUNIO","JULIO","AGOSTO","SEPTIEMBRE","OCTUBRE","NOVIEMBRE","DICIEMBRE"}, E$2), _xlpm.colIni, MATCH(_xlpm.mesTxt, Maximos_TMAX!$1:$1, 0), _xlpm.fila, MATCH($A101, Maximos_TMAX!$A:$A, 0), _xlpm.val, INDEX(Maximos_TMAX!$A:$ZZ, _xlpm.fila, _xlpm.colIni), IF(_xlpm.val="", "", _xlpm.val) ), "")} -> 37.6 | AV101: {=IFERROR( _xlfn.LET( _xlpm.mesNum, E$2, _xlpm.mesTxt, INDEX({"ENERO","FEBRERO","MARZO","ABRIL","MAYO","JUNIO","JULIO","AGOSTO","SEPTIEMBRE","OCTUBRE","NOVIEMBRE","DICIEMBRE"}, _xlpm.mesNum), _xlpm.colIni, MATCH(_xlpm.mesTxt, Maximos_TMAX!$1:$1, 0), _xlpm.fila, MATCH($A101, Maximos_TMAX!$A:$A, 0), _xlpm.anio, INDEX(Maximos_TMAX!$A:$ZZ, _xlpm.fila, _xlpm.colIni+1), _xlpm.dia, INDEX(Maximos_TMAX!$A:$ZZ, _xlpm.fila, _xlpm.colIni+2), IF(OR(_xlpm.anio="",_xlpm.dia=""), "", DATE(_xlpm.anio, _xlpm.mesNum, _xlpm.dia)) ), "")} -> 29060 | AW101: =IF(OR(AT101="",AU101=""),"NA",IFERROR(AT101-AU101,"NA")) -> NA
A102: 21115100 | B102: Palacio-Vegalarga | C102: Area Operativa 04 - Huila-Caquetá | D102: -75.066389 | E102: 2.9426389 | F102: 1100 | G102: 41 | H102: 41001 | I102: Huila | J102: Neiva | K102: 28.6 | L102: 27.2 | M102: 25.8 | N102: 26.2 | O102: 29.6 | P102: 31.2 | Q102: 29.8 | R102: 29.4 | S102: 26.6 | T102: 28.6 | U102: 29.8 | V102: 26.8 | W102: 29.6 | X102: 27.2 | Y102: 30.6 | Z102: 29.4 | AA102: 29 | AB102: 25.4 | AP102: =COUNTIF(K102:AO102,">0") -> 18 | AQ102: =IF(AP102>14,AVERAGE(K102:AO102),"") -> 28.377778 | AR102: =IFERROR(VLOOKUP(A102,Climatologia_TMAX!A:U,9+$E$2,FALSE),"") -> 27.486459 | AS102: =IF(OR(AQ102="",AR102=""),"",IFERROR(AQ102-AR102,"")) -> 0.89131875 | AT102: =IF(COUNT(K102:AO102)=0,"",MAX(K102:AO102)) -> 31.2 | AU102: {=IFERROR( _xlfn.LET( _xlpm.mesTxt, INDEX({"ENERO","FEBRERO","MARZO","ABRIL","MAYO","JUNIO","JULIO","AGOSTO","SEPTIEMBRE","OCTUBRE","NOVIEMBRE","DICIEMBRE"}, E$2), _xlpm.colIni, MATCH(_xlpm.mesTxt, Maximos_TMAX!$1:$1, 0), _xlpm.fila, MATCH($A102, Maximos_TMAX!$A:$A, 0), _xlpm.val, INDEX(Maximos_TMAX!$A:$ZZ, _xlpm.fila, _xlpm.colIni), IF(_xlpm.val="", "", _xlpm.val) ), "")} -> 33.4 | AV102: {=IFERROR( _xlfn.LET( _xlpm.mesNum, E$2, _xlpm.mesTxt, INDEX({"ENERO","FEBRERO","MARZO","ABRIL","MAYO","JUNIO","JULIO","AGOSTO","SEPTIEMBRE","OCTUBRE","NOVIEMBRE","DICIEMBRE"}, _xlpm.mesNum), _xlpm.colIni, MATCH(_xlpm.mesTxt, Maximos_TMAX!$1:$1, 0), _xlpm.fila, MATCH($A102, Maximos_TMAX!$A:$A, 0), _xlpm.anio, INDEX(Maximos_TMAX!$A:$ZZ, _xlpm.fila, _xlpm.colIni+1), _xlpm.dia, INDEX(Maximos_TMAX!$A:$ZZ, _xlpm.fila, _xlpm.colIni+2), IF(OR(_xlpm.anio="",_xlpm.dia=""), "", DATE(_xlpm.anio, _xlpm.mesNum, _xlpm.dia)) ), "")} -> 29432 | AW102: =IF(OR(AT102="",AU102=""),"NA",IFERROR(AT102-AU102,"NA")) -> -2.2
A103: 21015030 | B103: Parque Arqueologico - AUT | C103: Area Operativa 04 - Huila-Caquetá | D103: -76.294972 | E103: 1.8884722 | F103: 1800 | G103: 41 | H103: 41668 | I103: Huila | J103: San Agustín | AP103: =COUNTIF(K103:AO103,">0") -> 0 | AQ103: =IF(AP103>14,AVERAGE(K103:AO103),"") | AR103: =IFERROR(VLOOKUP(A103,Climatologia_TMAX!A:U,9+$E$2,FALSE),"") -> 21.528469 | AS103: =IF(OR(AQ103="",AR103=""),"",IFERROR(AQ103-AR103,"")) | AT103: =IF(COUNT(K103:AO103)=0,"",MAX(K103:AO103)) | AU103: {=IFERROR( _xlfn.LET( _xlpm.mesTxt, INDEX({"ENERO","FEBRERO","MARZO","ABRIL","MAYO","JUNIO","JULIO","AGOSTO","SEPTIEMBRE","OCTUBRE","NOVIEMBRE","DICIEMBRE"}, E$2), _xlpm.colIni, MATCH(_xlpm.mesTxt, Maximos_TMAX!$1:$1, 0), _xlpm.fila, MATCH($A103, Maximos_TMAX!$A:$A, 0), _xlpm.val, INDEX(Maximos_TMAX!$A:$ZZ, _xlpm.fila, _xlpm.colIni), IF(_xlpm.val="", "", _xlpm.val) ), "")} -> 26.6 | AV103: {=IFERROR( _xlfn.LET( _xlpm.mesNum, E$2, _xlpm.mesTxt, INDEX({"ENERO","FEBRERO","MARZO","ABRIL","MAYO","JUNIO","JULIO","AGOSTO","SEPTIEMBRE","OCTUBRE","NOVIEMBRE","DICIEMBRE"}, _xlpm.mesNum), _xlpm.colIni, MATCH(_xlpm.mesTxt, Maximos_TMAX!$1:$1, 0), _xlpm.fila, MATCH($A103, Maximos_TMAX!$A:$A, 0), _xlpm.anio, INDEX(Maximos_TMAX!$A:$ZZ, _xlpm.fila, _xlpm.colIni+1), _xlpm.dia, INDEX(Maximos_TMAX!$A:$ZZ, _xlpm.fila, _xlpm.colIni+2), IF(OR(_xlpm.anio="",_xlpm.dia=""), "", DATE(_xlpm.anio, _xlpm.mesNum, _xlpm.dia)) ), "")} -> 40380 | AW103: =IF(OR(AT103="",AU103=""),"NA",IFERROR(AT103-AU103,"NA")) -> NA
A104: 21145040 | B104: San Alfonso | C104: Area Operativa 04 - Huila-Caquetá | D104: -75.110111 | E104: 3.3733611 | F104: 440 | G104: 41 | H104: 41872 | I104: Huila | J104: Villavieja | K104: 35.4 | M104: 36.6 | N104: 35.8 | O104: 37.6 | P104: 39.4 | Q104: 39.6 | R104: 38.4 | S104: 36 | T104: 37.8 | W104: 37.4 | X104: 35.2 | Y104: 37.2 | Z104: 37.6 | AA104: 38.4 | AB104: 32.2 | AP104: =COUNTIF(K104:AO104,">0") -> 15 | AQ104: =IF(AP104>14,AVERAGE(K104:AO104),"") -> 36.973333 | AR104: =IFERROR(VLOOKUP(A104,Climatologia_TMAX!A:U,9+$E$2,FALSE),"") | AS104: =IF(OR(AQ104="",AR104=""),"",IFERROR(AQ104-AR104,"")) | AT104: =IF(COUNT(K104:AO104)=0,"",MAX(K104:AO104)) -> 39.6 | AU104: {=IFERROR( _xlfn.LET( _xlpm.mesTxt, INDEX({"ENERO","FEBRERO","MARZO","ABRIL","MAYO","JUNIO","JULIO","AGOSTO","SEPTIEMBRE","OCTUBRE","NOVIEMBRE","DICIEMBRE"}, E$2), _xlpm.colIni, MATCH(_xlpm.mesTxt, Maximos_TMAX!$1:$1, 0), _xlpm.fila, MATCH($A104, Maximos_TMAX!$A:$A, 0), _xlpm.val, INDEX(Maximos_TMAX!$A:$ZZ, _xlpm.fila, _xlpm.colIni), IF(_xlpm.val="", "", _xlpm.val) ), "")} -> 42 | AV104: {=IFERROR( _xlfn.LET( _xlpm.mesNum, E$2, _xlpm.mesTxt, INDEX({"ENERO","FEBRERO","MARZO","ABRIL","MAYO","JUNIO","JULIO","AGOSTO","SEPTIEMBRE","OCTUBRE","NOVIEMBRE","DICIEMBRE"}, _xlpm.mesNum), _xlpm.colIni, MATCH(_xlpm.mesTxt, Maximos_TMAX!$1:$1, 0), _xlpm.fila, MATCH($A104, Maximos_TMAX!$A:$A, 0), _xlpm.anio, INDEX(Maximos_TMAX!$A:$ZZ, _xlpm.fila, _xlpm.colIni+1), _xlpm.dia, INDEX(Maximos_TMAX!$A:$ZZ, _xlpm.fila, _xlpm.colIni+2), IF(OR(_xlpm.anio="",_xlpm.dia=""), "", DATE(_xlpm.anio, _xlpm.mesNum, _xlpm.dia)) ), "")} -> 29409 | AW104: =IF(OR(AT104="",AU104=""),"NA",IFERROR(AT104-AU104,"NA")) -> -2.4
A105: 44045010 | B105: San Jose De Fragua | C105: Area Operativa 04 - Huila-Caquetá | D105: -75.9615 | E105: 1.3251389 | F105: 320 | G105: 18 | H105: 18610 | I105: Caquetá | J105: San José Del Fragua | K105: 27.8 | L105: 27.6 | M105: 28.2 | N105: 26.6 | O105: 28.8 | P105: 29.8 | Q105: 25.6 | R105: 24.2 | S105: 25.8 | T105: 30.2 | U105: 30 | V105: 28.8 | W105: 26.4 | X105: 27 | Y105: 29.6 | Z105: 26.6 | AA105: 31 | AB105: 26.6 | AP105: =COUNTIF(K105:AO105,">0") -> 18 | AQ105: =IF(AP105>14,AVERAGE(K105:AO105),"") -> 27.811111 | AR105: =IFERROR(VLOOKUP(A105,Climatologia_TMAX!A:U,9+$E$2,FALSE),"") -> 28.808306 | AS105: =IF(OR(AQ105="",AR105=""),"",IFERROR(AQ105-AR105,"")) -> -0.99719483 | AT105: =IF(COUNT(K105:AO105)=0,"",MAX(K105:AO105)) -> 31 | AU105: {=IFERROR( _xlfn.LET( _xlpm.mesTxt, INDEX({"ENERO","FEBRERO","MARZO","ABRIL","MAYO","JUNIO","JULIO","AGOSTO","SEPTIEMBRE","OCTUBRE","NOVIEMBRE","DICIEMBRE"}, E$2), _xlpm.colIni, MATCH(_xlpm.mesTxt, Maximos_TMAX!$1:$1, 0), _xlpm.fila, MATCH($A105, Maximos_TMAX!$A:$A, 0), _xlpm.val, INDEX(Maximos_TMAX!$A:$ZZ, _xlpm.fila, _xlpm.colIni), IF(_xlpm.val="", "", _xlpm.val) ), "")} -> 34.4 | AV105: {=IFERROR( _xlfn.LET( _xlpm.mesNum, E$2, _xlpm.mesTxt, INDEX({"ENERO","FEBRERO","MARZO","ABRIL","MAYO","JUNIO","JULIO","AGOSTO","SEPTIEMBRE","OCTUBRE","NOVIEMBRE","DICIEMBRE"}, _xlpm.mesNum), _xlpm.colIni, MATCH(_xlpm.mesTxt, Maximos_TMAX!$1:$1, 0), _xlpm.fila, MATCH($A105, Maximos_TMAX!$A:$A, 0), _xlpm.anio, INDEX(Maximos_TMAX!$A:$ZZ, _xlpm.fila, _xlpm.colIni+1), _xlpm.dia, INDEX(Maximos_TMAX!$A:$ZZ, _xlpm.fila, _xlpm.colIni+2), IF(OR(_xlpm.anio="",_xlpm.dia=""), "", DATE(_xlpm.anio, _xlpm.mesNum, _xlpm.dia)) ), "")} -> 39267 | AW105: =IF(OR(AT105="",AU105=""),"NA",IFERROR(AT105-AU105,"NA")) -> -3.4
A106: 21145080 | B106: Santa Ana - AUT | C106: Area Operativa 04 - Huila-Caquetá | D106: -74.702944 | E106: 3.5897778 | F106: 1410 | G106: 41 | H106: 41206 | I106: Huila | J106: Colombia | K106: 26.4 | L106: 23.4 | M106: 23.4 | N106: 24.2 | O106: 25 | P106: 25 | Q106: 25.6 | R106: 25.8 | S106: 25 | T106: 25.6 | U106: 26.8 | V106: 24.4 | AP106: =COUNTIF(K106:AO106,">0") -> 12 | AQ106: =IF(AP106>14,AVERAGE(K106:AO106),"") | AR106: =IFERROR(VLOOKUP(A106,Climatologia_TMAX!A:U,9+$E$2,FALSE),"") -> 24.258263 | AS106: =IF(OR(AQ106="",AR106=""),"",IFERROR(AQ106-AR106,"")) | AT106: =IF(COUNT(K106:AO106)=0,"",MAX(K106:AO106)) -> 26.8 | AU106: {=IFERROR( _xlfn.LET( _xlpm.mesTxt, INDEX({"ENERO","FEBRERO","MARZO","ABRIL","MAYO","JUNIO","JULIO","AGOSTO","SEPTIEMBRE","OCTUBRE","NOVIEMBRE","DICIEMBRE"}, E$2), _xlpm.colIni, MATCH(_xlpm.mesTxt, Maximos_TMAX!$1:$1, 0), _xlpm.fila, MATCH($A106, Maximos_TMAX!$A:$A, 0), _xlpm.val, INDEX(Maximos_TMAX!$A:$ZZ, _xlpm.fila, _xlpm.colIni), IF(_xlpm.val="", "", _xlpm.val) ), "")} | AV106: {=IFERROR( _xlfn.LET( _xlpm.mesNum, E$2, _xlpm.mesTxt, INDEX({"ENERO","FEBRERO","MARZO","ABRIL","MAYO","JUNIO","JULIO","AGOSTO","SEPTIEMBRE","OCTUBRE","NOVIEMBRE","DICIEMBRE"}, _xlpm.mesNum), _xlpm.colIni, MATCH(_xlpm.mesTxt, Maximos_TMAX!$1:$1, 0), _xlpm.fila, MATCH($A106, Maximos_TMAX!$A:$A, 0), _xlpm.anio, INDEX(Maximos_TMAX!$A:$ZZ, _xlpm.fila, _xlpm.colIni+1), _xlpm.dia, INDEX(Maximos_TMAX!$A:$ZZ, _xlpm.fila, _xlpm.colIni+2), IF(OR(_xlpm.anio="",_xlpm.dia=""), "", DATE(_xlpm.anio, _xlpm.mesNum, _xlpm.dia)) ), "")} | AW106: =IF(OR(AT106="",AU106=""),"NA",IFERROR(AT106-AU106,"NA")) -> NA
A107: 21055030 | B107: Santa Leticia | C107: Area Operativa 04 - Huila-Caquetá | D107: -76.16 | E107: 2.24 | F107: 2085 | G107: 19 | H107: 19355 | I107: Cauca | J107: Inzá | AP107: =COUNTIF(K107:AO107,">0") -> 0 | AQ107: =IF(AP107>14,AVERAGE(K107:AO107),"") | AR107: =IFERROR(VLOOKUP(A107,Climatologia_TMAX!A:U,9+$E$2,FALSE),"") -> 18.618221 | AS107: =IF(OR(AQ107="",AR107=""),"",IFERROR(AQ107-AR107,"")) | AT107: =IF(COUNT(K107:AO107)=0,"",MAX(K107:AO107)) | AU107: {=IFERROR( _xlfn.LET( _xlpm.mesTxt, INDEX({"ENERO","FEBRERO","MARZO","ABRIL","MAYO","JUNIO","JULIO","AGOSTO","SEPTIEMBRE","OCTUBRE","NOVIEMBRE","DICIEMBRE"}, E$2), _xlpm.colIni, MATCH(_xlpm.mesTxt, Maximos_TMAX!$1:$1, 0), _xlpm.fila, MATCH($A107, Maximos_TMAX!$A:$A, 0), _xlpm.val, INDEX(Maximos_TMAX!$A:$ZZ, _xlpm.fila, _xlpm.colIni), IF(_xlpm.val="", "", _xlpm.val) ), "")} -> 24.2 | AV107: {=IFERROR( _xlfn.LET( _xlpm.mesNum, E$2, _xlpm.mesTxt, INDEX({"ENERO","FEBRERO","MARZO","ABRIL","MAYO","JUNIO","JULIO","AGOSTO","SEPTIEMBRE","OCTUBRE","NOVIEMBRE","DICIEMBRE"}, _xlpm.mesNum), _xlpm.colIni, MATCH(_xlpm.mesTxt, Maximos_TMAX!$1:$1, 0), _xlpm.fila, MATCH($A107, Maximos_TMAX!$A:$A, 0), _xlpm.anio, INDEX(Maximos_TMAX!$A:$ZZ, _xlpm.fila, _xlpm.colIni+1), _xlpm.dia, INDEX(Maximos_TMAX!$A:$ZZ, _xlpm.fila, _xlpm.colIni+2), IF(OR(_xlpm.anio="",_xlpm.dia=""), "", DATE(_xlpm.anio, _xlpm.mesNum, _xlpm.dia)) ), "")} -> 40364 | AW107: =IF(OR(AT107="",AU107=""),"NA",IFERROR(AT107-AU107,"NA")) -> NA
A108: 44045020 | B108: Valparaiso | C108: Area Operativa 04 - Huila-Caquetá | D108: -75.704472 | E108: 1.19525 | F108: 270 | G108: 18 | H108: 18860 | I108: Caquetá | J108: Valparaíso | K108: 28.4 | L108: 27.8 | M108: 29.2 | N108: 28.6 | O108: 29.4 | P108: 31.8 | Q108: 27.8 | R108: 25.8 | S108: 26.6 | T108: 31.4 | U108: 28.4 | V108: 30.4 | W108: 28 | X108: 28.8 | Y108: 30.4 | Z108: 29.2 | AA108: 31.8 | AP108: =COUNTIF(K108:AO108,">0") -> 17 | AQ108: =IF(AP108>14,AVERAGE(K108:AO108),"") -> 29.047059 | AR108: =IFERROR(VLOOKUP(A108,Climatologia_TMAX!A:U,9+$E$2,FALSE),"") -> 29.378447 | AS108: =IF(OR(AQ108="",AR108=""),"",IFERROR(AQ108-AR108,"")) -> -0.33138842 | AT108: =IF(COUNT(K108:AO108)=0,"",MAX(K108:AO108)) -> 31.8 | AU108: {=IFERROR( _xlfn.LET( _xlpm.mesTxt, INDEX({"ENERO","FEBRERO","MARZO","ABRIL","MAYO","JUNIO","JULIO","AGOSTO","SEPTIEMBRE","OCTUBRE","NOVIEMBRE","DICIEMBRE"}, E$2), _xlpm.colIni, MATCH(_xlpm.mesTxt, Maximos_TMAX!$1:$1, 0), _xlpm.fila, MATCH($A108, Maximos_TMAX!$A:$A, 0), _xlpm.val, INDEX(Maximos_TMAX!$A:$ZZ, _xlpm.fila, _xlpm.colIni), IF(_xlpm.val="", "", _xlpm.val) ), "")} -> 36.6 | AV108: {=IFERROR( _xlfn.LET( _xlpm.mesNum, E$2, _xlpm.mesTxt, INDEX({"ENERO","FEBRERO","MARZO","ABRIL","MAYO","JUNIO","JULIO","AGOSTO","SEPTIEMBRE","OCTUBRE","NOVIEMBRE","DICIEMBRE"}, _xlpm.mesNum), _xlpm.colIni, MATCH(_xlpm.mesTxt, Maximos_TMAX!$1:$1, 0), _xlpm.fila, MATCH($A108, Maximos_TMAX!$A:$A, 0), _xlpm.anio, INDEX(Maximos_TMAX!$A:$ZZ, _xlpm.fila, _xlpm.colIni+1), _xlpm.dia, INDEX(Maximos_TMAX!$A:$ZZ, _xlpm.fila, _xlpm.colIni+2), IF(OR(_xlpm.anio="",_xlpm.dia=""), "", DATE(_xlpm.anio, _xlpm.mesNum, _xlpm.dia)) ), "")} -> 28690 | AW108: =IF(OR(AT108="",AU108=""),"NA",IFERROR(AT108-AU108,"NA")) -> -4.8
A109: 21065040 | B109: Zuluaga AUT | C109: Area Operativa 04 - Huila-Caquetá | D109: -75.529444 | E109: 2.2525 | F109: 1270 | G109: 41 | H109: 41298 | I109: Huila | J109: Garzón | K109: 25.2 | L109: 23.2 | M109: 24.8 | N109: 25.2 | O109: 27.2 | P109: 28.2 | Q109: 27 | R109: 24.8 | S109: 24.2 | T109: 25 | U109: 29 | V109: 25.2 | W109: 26.8 | X109: 24.8 | Y109: 26.2 | Z109: 25.8 | AA109: 27.8 | AB109: 24.8 | AP109: =COUNTIF(K109:AO109,">0") -> 18 | AQ109: =IF(AP109>14,AVERAGE(K109:AO109),"") -> 25.844444 | AR109: =IFERROR(VLOOKUP(A109,Climatologia_TMAX!A:U,9+$E$2,FALSE),"") -> 25.241888 | AS109: =IF(OR(AQ109="",AR109=""),"",IFERROR(AQ109-AR109,"")) -> 0.60255675 | AT109: =IF(COUNT(K109:AO109)=0,"",MAX(K109:AO109)) -> 29 | AU109: {=IFERROR( _xlfn.LET( _xlpm.mesTxt, INDEX({"ENERO","FEBRERO","MARZO","ABRIL","MAYO","JUNIO","JULIO","AGOSTO","SEPTIEMBRE","OCTUBRE","NOVIEMBRE","DICIEMBRE"}, E$2), _xlpm.colIni, MATCH(_xlpm.mesTxt, Maximos_TMAX!$1:$1, 0), _xlpm.fila, MATCH($A109, Maximos_TMAX!$A:$A, 0), _xlpm.val, INDEX(Maximos_TMAX!$A:$ZZ, _xlpm.fila, _xlpm.colIni), IF(_xlpm.val="", "", _xlpm.val) ), "")} -> 30.2 | AV109: {=IFERROR( _xlfn.LET( _xlpm.mesNum, E$2, _xlpm.mesTxt, INDEX({"ENERO","FEBRERO","MARZO","ABRIL","MAYO","JUNIO","JULIO","AGOSTO","SEPTIEMBRE","OCTUBRE","NOVIEMBRE","DICIEMBRE"}, _xlpm.mesNum), _xlpm.colIni, MATCH(_xlpm.mesTxt, Maximos_TMAX!$1:$1, 0), _xlpm.fila, MATCH($A109, Maximos_TMAX!$A:$A, 0), _xlpm.anio, INDEX(Maximos_TMAX!$A:$ZZ, _xlpm.fila, _xlpm.colIni+1), _xlpm.dia, INDEX(Maximos_TMAX!$A:$ZZ, _xlpm.fila, _xlpm.colIni+2), IF(OR(_xlpm.anio="",_xlpm.dia=""), "", DATE(_xlpm.anio, _xlpm.mesNum, _xlpm.dia)) ), "")} -> 45869 | AW109: =IF(OR(AT109="",AU109=""),"NA",IFERROR(AT109-AU109,"NA")) -> -1.2
A110: 15075501 | B110: Aeropuerto Puerto Bolivar - AUT | C110: Area Operativa 05 - Magdalena-Cesar-Guajira-San Andrés | D110: -71.982889 | E110: 12.224306 | F110: 10 | G110: 44 | H110: 44847 | I110: La Guajira | J110: Uribia | AP110: =COUNTIF(K110:AO110,">0") -> 0 | AQ110: =IF(AP110>14,AVERAGE(K110:AO110),"") | AR110: =IFERROR(VLOOKUP(A110,Climatologia_TMAX!A:U,9+$E$2,FALSE),"") -> 34.526975 | AS110: =IF(OR(AQ110="",AR110=""),"",IFERROR(AQ110-AR110,"")) | AT110: =IF(COUNT(K110:AO110)=0,"",MAX(K110:AO110)) | AU110: {=IFERROR( _xlfn.LET( _xlpm.mesTxt, INDEX({"ENERO","FEBRERO","MARZO","ABRIL","MAYO","JUNIO","JULIO","AGOSTO","SEPTIEMBRE","OCTUBRE","NOVIEMBRE","DICIEMBRE"}, E$2), _xlpm.colIni, MATCH(_xlpm.mesTxt, Maximos_TMAX!$1:$1, 0), _xlpm.fila, MATCH($A110, Maximos_TMAX!$A:$A, 0), _xlpm.val, INDEX(Maximos_TMAX!$A:$ZZ, _xlpm.fila, _xlpm.colIni), IF(_xlpm.val="", "", _xlpm.val) ), "")} -> 37.8 | AV110: {=IFERROR( _xlfn.LET( _xlpm.mesNum, E$2, _xlpm.mesTxt, INDEX({"ENERO","FEBRERO","MARZO","ABRIL","MAYO","JUNIO","JULIO","AGOSTO","SEPTIEMBRE","OCTUBRE","NOVIEMBRE","DICIEMBRE"}, _xlpm.mesNum), _xlpm.colIni, MATCH(_xlpm.mesTxt, Maximos_TMAX!$1:$1, 0), _xlpm.fila, MATCH($A110, Maximos_TMAX!$A:$A, 0), _xlpm.anio, INDEX(Maximos_TMAX!$A:$ZZ, _xlpm.fila, _xlpm.colIni+1), _xlpm.dia, INDEX(Maximos_TMAX!$A:$ZZ, _xlpm.fila, _xlpm.colIni+2), IF(OR(_xlpm.anio="",_xlpm.dia=""), "", DATE(_xlpm.anio, _xlpm.mesNum, _xlpm.dia)) ), "")} -> 38184 | AW110: =IF(OR(AT110="",AU110=""),"NA",IFERROR(AT110-AU110,"NA")) -> NA
A111: 28035020 | B111: El Callao | C111: Area Operativa 05 - Magdalena-Cesar-Guajira-San Andrés | D111: -73.319444 | E111: 10.363056 | F111: 110 | G111: 20 | H111: 20001 | I111: Cesar | J111: Valledupar | K111: 38.6 | L111: 38.4 | M111: 33.4 | N111: 33 | O111: 39.2 | P111: 37.4 | Q111: 39.8 | R111: 39.2 | S111: 37.4 | T111: 37.6 | U111: 37.2 | V111: 38.4 | W111: 37.8 | X111: 40.4 | Y111: 40 | Z111: 38.4 | AA111: 39 | AB111: 38.4 | AP111: =COUNTIF(K111:AO111,">0") -> 18 | AQ111: =IF(AP111>14,AVERAGE(K111:AO111),"") -> 37.977778 | AR111: =IFERROR(VLOOKUP(A111,Climatologia_TMAX!A:U,9+$E$2,FALSE),"") -> 35.374911 | AS111: =IF(OR(AQ111="",AR111=""),"",IFERROR(AQ111-AR111,"")) -> 2.6028667 | AT111: =IF(COUNT(K111:AO111)=0,"",MAX(K111:AO111)) -> 40.4 | AU111: {=IFERROR( _xlfn.LET( _xlpm.mesTxt, INDEX({"ENERO","FEBRERO","MARZO","ABRIL","MAYO","JUNIO","JULIO","AGOSTO","SEPTIEMBRE","OCTUBRE","NOVIEMBRE","DICIEMBRE"}, E$2), _xlpm.colIni, MATCH(_xlpm.mesTxt, Maximos_TMAX!$1:$1, 0), _xlpm.fila, MATCH($A111, Maximos_TMAX!$A:$A, 0), _xlpm.val, INDEX(Maximos_TMAX!$A:$ZZ, _xlpm.fila, _xlpm.colIni), IF(_xlpm.val="", "", _xlpm.val) ), "")} -> 41.4 | AV111: {=IFERROR( _xlfn.LET( _xlpm.mesNum, E$2, _xlpm.mesTxt, INDEX({"ENERO","FEBRERO","MARZO","ABRIL","MAYO","JUNIO","JULIO","AGOSTO","SEPTIEMBRE","OCTUBRE","NOVIEMBRE","DICIEMBRE"}, _xlpm.mesNum), _xlpm.colIni, MATCH(_xlpm.mesTxt, Maximos_TMAX!$1:$1, 0), _xlpm.fila, MATCH($A111, Maximos_TMAX!$A:$A, 0), _xlpm.anio, INDEX(Maximos_TMAX!$A:$ZZ, _xlpm.fila, _xlpm.colIni+1), _xlpm.dia, INDEX(Maximos_TMAX!$A:$ZZ, _xlpm.fila, _xlpm.colIni+2), IF(OR(_xlpm.anio="",_xlpm.dia=""), "", DATE(_xlpm.anio, _xlpm.mesNum, _xlpm.dia)) ), "")} -> 42186 | AW111: =IF(OR(AT111="",AU111=""),"NA",IFERROR(AT111-AU111,"NA")) -> -1
A112: 15085030 | B112: Escuela Agricola Carraipia - AUT | C112: Area Operativa 05 - Magdalena-Cesar-Guajira-San Andrés | D112: -72.359944 | E112: 11.21675 | F112: 118 | G112: 44 | H112: 44430 | I112: La Guajira | J112: Maicao | K112: 36.4 | L112: 35 | M112: 33.6 | N112: 33.8 | O112: 34.2 | P112: 34.6 | Q112: 35.8 | R112: 36.4 | S112: 36.8 | T112: 36.4 | U112: 35.4 | V112: 35 | W112: 34.6 | X112: 35.6 | Y112: 36 | Z112: 35.8 | AA112: 35.4 | AB112: 34.8 | AP112: =COUNTIF(K112:AO112,">0") -> 18 | AQ112: =IF(AP112>14,AVERAGE(K112:AO112),"") -> 35.311111 | AR112: =IFERROR(VLOOKUP(A112,Climatologia_TMAX!A:U,9+$E$2,FALSE),"") | AS112: =IF(OR(AQ112="",AR112=""),"",IFERROR(AQ112-AR112,"")) | AT112: =IF(COUNT(K112:AO112)=0,"",MAX(K112:AO112)) -> 36.8 | AU112: {=IFERROR( _xlfn.LET( _xlpm.mesTxt, INDEX({"ENERO","FEBRERO","MARZO","ABRIL","MAYO","JUNIO","JULIO","AGOSTO","SEPTIEMBRE","OCTUBRE","NOVIEMBRE","DICIEMBRE"}, E$2), _xlpm.colIni, MATCH(_xlpm.mesTxt, Maximos_TMAX!$1:$1, 0), _xlpm.fila, MATCH($A112, Maximos_TMAX!$A:$A, 0), _xlpm.val, INDEX(Maximos_TMAX!$A:$ZZ, _xlpm.fila, _xlpm.colIni), IF(_xlpm.val="", "", _xlpm.val) ), "")} -> 40 | AV112: {=IFERROR( _xlfn.LET( _xlpm.mesNum, E$2, _xlpm.mesTxt, INDEX({"ENERO","FEBRERO","MARZO","ABRIL","MAYO","JUNIO","JULIO","AGOSTO","SEPTIEMBRE","OCTUBRE","NOVIEMBRE","DICIEMBRE"}, _xlpm.mesNum), _xlpm.colIni, MATCH(_xlpm.mesTxt, Maximos_TMAX!$1:$1, 0), _xlpm.fila, MATCH($A112, Maximos_TMAX!$A:$A, 0), _xlpm.anio, INDEX(Maximos_TMAX!$A:$ZZ, _xlpm.fila, _xlpm.colIni+1), _xlpm.dia, INDEX(Maximos_TMAX!$A:$ZZ, _xlpm.fila, _xlpm.colIni+2), IF(OR(_xlpm.anio="",_xlpm.dia=""), "", DATE(_xlpm.anio, _xlpm.mesNum, _xlpm.dia)) ), "")} -> 45504 | AW112: =IF(OR(AT112="",AU112=""),"NA",IFERROR(AT112-AU112,"NA")) -> -3.2
A113: 15065501 | B113: La Mina Cerrejon - AUT | C113: Area Operativa 05 - Magdalena-Cesar-Guajira-San Andrés | D113: -72.615944 | E113: 11.137583 | F113: 80 | G113: 44 | H113: 44035 | I113: La Guajira | J113: Albania | AP113: =COUNTIF(K113:AO113,">0") -> 0 | AQ113: =IF(AP113>14,AVERAGE(K113:AO113),"") | AR113: =IFERROR(VLOOKUP(A113,Climatologia_TMAX!A:U,9+$E$2,FALSE),"") -> 35.126707 | AS113: =IF(OR(AQ113="",AR113=""),"",IFERROR(AQ113-AR113,"")) | AT113: =IF(COUNT(K113:AO113)=0,"",MAX(K113:AO113)) | AU113: {=IFERROR( _xlfn.LET( _xlpm.mesTxt, INDEX({"ENERO","FEBRERO","MARZO","ABRIL","MAYO","JUNIO","JULIO","AGOSTO","SEPTIEMBRE","OCTUBRE","NOVIEMBRE","DICIEMBRE"}, E$2), _xlpm.colIni, MATCH(_xlpm.mesTxt, Maximos_TMAX!$1:$1, 0), _xlpm.fila, MATCH($A113, Maximos_TMAX!$A:$A, 0), _xlpm.val, INDEX(Maximos_TMAX!$A:$ZZ, _xlpm.fila, _xlpm.colIni), IF(_xlpm.val="", "", _xlpm.val) ), "")} -> 39.6 | AV113: {=IFERROR( _xlfn.LET( _xlpm.mesNum, E$2, _xlpm.mesTxt, INDEX({"ENERO","FEBRERO","MARZO","ABRIL","MAYO","JUNIO","JULIO","AGOSTO","SEPTIEMBRE","OCTUBRE","NOVIEMBRE","DICIEMBRE"}, _xlpm.mesNum), _xlpm.colIni, MATCH(_xlpm.mesTxt, Maximos_TMAX!$1:$1, 0), _xlpm.fila, MATCH($A113, Maximos_TMAX!$A:$A, 0), _xlpm.anio, INDEX(Maximos_TMAX!$A:$ZZ, _xlpm.fila, _xlpm.colIni+1), _xlpm.dia, INDEX(Maximos_TMAX!$A:$ZZ, _xlpm.fila, _xlpm.colIni+2), IF(OR(_xlpm.anio="",_xlpm.dia=""), "", DATE(_xlpm.anio, _xlpm.mesNum, _xlpm.dia)) ), "")} -> 35631 | AW113: =IF(OR(AT113="",AU113=""),"NA",IFERROR(AT113-AU113,"NA")) -> NA
A114: 25025002 | B114: Los Alamos - AUT | C114: Area Operativa 05 - Magdalena-Cesar-Guajira-San Andrés | D114: -74.273639 | E114: 9.3040556 | F114: 25 | G114: 47 | H114: 47692 | I114: Magdalena | J114: San Sebastián De Buenavista | K114: 39.2 | L114: 38.6 | M114: 37.6 | N114: 36 | O114: 39 | P114: 39.2 | Q114: 41 | R114: 40.4 | S114: 33.6 | T114: 39.2 | U114: 38.6 | V114: 36.8 | W114: 37.4 | X114: 40 | Y114: 41.2 | Z114: 41.2 | AA114: 42 | AB114: 40 | AP114: =COUNTIF(K114:AO114,">0") -> 18 | AQ114: =IF(AP114>14,AVERAGE(K114:AO114),"") -> 38.944444 | AR114: =IFERROR(VLOOKUP(A114,Climatologia_TMAX!A:U,9+$E$2,FALSE),"") | AS114: =IF(OR(AQ114="",AR114=""),"",IFERROR(AQ114-AR114,"")) | AT114: =IF(COUNT(K114:AO114)=0,"",MAX(K114:AO114)) -> 42 | AU114: {=IFERROR( _xlfn.LET( _xlpm.mesTxt, INDEX({"ENERO","FEBRERO","MARZO","ABRIL","MAYO","JUNIO","JULIO","AGOSTO","SEPTIEMBRE","OCTUBRE","NOVIEMBRE","DICIEMBRE"}, E$2), _xlpm.colIni, MATCH(_xlpm.mesTxt, Maximos_TMAX!$1:$1, 0), _xlpm.fila, MATCH($A114, Maximos_TMAX!$A:$A, 0), _xlpm.val, INDEX(Maximos_TMAX!$A:$ZZ, _xlpm.fila, _xlpm.colIni), IF(_xlpm.val="", "", _xlpm.val) ), "")} -> 41.8 | AV114: {=IFERROR( _xlfn.LET( _xlpm.mesNum, E$2, _xlpm.mesTxt, INDEX({"ENERO","FEBRERO","MARZO","ABRIL","MAYO","JUNIO","JULIO","AGOSTO","SEPTIEMBRE","OCTUBRE","NOVIEMBRE","DICIEMBRE"}, _xlpm.mesNum), _xlpm.colIni, MATCH(_xlpm.mesTxt, Maximos_TMAX!$1:$1, 0), _xlpm.fila, MATCH($A114, Maximos_TMAX!$A:$A, 0), _xlpm.anio, INDEX(Maximos_TMAX!$A:$ZZ, _xlpm.fila, _xlpm.colIni+1), _xlpm.dia, INDEX(Maximos_TMAX!$A:$ZZ, _xlpm.fila, _xlpm.colIni+2), IF(OR(_xlpm.anio="",_xlpm.dia=""), "", DATE(_xlpm.anio, _xlpm.mesNum, _xlpm.dia)) ), "")} -> 35636 | AW114: =IF(OR(AT114="",AU114=""),"NA",IFERROR(AT114-AU114,"NA")) -> 0.2
A115: 15075030 | B115: Manaure | C115: Area Operativa 05 - Magdalena-Cesar-Guajira-San Andrés | D115: -72.4635 | E115: 11.781056 | F115: 1 | G115: 44 | H115: 44560 | I115: La Guajira | J115: Manaure | K115: 37.6 | L115: 37 | M115: 35 | N115: 34.6 | O115: 36.6 | P115: 37.4 | Q115: 37.2 | S115: 35.8 | T115: 36.6 | W115: 37.2 | Y115: 37.6 | Z115: 38 | AP115: =COUNTIF(K115:AO115,">0") -> 12 | AQ115: =IF(AP115>14,AVERAGE(K115:AO115),"") | AR115: =IFERROR(VLOOKUP(A115,Climatologia_TMAX!A:U,9+$E$2,FALSE),"") -> 35.904703 | AS115: =IF(OR(AQ115="",AR115=""),"",IFERROR(AQ115-AR115,"")) | AT115: =IF(COUNT(K115:AO115)=0,"",MAX(K115:AO115)) -> 38 | AU115: {=IFERROR( _xlfn.LET( _xlpm.mesTxt, INDEX({"ENERO","FEBRERO","MARZO","ABRIL","MAYO","JUNIO","JULIO","AGOSTO","SEPTIEMBRE","OCTUBRE","NOVIEMBRE","DICIEMBRE"}, E$2), _xlpm.colIni, MATCH(_xlpm.mesTxt, Maximos_TMAX!$1:$1, 0), _xlpm.fila, MATCH($A115, Maximos_TMAX!$A:$A, 0), _xlpm.val, INDEX(Maximos_TMAX!$A:$ZZ, _xlpm.fila, _xlpm.colIni), IF(_xlpm.val="", "", _xlpm.val) ), "")} -> 41 | AV115: {=IFERROR( _xlfn.LET( _xlpm.mesNum, E$2, _xlpm.mesTxt, INDEX({"ENERO","FEBRERO","MARZO","ABRIL","MAYO","JUNIO","JULIO","AGOSTO","SEPTIEMBRE","OCTUBRE","NOVIEMBRE","DICIEMBRE"}, _xlpm.mesNum), _xlpm.colIni, MATCH(_xlpm.mesTxt, Maximos_TMAX!$1:$1, 0), _xlpm.fila, MATCH($A115, Maximos_TMAX!$A:$A, 0), _xlpm.anio, INDEX(Maximos_TMAX!$A:$ZZ, _xlpm.fila, _xlpm.colIni+1), _xlpm.dia, INDEX(Maximos_TMAX!$A:$ZZ, _xlpm.fila, _xlpm.colIni+2), IF(OR(_xlpm.anio="",_xlpm.dia=""), "", DATE(_xlpm.anio, _xlpm.mesNum, _xlpm.dia)) ), "")} -> 44031 | AW115: =IF(OR(AT115="",AU115=""),"NA",IFERROR(AT115-AU115,"NA")) -> -3
A116: 15045010 | B116: Matitas | C116: Area Operativa 05 - Magdalena-Cesar-Guajira-San Andrés | D116: -73.030278 | E116: 11.263889 | F116: 20 | G116: 44 | H116: 44001 | I116: La Guajira | J116: Riohacha | AP116: =COUNTIF(K116:AO116,">0") -> 0 | AQ116: =IF(AP116>14,AVERAGE(K116:AO116),"") | AR116: =IFERROR(VLOOKUP(A116,Climatologia_TMAX!A:U,9+$E$2,FALSE),"") | AS116: =IF(OR(AQ116="",AR116=""),"",IFERROR(AQ116-AR116,"")) | AT116: =IF(COUNT(K116:AO116)=0,"",MAX(K116:AO116)) | AU116: {=IFERROR( _xlfn.LET( _xlpm.mesTxt, INDEX({"ENERO","FEBRERO","MARZO","ABRIL","MAYO","JUNIO","JULIO","AGOSTO","SEPTIEMBRE","OCTUBRE","NOVIEMBRE","DICIEMBRE"}, E$2), _xlpm.colIni, MATCH(_xlpm.mesTxt, Maximos_TMAX!$1:$1, 0), _xlpm.fila, MATCH($A116, Maximos_TMAX!$A:$A, 0), _xlpm.val, INDEX(Maximos_TMAX!$A:$ZZ, _xlpm.fila, _xlpm.colIni), IF(_xlpm.val="", "", _xlpm.val) ), "")} -> 40.6 | AV116: {=IFERROR( _xlfn.LET( _xlpm.mesNum, E$2, _xlpm.mesTxt, INDEX({"ENERO","FEBRERO","MARZO","ABRIL","MAYO","JUNIO","JULIO","AGOSTO","SEPTIEMBRE","OCTUBRE","NOVIEMBRE","DICIEMBRE"}, _xlpm.mesNum), _xlpm.colIni, MATCH(_xlpm.mesTxt, Maximos_TMAX!$1:$1, 0), _xlpm.fila, MATCH($A116, Maximos_TMAX!$A:$A, 0), _xlpm.anio, INDEX(Maximos_TMAX!$A:$ZZ, _xlpm.fila, _xlpm.colIni+1), _xlpm.dia, INDEX(Maximos_TMAX!$A:$ZZ, _xlpm.fila, _xlpm.colIni+2), IF(OR(_xlpm.anio="",_xlpm.dia=""), "", DATE(_xlpm.anio, _xlpm.mesNum, _xlpm.dia)) ), "")} -> 42197 | AW116: =IF(OR(AT116="",AU116=""),"NA",IFERROR(AT116-AU116,"NA")) -> NA
...

Sheet Climatologia_TMAX
A1: INFORMACIÓN GENERAL ESTACIONES | J1: NORMAL CLIMATOLÓGICA ESTÁNDAR DE LA TEMPERATURA MÁXIMA PARA EL PERIODO 1991-2020 (°C) | W1: Cumplen la directriz No 1203 del 2017 de la OMM
A2: CÓDIGO | B2: CATEGORÍA | C2: NOMBRE | D2: MUNICIPIO | E2: DEPARTAMENTO | F2: AO | G2: ELEVACIÓN (m) | H2: LONGITUD | I2: LATITUD | J2: ENE | K2: FEB | L2: MAR | M2: ABR | N2: MAY | O2: JUN | P2: JUL | Q2: AGO | R2: SEP | S2: OCT | T2: NOV | U2: DIC | V2: ANUAL | W2: Número de meses | X2: % de cumplimiento
A3: 48015050 | B3: SP | C3: Aeropuerto Vásquez Cobo | D3: Leticia | E3: Amazonas | F3: 11 | G3: 84 | H3: -69.940917 | I3: -4.1938611 | J3: 30.862529 | K3: 30.894624 | L3: 30.904772 | M3: 30.717139 | N3: 30.277113 | O3: 29.8879 | P3: 30.342533 | Q3: 31.390004 | R3: 31.988444 | S3: 31.992189 | T3: 31.762386 | U3: 31.112724 | V3: =AVERAGE(J3:U3) -> 31.01103 | W3: 314 | X3: 0.87222222
A4: 23085030 | B4: CO | C4: Alejandría | D4: Alejandría | E4: Antioquia | F4: 1 | G4: 1712 | H4: -75.143389 | I4: 6.37625 | J4: 24.50255 | K4: 24.610377 | L4: 24.593765 | M4: 24.658033 | N4: 24.91102 | O4: 24.923647 | P4: 25.092837 | Q4: 25.299317 | R4: 25.014833 | S4: 24.453269 | T4: 24.189222 | U4: 24.257071 | V4: =AVERAGE(J4:U4) -> 24.708828 | W4: 305 | X4: 0.84722222
A5: 26195020 | B5: PM | C5: Ita Andes | D5: Andes | E5: Antioquia | F5: 1 | G5: 1180 | H5: -75.880222 | I5: 5.691 | J5: 29.056366 | K5: 29.588053 | L5: 29.392018 | M5: 28.729311 | N5: 28.252455 | O5: 28.242104 | P5: 28.567947 | Q5: 28.763455 | R5: 28.493854 | S5: 28.035092 | T5: 27.799118 | U5: 28.122985 | V5: =AVERAGE(J5:U5) -> 28.586897 | W5: 306 | X5: 0.85
A6: 27025030 | B6: CO | C6: Anorí | D6: Anorí | E6: Antioquia | F6: 1 | G6: 1601 | H6: -75.150528 | I6: 7.0719167 | J6: 22.912122 | K6: 22.888952 | L6: 23.134833 | M6: 23.431748 | N6: 24.065425 | O6: 24.325013 | P6: 24.647537 | Q6: 24.562769 | R6: 24.03822 | S6: 23.339367 | T6: 22.612246 | U6: 22.875214 | V6: =AVERAGE(J6:U6) -> 23.569454 | W6: 115 | X6: 0.95833333
A7: 12015020 | B7: AM | C7: Uniban | D7: Apartadó | E7: Antioquia | F7: 1 | G7: 43 | H7: -76.651333 | I7: 7.8259167 | J7: 31.22188 | K7: 31.424227 | L7: 31.606362 | M7: 31.626894 | N7: 31.719825 | O7: 31.721469 | P7: 31.608867 | Q7: 31.773457 | R7: 31.718827 | S7: 31.548533 | T7: 31.185085 | U7: 31.001273 | V7: =AVERAGE(J7:U7) -> 31.513058 | W7: 327 | X7: 0.90833333
A8: 26225040 | B8: CO | C8: Hacienda Piunti | D8: Buriticá | E8: Antioquia | F8: 1 | G8: 1650 | H8: -75.912972 | I8: 6.7295 | J8: 26.286632 | K8: 26.563627 | L8: 27.013756 | M8: 26.075033 | N8: 25.150513 | O8: 25.341619 | P8: 25.566491 | Q8: 25.648657 | R8: 25.394197 | S8: 24.764257 | T8: 24.725833 | U8: 25.144511 | V8: =AVERAGE(J8:U8) -> 25.639594 | W8: 109 | X8: 0.90833333
A9: 27015260 | B9: AM | C9: La Salada | D9: Caldas | E9: Antioquia | F9: 1 | G9: 1923 | H9: -75.624667 | I9: 6.0483611 | J9: 23.663967 | K9: 24.041492 | L9: 23.857003 | M9: 23.275839 | N9: 23.289327 | O9: 23.442701 | P9: 23.752467 | Q9: 23.769828 | R9: 23.447134 | S9: 22.97585 | T9: 22.711869 | U9: 23.116489 | V9: =AVERAGE(J9:U9) -> 23.44533 | W9: 328 | X9: 0.91111111
A10: 11115020 | B10: CO | C10: Cañasgordas - Aut | D10: Cañasgordas | E10: Antioquia | F10: 1 | G10: 1294 | H10: -76.029667 | I10: 6.7580278 | J10: 27.663751 | K10: 27.932714 | L10: 27.857243 | M10: 27.166626 | N10: 26.734716 | O10: 26.994093 | P10: 27.378728 | Q10: 27.615385 | R10: 27.145164 | S10: 26.495068 | T10: 26.226658 | U10: 26.604459 | V10: =AVERAGE(J10:U10) -> 27.151217 | W10: 304 | X10: 0.84444444
A11: 12015070 | B11: SP | C11: Aeropuerto Los Cedros | D11: Carepa | E11: Antioquia | F11: 1 | G11: 41 | H11: -76.717889 | I11: 7.8163889 | J11: 30.980713 | K11: 31.061118 | L11: 31.120282 | M11: 31.401233 | N11: 31.702825 | O11: 31.768075 | P11: 31.735337 | Q11: 31.919168 | R11: 31.918444 | S11: 31.744999 | T11: 31.452406 | U11: 31.102125 | V11: =AVERAGE(J11:U11) -> 31.492227 | W11: 343 | X11: 0.95277778
A12: 12015060 | B12: CO | C12: Tulenapa | D12: Carepa | E12: Antioquia | F12: 1 | G12: 39 | H12: -76.67 | I12: 7.77 | J12: 30.725582 | K12: 30.68146 | L12: 30.93043 | M12: 31.145342 | N12: 31.269965 | O12: 31.241654 | P12: 31.303528 | Q12: 31.449768 | R12: 31.359492 | S12: 31.141388 | T12: 30.874838 | U12: 30.652421 | V12: =AVERAGE(J12:U12) -> 31.064656 | W12: 220 | X12: 0.91666667
A13: 11025010 | B13: CO | C13: La Mansa | D13: Ciudad Bolívar | E13: Antioquia | F13: 1 | G13: 2018 | H13: -76.084333 | I13: 5.8783056 | J13: 21.402731 | K13: 21.631236 | L13: 21.459519 | M13: 21.381085 | N13: 21.288218 | O13: 21.442527 | P13: 21.767057 | Q13: 21.901129 | R13: 21.363014 | S13: 20.864718 | T13: 20.63258 | U13: 20.877182 | V13: =AVERAGE(J13:U13) -> 21.33425 | W13: 328 | X13: 0.91111111
A14: 26215010 | B14: CO | C14: Concordia | D14: Concordia | E14: Antioquia | F14: 1 | G14: 2032 | H14: -75.919528 | I14: 6.0395556 | J14: 23.879534 | K14: 24.463595 | L14: 24.292855 | M14: 23.511128 | N14: 23.480915 | O14: 23.879879 | P14: 24.094778 | Q14: 24.118716 | R14: 23.729806 | S14: 23.042857 | T14: 22.610664 | U14: 23.387844 | V14: =AVERAGE(J14:U14) -> 23.707714 | W14: 314 | X14: 0.87222222
... A345: 38015030 | B345: SP | C345: Aeropuerto Puerto Carreño | D345: Puerto Carreño | E345: Vichada | F345: 3 | G345: 57 | H345: -67.491222 | I345: 6.1824361 | J345: 34.895127 | K345: 35.872235 | L345: 36.158673 | M345: 34.331632 | N345: 32.431656 | O345: 31.297969 | P345: 30.843133 | Q345: 31.513637 | R345: 32.684863 | S345: 33.422728 | T345: 33.566437 | U345: 33.963348 | V345: =AVERAGE(J345:U345) -> 33.41512 | W345: 353 | X345: 0.98055556

Sheet Maximos_TMAX
A1: COD | B1: ESTACION | C1: LAT | D1: LON | E1: ELEV | F1: MUNICIPIO | G1: DPTO | H1: ENERO | K1: FEBRERO | N1: MARZO | Q1: ABRIL | T1: MAYO | W1: JUNIO | Z1: JULIO | AC1: AGOSTO | AF1: SEPTIEMBRE | AI1: OCTUBRE | AL1: NOVIEMBRE | AO1: DICIEMBRE | AS1: Mes | AT1: Nombre | AU1: Días
H2: DATO | I2: AÑO | J2: DIA | K2: DATO | L2: AÑO | M2: DIA | N2: DATO | O2: AÑO | P2: DIA | Q2: DATO | R2: AÑO | S2: DIA | T2: DATO | U2: AÑO | V2: DIA | W2: DATO | X2: AÑO | Y2: DIA | Z2: DATO | AA2: AÑO | AB2: DIA | AC2: DATO | AD2: AÑO | AE2: DIA | AF2: DATO | AG2: AÑO | AH2: DIA | AI2: DATO | AJ2: AÑO | AK2: DIA | AL2: DATO | AM2: AÑO | AN2: DIA | AO2: DATO | AP2: AÑO | AQ2: DIA | AS2: 1 | AT2: ENERO | AU2: 31
A3: 11025010 | B3: LA MANSA [11025010] | C3: 5.8783056 | D3: -76.084333 | E3: 2018 | F3: Ciudad Bolívar | G3: Antioquia | H3: 26.2 | I3: 1992 | J3: 12 | K3: 26.4 | L3: 2010 | M3: 3 | N3: 26 | O3: 1988 | P3: 21 | Q3: 26.2 | R3: 2024 | S3: 12 | T3: 25.6 | U3: 1998 | V3: 13 | W3: 25.4 | X3: 2001 | Y3: 26 | Z3: 26 | AA3: 1997 | AB3: 24 | AC3: 26 | AD3: 2015 | AE3: 5 | AF3: 26.4 | AG3: 2023 | AH3: 1 | AI3: 25 | AJ3: 2017 | AK3: 17 | AL3: 25 | AM3: 2023 | AN3: 27 | AO3: 26 | AP3: 2023 | AQ3: 12 | AS3: 2 | AT3: FEBRERO | AU3: 28
A4: 11035010 | B4: LLORO [11035010] | C4: 5.499 | D4: -76.539 | E4: 60 | F4: Lloró | G4: Choco | H4: 36.4 | I4: 2016 | J4: 3 | K4: 35.6 | L4: 2016 | M4: 7 | N4: 36.2 | O4: 2016 | P4: 3 | Q4: 35.8 | R4: 2024 | S4: 30 | T4: 36.4 | U4: 2012 | V4: 3 | W4: 36.2 | X4: 2012 | Y4: 6 | Z4: 35.2 | AA4: 2016 | AB4: 18 | AC4: 36.4 | AD4: 2011 | AE4: 8 | AF4: 35.4 | AG4: 2023 | AH4: 23 | AI4: 35.4 | AJ4: 2019 | AK4: 25 | AL4: 35.2 | AM4: 2019 | AN4: 8 | AO4: 36.4 | AP4: 2015 | AQ4: 23 | AS4: 3 | AT4: MARZO | AU4: 31
A5: 11035020 | B5: SAN ISIDRO [11035020] | C5: 5.6261667 | D5: -76.749722 | E5: 53 | F5: Rio Quito (Paimadó) | G5: Choco | H5: 34.2 | I5: 1996 | J5: 15 | K5: 35 | L5: 1998 | M5: 17 | N5: 35 | O5: 2003 | P5: 19 | Q5: 36.4 | R5: 1983 | S5: 11 | T5: 39.2 | U5: 1983 | V5: 9 | W5: 34.8 | X5: 1987 | Y5: 6 | Z5: 36.4 | AA5: 1983 | AB5: 26 | AC5: 39 | AD5: 1983 | AE5: 15 | AF5: 34 | AG5: 1998 | AH5: 18 | AI5: 34 | AJ5: 1983 | AK5: 29 | AL5: 35.7 | AM5: 1995 | AN5: 18 | AO5: 34.4 | AP5: 1997 | AQ5: 8 | AS5: 4 | AT5: ABRIL | AU5: 30
A6: 11045010 | B6: AEROPUERTO EL CARAÑO [11045010] | C6: 5.6905556 | D6: -76.643778 | E6: 75 | F6: Quibdó | G6: Choco | H6: 33.8 | I6: 1998 | J6: 15 | K6: 35.6 | L6: 1998 | M6: 17 | N6: 35.4 | O6: 1983 | P6: 21 | Q6: 35 | R6: 1992 | S6: 20 | T6: 35.6 | U6: 2005 | V6: 20 | W6: 35.4 | X6: 2015 | Y6: 24 | Z6: 36.2 | AA6: 1997 | AB6: 24 | AC6: 35.2 | AD6: 1997 | AE6: 5 | AF6: 35.2 | AG6: 2006 | AH6: 27 | AI6: 34.2 | AJ6: 2005 | AK6: 5 | AL6: 34.2 | AM6: 2023 | AN6: 16 | AO6: 34 | AP6: 2023 | AQ6: 2 | AS6: 5 | AT6: MAYO | AU6: 31
A7: 11075020 | B7: URRAO [11075020] | C7: 6.2983056 | D7: -76.143306 | E7: 1833 | F7: Urrao | G7: Antioquia | H7: 28.4 | I7: 1998 | J7: 4 | K7: 30 | L7: 2024 | M7: 16 | N7: 29.2 | O7: 2025 | P7: 28 | Q7: 28.8 | R7: 2024 | S7: 13 | T7: 28.3 | U7: 2023 | V7: 27 | W7: 29 | X7: 2024 | Y7: 22 | Z7: 29 | AA7: 2023 | AB7: 20 | AC7: 28.3 | AD7: 2023 | AE7: 4 | AF7: 28.4 | AG7: 2023 | AH7: 1 | AI7: 27.5 | AJ7: 2024 | AK7: 20 | AL7: 28 | AM7: 2023 | AN7: 27 | AO7: 27.8 | AP7: 2024 | AQ7: 6 | AS7: 6 | AT7: JUNIO | AU7: 30
A8: 11115020 | B8: CAÑASGORDAS [11115020] | C8: 6.7580278 | D8: -76.029667 | E8: 1294 | F8: Cañasgordas | G8: Antioquia | H8: 34.6 | I8: 1998 | J8: 23 | K8: 34.2 | L8: 2010 | M8: 3 | N8: 34.4 | O8: 2004 | P8: 31 | Q8: 33.8 | R8: 2021 | S8: 12 | T8: 33.8 | U8: 2021 | V8: 8 | W8: 33 | X8: 2015 | Y8: 24 | Z8: 33 | AA8: 1997 | AB8: 24 | AC8: 33.4 | AD8: 2015 | AE8: 5 | AF8: 34.4 | AG8: 2013 | AH8: 21 | AI8: 32.6 | AJ8: 2017 | AK8: 17 | AL8: 32.4 | AM8: 2020 | AN8: 1 | AO8: 34 | AP8: 1997 | AQ8: 31 | AS8: 7 | AT8: JULIO | AU8: 31
A9: 11115040 | B9: MUSINGA AUT [11115040] | C9: 6.7779722 | D9: -76.203333 | E9: 1396 | F9: Frontino | G9: Antioquia | H9: 31.4 | I9: 2020 | J9: 18 | K9: 33.2 | L9: 1998 | M9: 17 | N9: 31.2 | O9: 2003 | P9: 5 | Q9: 32 | R9: 1992 | S9: 9 | T9: 31.4 | U9: 2005 | V9: 29 | W9: 32.2 | X9: 2015 | Y9: 24 | Z9: 32.2 | AA9: 2023 | AB9: 19 | AC9: 31.8 | AD9: 2002 | AE9: 17 | AF9: 31.4 | AG9: 2023 | AH9: 1 | AI9: 28.8 | AJ9: 2018 | AK9: 12 | AL9: 28.6 | AM9: 2024 | AN9: 17 | AO9: 30.6 | AP9: 1997 | AQ9: 7 | AS9: 8 | AT9: AGOSTO | AU9: 31
A10: 12015010 | B10: VILLARTEAGA [12015010] | C10: 7.3346667 | D10: -76.486028 | E10: 132 | F10: Mutatá | G10: Antioquia | H10: 34.6 | I10: 1978 | J10: 22 | K10: 39.2 | L10: 2012 | M10: 3 | N10: 36.6 | O10: 1997 | P10: 28 | Q10: 34.2 | R10: 1994 | S10: 7 | T10: 34.2 | U10: 1983 | V10: 26 | W10: 34 | X10: 2024 | Y10: 24 | Z10: 33.8 | AA10: 1991 | AB10: 1 | AC10: 34.4 | AD10: 2011 | AE10: 6 | AF10: 34 | AG10: 2011 | AH10: 13 | AI10: 35 | AJ10: 2021 | AK10: 30 | AL10: 32.6 | AM10: 2022 | AN10: 21 | AO10: 33.2 | AP10: 1991 | AQ10: 24 | AS10: 9 | AT10: SEPTIEMBRE | AU10: 30
A11: 12015020 | B11: UNIBAN [12015020] | C11: 7.8259167 | D11: -76.651333 | E11: 43 | F11: Apartadó | G11: Antioquia | H11: 35 | I11: 2016 | J11: 2 | K11: 35.9 | L11: 2017 | M11: 23 | N11: 36.2 | O11: 2003 | P11: 19 | Q11: 35.6 | R11: 2017 | S11: 23 | T11: 35.8 | U11: 2019 | V11: 29 | W11: 35.5 | X11: 2020 | Y11: 16 | Z11: 36 | AA11: 2021 | AB11: 9 | AC11: 37.4 | AD11: 2018 | AE11: 10 | AF11: 35.2 | AG11: 2016 | AH11: 4 | AI11: 36 | AJ11: 2021 | AK11: 13 | AL11: 36.6 | AM11: 2021 | AN11: 27 | AO11: 35 | AP11: 2008 | AQ11: 24 | AS11: 10 | AT11: OCTUBRE | AU11: 31
A12: 12015060 | B12: TULENAPA [12015060] | C12: 7.77 | D12: -76.67 | E12: 39 | F12: Carepa | G12: Antioquia | H12: 33.2 | I12: 2010 | J12: 12 | K12: 35.4 | L12: 1998 | M12: 27 | N12: 36.4 | O12: 1983 | P12: 18 | Q12: 35.4 | R12: 1983 | S12: 13 | T12: 34.8 | U12: 2013 | V12: 3 | W12: 34.8 | X12: 1984 | Y12: 21 | Z12: 34.8 | AA12: 1995 | AB12: 11 | AC12: 34.4 | AD12: 2011 | AE12: 29 | AF12: 34.6 | AG12: 1982 | AH12: 5 | AI12: 34.6 | AJ12: 1982 | AK12: 18 | AL12: 33.4 | AM12: 1997 | AN12: 27 | AO12: 35.4 | AP12: 1982 | AQ12: 8 | AS12: 11 | AT12: NOVIEMBRE | AU12: 30
A13: 12015070 | B13: AEROPUERTO LOS CEDROS [12015070] | C13: 7.8163889 | D13: -76.717889 | E13: 41 | F13: Carepa | G13: Antioquia | H13: 34.6 | I13: 2016 | J13: 3 | K13: 36.1 | L13: 2016 | M13: 22 | N13: 36.5 | O13: 2003 | P13: 19 | Q13: 35.9 | R13: 2016 | S13: 2 | T13: 35.4 | U13: 2013 | V13: 3 | W13: 35.2 | X13: 2013 | Y13: 4 | Z13: 36 | AA13: 2013 | AB13: 6 | AC13: 35 | AD13: 2010 | AE13: 4 | AF13: 35.4 | AG13: 2006 | AH13: 27 | AI13: 35.4 | AJ13: 2016 | AK13: 4 | AL13: 35 | AM13: 2016 | AN13: 3 | AO13: 33.8 | AP13: 2009 | AQ13: 3 | AS13: 12 | AT13: DICIEMBRE | AU13: 31
A14: 12025030 | B14: EL MELLITO [12025030] | C14: 8.5426667 | D14: -76.673361 | E14: 54 | F14: Necoclí | G14: Antioquia | H14: 33.6 | I14: 2021 | J14: 29 | K14: 35.8 | L14: 2021 | M14: 17 | N14: 35.2 | O14: 2021 | P14: 2 | Q14: 34.6 | R14: 1998 | S14: 8 | T14: 36 | U14: 1999 | V14: 22 | W14: 35.2 | X14: 2015 | Y14: 16 | Z14: 35 | AA14: 2015 | AB14: 3 | AC14: 33.6 | AD14: 2002 | AE14: 23 | AF14: 34.3 | AG14: 2012 | AH14: 28 | AI14: 35.4 | AJ14: 2021 | AK14: 19 | AL14: 35 | AM14: 2003 | AN14: 3 | AO14: 35.2 | AP14: 2020 | AQ14: 7
A15: 12025040 | B15: TURBO [12025040] | C15: 8.0918056 | D15: -76.716333 | E15: 37 | F15: Turbo | G15: Antioquia | H15: 33.6 | I15: 2010 | J15: 1 | K15: 35 | L15: 1998 | M15: 3 | N15: 36 | O15: 2003 | P15: 19 | Q15: 34.6 | R15: 2007 | S15: 11 | T15: 35.2 | U15: 1998 | V15: 24 | W15: 34.6 | X15: 2005 | Y15: 11 | Z15: 34.2 | AA15: 1998 | AB15: 21 | AC15: 34.6 | AD15: 1993 | AE15: 18 | AF15: 34.4 | AG15: 2000 | AH15: 20 | AI15: 35.6 | AJ15: 2004 | AK15: 10 | AL15: 34.4 | AM15: 2000 | AN15: 3 | AO15: 34.2 | AP15: 2000 | AQ15: 1
A16: 12045010 | B16: ARBOLETES [12045010] | C16: 8.8469444 | D16: -76.431944 | E16: 4 | F16: Arboletes | G16: Antioquia | H16: 37 | I16: 1994 | J16: 23 | K16: 35.6 | L16: 2007 | M16: 2 | N16: 39.4 | O16: 1993 | P16: 27 | Q16: 35 | R16: 2005 | S16: 4 | T16: 39.4 | U16: 1991 | V16: 3 | W16: 36.4 | X16: 2005 | Y16: 22 | Z16: 36 | AA16: 1991 | AB16: 18 | AC16: 39.4 | AD16: 1992 | AE16: 11 | AF16: 38 | AG16: 1990 | AH16: 24 | AI16: 34.4 | AJ16: 2005 | AK16: 15 | AL16: 37.8 | AM16: 1992 | AN16: 11 | AO16: 36 | AP16: 1990 | AQ16: 1
A17: 13015040 | B17: REPRESA URRA [13015040] | C17: 8.0141667 | D17: -76.203056 | E17: 300 | F17: Tierralta | G17: Cordoba | H17: 36 | I17: 2010 | J17: 16 | K17: 36.2 | L17: 2007 | M17: 27 | N17: 37.2 | O17: 2006 | P17: 5 | Q17: 37.2 | R17: 2016 | S17: 3 | T17: 37.4 | U17: 2012 | V17: 12 | W17: 35.8 | X17: 2013 | Y17: 25 | Z17: 35.4 | AA17: 2015 | AB17: 2 | AC17: 35.5 | AD17: 2008 | AE17: 6 | AF17: 35 | AG17: 2009 | AH17: 6 | AI17: 34.4 | AJ17: 2009 | AK17: 21 | AL17: 35.8 | AM17: 2020 | AN17: 11 | AO17: 35.6 | AP17: 2009 | AQ17: 11
A18: 13035501 | B18: AEROPUERTO LOS GARZONES [13035501] | C18: 8.8258333 | D18: -75.825139 | E18: 20 | F18: Montería | G18: Cordoba | H18: 37.8 | I18: 2019 | J18: 23 | K18: 41.2 | L18: 1998 | M18: 16 | N18: 38.6 | O18: 2015 | P18: 8 | Q18: 38.8 | R18: 1998 | S18: 9 | T18: 38.6 | U18: 2015 | V18: 12 | W18: 38.8 | X18: 2015 | Y18: 24 | Z18: 38.4 | AA18: 2015 | AB18: 3 | AC18: 36.9 | AD18: 2023 | AE18: 8 | AF18: 37.5 | AG18: 2024 | AH18: 15 | AI18: 36.5 | AJ18: 2024 | AK18: 27 | AL18: 36.8 | AM18: 2019 | AN18: 27 | AO18: 36.8 | AP18: 2020 | AQ18: 23
A19: 13065020 | B19: MARACAYO [13065020] | C19: 8.41 | D19: -75.88 | E19: 25 | F19: Montería | G19: Cordoba | H19: 37.8 | I19: 2015 | J19: 26 | K19: 38.8 | L19: 2010 | M19: 10 | N19: 38.6 | O19: 2012 | P19: 12 | Q19: 37.8 | R19: 2015 | S19: 28 | T19: 37.8 | U19: 2015 | V19: 11 | W19: 37.8 | X19: 1988 | Y19: 7 | Z19: 37.8 | AA19: 2014 | AB19: 12 | AC19: 37.8 | AD19: 2018 | AE19: 5 | AF19: 37.8 | AG19: 2009 | AH19: 6 | AI19: 37.6 | AJ19: 2014 | AK19: 5 | AL19: 37.6 | AM19: 2013 | AN19: 24 | AO19: 37.6 | AP19: 2014 | AQ19: 21
A20: 13075010 | B20: CHIMA [13075010] | C20: 9.15075 | D20: -75.622083 | E20: 20 | F20: Chima | G20: Cordoba | H20: 37.6 | I20: 2013 | J20: 9 | K20: 38.8 | L20: 2024 | M20: 29 | N20: 39.6 | O20: 2016 | P20: 23 | Q20: 38.8 | R20: 2024 | S20: 13 | T20: 38.3 | U20: 2023 | V20: 13 | W20: 38.8 | X20: 2015 | Y20: 25 | Z20: 39.6 | AA20: 2015 | AB20: 4 | AC20: 38.6 | AD20: 2019 | AE20: 9 | AF20: 37.2 | AG20: 1979 | AH20: 12 | AI20: 35.8 | AJ20: 2021 | AK20: 15 | AL20: 38.8 | AM20: 2023 | AN20: 10 | AO20: 37.2 | AP20: 2023 | AQ20: 9
A21: 13075020 | B21: SALADO EL [13075020] | C21: 8.9138889 | D21: -75.582222 | E21: 40 | F21: Ciénaga De Oro | G21: Cordoba | H21: 38.9 | I21: 1992 | J21: 30 | K21: 41.2 | L21: 1998 | M21: 16 | N21: 40 | O21: 1998 | P21: 9 | Q21: 39.5 | R21: 1992 | S21: 9 | T21: 38.8 | U21: 2015 | V21: 7 | W21: 39.2 | X21: 2023 | Y21: 8 | Z21: 39 | AA21: 2025 | AB21: 18 | AC21: 39.7 | AD21: 1992 | AE21: 26 | AF21: 39.3 | AG21: 1990 | AH21: 19 | AI21: 38.2 | AJ21: 1988 | AK21: 13 | AL21: 37.8 | AM21: 1983 | AN21: 9 | AO21: 38.2 | AP21: 1991 | AQ21: 30
A22: 13075030 | B22: TURIPANA [13075030] | C22: 8.8395278 | D22: -75.801889 | E22: 20 | F22: Cereté | G22: Cordoba | H22: 38 | I22: 2020 | J22: 18 | K22: 39.2 | L22: 1998 | M22: 17 | N22: 38.2 | O22: 2025 | P22: 24 | Q22: 40 | R22: 2017 | S22: 2 | T22: 39 | U22: 2019 | V22: 5 | W22: 37.8 | X22: 2015 | Y22: 24 | Z22: 37.9 | AA22: 2023 | AB22: 13 | AC22: 39.1 | AD22: 2017 | AE22: 9 | AF22: 36.6 | AG22: 2023 | AH22: 22 | AI22: 37.5 | AJ22: 2016 | AK22: 3 | AL22: 35.4 | AM22: 1987 | AN22: 26 | AO22: 36.4 | AP22: 2015 | AQ22: 26
A23: 13085010 | B23: DOCTRINA LA [13085010] | C23: 9.2972222 | D23: -75.892778 | E23: 20 | F23: Lorica | G23: Cordoba | H23: 36.7 | I23: 2000 | J23: 12 | K23: 36.4 | L23: 2021 | M23: 24 | N23: 36.8 | O23: 2021 | P23: 30 | Q23: 37.5 | R23: 1984 | S23: 11 | T23: 37.8 | U23: 1986 | V23: 28 | W23: 38.4 | X23: 2015 | Y23: 24 | Z23: 38.4 | AA23: 2015 | AB23: 1 | AC23: 37 | AD23: 1991 | AE23: 15 | AF23: 37.1 | AG23: 1986 | AH23: 9 | AI23: 36.2 | AJ23: 2024 | AK23: 27 | AL23: 36.6 | AM23: 1987 | AN23: 23 | AO23: 37.1 | AP23: 1987 | AQ23: 20
A24: 13085030 | B24: SAN BERNARDO DEL VIENTO [13085030] | C24: 9.37 | D24: -75.95 | E24: 22 | F24: San Bernardo Del Viento | G24: Cordoba | H24: 35.8 | I24: 2019 | J24: 1 | K24: 35.8 | L24: 2019 | M24: 8 | N24: 35.8 | O24: 2019 | P24: 1 | Q24: 36.2 | R24: 2010 | S24: 8 | T24: 36.4 | U24: 2016 | V24: 20 | W24: 36.2 | X24: 2015 | Y24: 20 | Z24: 36.8 | AA24: 2018 | AB24: 9 | AC24: 35.8 | AD24: 2018 | AE24: 20 | AF24: 35.8 | AG24: 2018 | AH24: 21 | AI24: 35.8 | AJ24: 2018 | AK24: 7 | AL24: 39.8 | AM24: 1990 | AN24: 17 | AO24: 36 | AP24: 2018 | AQ24: 13
A25: 13095020 | B25: PRIMATES [13095020] | C25: 9.5301389 | D25: -75.351361 | E25: 200 | F25: Colosó | G25: Sucre | H25: 38 | I25: 1998 | J25: 4 | K25: 38.6 | L25: 1998 | M25: 20 | N25: 38.5 | O25: 1990 | P25: 10 | Q25: 39.6 | R25: 1992 | S25: 9 | T25: 36.8 | U25: 2015 | V25: 12 | W25: 38.8 | X25: 2015 | Y25: 26 | Z25: 39.2 | AA25: 2015 | AB25: 3 | AC25: 38.4 | AD25: 2015 | AE25: 3 | AF25: 36.8 | AG25: 1991 | AH25: 10 | AI25: 38.8 | AJ25: 1990 | AK25: 5 | AL25: 37.4 | AM25: 1994 | AN25: 19 | AO25: 36 | AP25: 1994 | AQ25: 10
... A356: 3502500006 | B356: MORICHAL [3502500006] | C356: 3.9325472 | D356: -73.242964 | E356: 277 | F356: San Carlos De Guaroa | G356: Meta | H356: 37 | I356: 2024 | J356: 30 | K356: 37 | L356: 2019 | M356: 21 | N356: 37 | O356: 2020 | P356: 6 | Q356: 36.6 | R356: 2024 | S356: 15 | T356: 34.6 | U356: 2024 | V356: 7 | W356: 33 | X356: 2018 | Y356: 12 | Z356: 33.4 | AA356: 2023 | AB356: 26 | AC356: 35.4 | AD356: 2023 | AE356: 26 | AF356: 35.8 | AG356: 2024 | AH356: 16 | AI356: 35.4 | AJ356: 2023 | AK356: 2 | AL356: 35.8 | AM356: 2018 | AN356: 26 | AO356: 36 | AP356: 2020 | AQ356: 1

Sheet Control_Cambios
A1: Fecha | B1: Hoja | C1: Descripción | D1: Responsale
A2: 46071 | B2: Temperatura | C2: Se ajusto formula de MAX_MES, agregando condicionante para las estaciones que no presentan datos en el periodo de tiempo evaluado, se ajusta formula de RECORD_DIA con el fin de definir que se evalue el ultimo dato evaluado. | D2: ntoussaint
A3: 46076 | B3: Temperatura | C3: Se ajusta orden de las estaciones que llegan al CLIMAT, se adiciona actualización automatica del nombre el mes, y la cantidad del numero de dias, se elimina formula de busqueda del CLIMAT y se elimina hoja del CLIMAT, se renombran hoja del de Climatologia y Maximos con el sobrenombre del TMAX. | D3: ntoussaint
