Workbook

Sheet Temperatura
A2: VARIABLE | B2: TEMPERATURA MINIMA (°C) | C2: MES | D2: =VLOOKUP(E2,Minimos!AS1:AU13,2,FALSE) -> SEPTIEMBRE | E2: 9 | F2: AÑO | G2: 2026 | H2: DIAS | I2: =VLOOKUP(E2,Minimos!AS1:AU13,3,FALSE) -> 30 | J2: Mínima | K2: =MIN(K5:K208) -> 2 | L2: =MIN(L5:L208) -> 3 | M2: =MIN(M5:M208) -> 3.4 | N2: =MIN(N5:N208) -> 3.8 | O2: =MIN(O5:O208) -> 2.6 | P2: =MIN(P5:P208) -> 2.4 | Q2: =MIN(Q5:Q208) -> 0 | R2: =MIN(R5:R208) -> 0 | ... AO2: =MIN(AO5:AO208) -> 0 | AP2: =MIN(K2:AO2) -> 0
A4: CODIGO | B4: ESTACION | C4: AREA_OP | D4: LON | E4: LAT | F4: ELEV | G4: COD_DPTO | H4: COD_MUNICIPIO | I4: DEPARTAMENTO | J4: MUNICIPIO | K4: 1 | L4: 2 | M4: 3 | N4: 4 | O4: 5 | P4: 6 | Q4: 7 | R4: 8 | S4: 9 | T4: 10 | U4: 11 | V4: 12 | W4: 13 | X4: 14 | Y4: 15 | Z4: 16 | AA4: 17 | AB4: 18 | AC4: 19 | AD4: 20 | AE4: 21 | AF4: 22 | AG4: 23 | AH4: 24 | AI4: 25 | AJ4: 26 | AK4: 27 | AL4: 28 | AM4: 29 | AN4: 30 | AO4: 31 | AP4: NUM_DATOS | AQ4: MEDIA_MENSUAL | AR4: MEDIA_MULTIANUAL | AS4: ANOMALIA | AT4: MIN_MES | AU4: MIN_HISTORICO | AV4: FECHA | AW4: DIFERENCIA
A5: 17015010 | B5: Aeropuerto Sesquicentenario | C5: Grupo Observación y Monitoreo | D5: -81.704 | E5: 12.587 | F5: 1 | G5: 88 | H5: 88001 | I5: Archipiélago de San Andres, Providencia y Santa Catalina | J5: Isla de San Andrés | K5: 26.8 | L5: 26.5 | M5: 28 | N5: 27.6 | O5: 27.7 | P5: 27.4 | AP5: =COUNTIF(K5:AO5,">0") -> 6 | AQ5: =IF(AP5>14,AVERAGE(K5:AO5),"") | AR5: =IFERROR(VLOOKUP(A5,Climatologia!A:U,9+$E$2,FALSE),"") -> 26.018137 | AS5: =IF(OR(AQ5="",AR5=""),"",IFERROR(AQ5-AR5,"")) | AT5: =IF(COUNT(K5:AO5)=0,"",MIN(K5:AO5)) -> 26.5 | AU5: {=IFERROR( _xlfn.LET( _xlpm.mesTxt, INDEX({"ENERO","FEBRERO","MARZO","ABRIL","MAYO","JUNIO","JULIO","AGOSTO","SEPTIEMBRE","OCTUBRE","NOVIEMBRE","DICIEMBRE"}, E$2), _xlpm.colIni, MATCH(_xlpm.mesTxt, Minimos!$1:$1, 0), _xlpm.fila, MATCH($A5, Minimos!$A:$A, 0), _xlpm.val, INDEX(Minimos!$A:$ZZ, _xlpm.fila, _xlpm.colIni), IF(_xlpm.val="", "", _xlpm.val) ), "")} -> 21.2 | AV5: {=IFERROR( _xlfn.LET( _xlpm.mesNum, E$2, _xlpm.mesTxt, INDEX({"ENERO","FEBRERO","MARZO","ABRIL","MAYO","JUNIO","JULIO","AGOSTO","SEPTIEMBRE","OCTUBRE","NOVIEMBRE","DICIEMBRE"}, _xlpm.mesNum), _xlpm.colIni, MATCH(_xlpm.mesTxt, Minimos!$1:$1, 0), _xlpm.fila, MATCH($A5, Minimos!$A:$A, 0), _xlpm.anio, INDEX(Minimos!$A:$ZZ, _xlpm.fila, _xlpm.colIni+1), _xlpm.dia, INDEX(Minimos!$A:$ZZ, _xlpm.fila, _xlpm.colIni+2), IF(OR(_xlpm.anio="",_xlpm.dia=""), "", DATE(_xlpm.anio, _xlpm.mesNum, _xlpm.dia)) ), "")} -> 31677 | AW5: =IF(OR(AT5="",AU5=""),"NA",IFERROR(AT5-AU5,"NA")) -> 5.3
A6: 17025020 | B6: Aeropuerto El Embrujo | C6: Grupo Observación y Monitoreo | D6: -81.358 | E6: 13.36 | F6: 7 | G6: 88 | H6: 88564 | I6: Archipiélago de San Andres, Providencia y Santa Catalina | J6: Isla de Providencia | K6: 26.1 | L6: 27.4 | M6: 28.1 | N6: 27.6 | O6: 28.1 | P6: 26.4 | AP6: =COUNTIF(K6:AO6,">0") -> 6 | AQ6: =IF(AP6>14,AVERAGE(K6:AO6),"") | AR6: =IFERROR(VLOOKUP(A6,Climatologia!A:U,9+$E$2,FALSE),"") -> 25.709568 | AS6: =IF(OR(AQ6="",AR6=""),"",IFERROR(AQ6-AR6,"")) | AT6: =IF(COUNT(K6:AO6)=0,"",MIN(K6:AO6)) -> 26.1 | AU6: {=IFERROR( _xlfn.LET( _xlpm.mesTxt, INDEX({"ENERO","FEBRERO","MARZO","ABRIL","MAYO","JUNIO","JULIO","AGOSTO","SEPTIEMBRE","OCTUBRE","NOVIEMBRE","DICIEMBRE"}, E$2), _xlpm.colIni, MATCH(_xlpm.mesTxt, Minimos!$1:$1, 0), _xlpm.fila, MATCH($A6, Minimos!$A:$A, 0), _xlpm.val, INDEX(Minimos!$A:$ZZ, _xlpm.fila, _xlpm.colIni), IF(_xlpm.val="", "", _xlpm.val) ), "")} -> 22 | AV6: {=IFERROR( _xlfn.LET( _xlpm.mesNum, E$2, _xlpm.mesTxt, INDEX({"ENERO","FEBRERO","MARZO","ABRIL","MAYO","JUNIO","JULIO","AGOSTO","SEPTIEMBRE","OCTUBRE","NOVIEMBRE","DICIEMBRE"}, _xlpm.mesNum), _xlpm.colIni, MATCH(_xlpm.mesTxt, Minimos!$1:$1, 0), _xlpm.fila, MATCH($A6, Minimos!$A:$A, 0), _xlpm.anio, INDEX(Minimos!$A:$ZZ, _xlpm.fila, _xlpm.colIni+1), _xlpm.dia, INDEX(Minimos!$A:$ZZ, _xlpm.fila, _xlpm.colIni+2), IF(OR(_xlpm.anio="",_xlpm.dia=""), "", DATE(_xlpm.anio, _xlpm.mesNum, _xlpm.dia)) ), "")} -> 31680 | AW6: =IF(OR(AT6="",AU6=""),"NA",IFERROR(AT6-AU6,"NA")) -> 4.1
A7: 15015050 | B7: Aeropuerto Simón Bolívar | C7: Grupo Observación y Monitoreo | D7: -74.229 | E7: 11.128 | F7: 4 | G7: 47 | H7: 47001 | I7: Magdalena | J7: Santa Marta | K7: 27.6 | L7: 25.8 | M7: 26.4 | N7: 26.2 | O7: 27 | P7: 26.2 | AP7: =COUNTIF(K7:AO7,">0") -> 6 | AQ7: =IF(AP7>14,AVERAGE(K7:AO7),"") | AR7: =IFERROR(VLOOKUP(A7,Climatologia!A:U,9+$E$2,FALSE),"") -> 24.686654 | AS7: =IF(OR(AQ7="",AR7=""),"",IFERROR(AQ7-AR7,"")) | AT7: =IF(COUNT(K7:AO7)=0,"",MIN(K7:AO7)) -> 25.8 | AU7: {=IFERROR( _xlfn.LET( _xlpm.mesTxt, INDEX({"ENERO","FEBRERO","MARZO","ABRIL","MAYO","JUNIO","JULIO","AGOSTO","SEPTIEMBRE","OCTUBRE","NOVIEMBRE","DICIEMBRE"}, E$2), _xlpm.colIni, MATCH(_xlpm.mesTxt, Minimos!$1:$1, 0), _xlpm.fila, MATCH($A7, Minimos!$A:$A, 0), _xlpm.val, INDEX(Minimos!$A:$ZZ, _xlpm.fila, _xlpm.colIni), IF(_xlpm.val="", "", _xlpm.val) ), "")} -> 21 | AV7: {=IFERROR( _xlfn.LET( _xlpm.mesNum, E$2, _xlpm.mesTxt, INDEX({"ENERO","FEBRERO","MARZO","ABRIL","MAYO","JUNIO","JULIO","AGOSTO","SEPTIEMBRE","OCTUBRE","NOVIEMBRE","DICIEMBRE"}, _xlpm.mesNum), _xlpm.colIni, MATCH(_xlpm.mesTxt, Minimos!$1:$1, 0), _xlpm.fila, MATCH($A7, Minimos!$A:$A, 0), _xlpm.anio, INDEX(Minimos!$A:$ZZ, _xlpm.fila, _xlpm.colIni+1), _xlpm.dia, INDEX(Minimos!$A:$ZZ, _xlpm.fila, _xlpm.colIni+2), IF(OR(_xlpm.anio="",_xlpm.dia=""), "", DATE(_xlpm.anio, _xlpm.mesNum, _xlpm.dia)) ), "")} -> 36430 | AW7: =IF(OR(AT7="",AU7=""),"NA",IFERROR(AT7-AU7,"NA")) -> 4.8
A8: 14015080 | B8: Aeropuerto Rafael Nuñez | C8: Grupo Observación y Monitoreo | D8: -75.516 | E8: 10.447 | F8: 2 | G8: 13 | H8: 13001 | I8: Bolívar | J8: Cartagena de Indias | K8: 26.9 | L8: 26.4 | M8: 26.3 | N8: 26.9 | O8: 27.5 | P8: 27.7 | AP8: =COUNTIF(K8:AO8,">0") -> 6 | AQ8: =IF(AP8>14,AVERAGE(K8:AO8),"") | AR8: =IFERROR(VLOOKUP(A8,Climatologia!A:U,9+$E$2,FALSE),"") -> 25.822663 | AS8: =IF(OR(AQ8="",AR8=""),"",IFERROR(AQ8-AR8,"")) | AT8: =IF(COUNT(K8:AO8)=0,"",MIN(K8:AO8)) -> 26.3 | AU8: {=IFERROR( _xlfn.LET( _xlpm.mesTxt, INDEX({"ENERO","FEBRERO","MARZO","ABRIL","MAYO","JUNIO","JULIO","AGOSTO","SEPTIEMBRE","OCTUBRE","NOVIEMBRE","DICIEMBRE"}, E$2), _xlpm.colIni, MATCH(_xlpm.mesTxt, Minimos!$1:$1, 0), _xlpm.fila, MATCH($A8, Minimos!$A:$A, 0), _xlpm.val, INDEX(Minimos!$A:$ZZ, _xlpm.fila, _xlpm.colIni), IF(_xlpm.val="", "", _xlpm.val) ), "")} -> 21.6 | AV8: {=IFERROR( _xlfn.LET( _xlpm.mesNum, E$2, _xlpm.mesTxt, INDEX({"ENERO","FEBRERO","MARZO","ABRIL","MAYO","JUNIO","JULIO","AGOSTO","SEPTIEMBRE","OCTUBRE","NOVIEMBRE","DICIEMBRE"}, _xlpm.mesNum), _xlpm.colIni, MATCH(_xlpm.mesTxt, Minimos!$1:$1, 0), _xlpm.fila, MATCH($A8, Minimos!$A:$A, 0), _xlpm.anio, INDEX(Minimos!$A:$ZZ, _xlpm.fila, _xlpm.colIni+1), _xlpm.dia, INDEX(Minimos!$A:$ZZ, _xlpm.fila, _xlpm.colIni+2), IF(OR(_xlpm.anio="",_xlpm.dia=""), "", DATE(_xlpm.anio, _xlpm.mesNum, _xlpm.dia)) ), "")} -> 30955 | AW8: =IF(OR(AT8="",AU8=""),"NA",IFERROR(AT8-AU8,"NA")) -> 4.7
A9: 29045190 | B9: Aeropuerto Ernesto Cortissoz - AUT | C9: Grupo Observación y Monitoreo | D9: -74.78 | E9: 10.918 | F9: 14 | G9: 8 | H9: 8758 | I9: Atlántico | J9: Soledad | K9: 24.9 | L9: 27.1 | M9: 25.3 | N9: 26 | O9: 26.9 | P9: 26.3 | AP9: =COUNTIF(K9:AO9,">0") -> 6 | AQ9: =IF(AP9>14,AVERAGE(K9:AO9),"") | AR9: =IFERROR(VLOOKUP(A9,Climatologia!A:U,9+$E$2,FALSE),"") -> 24.32867 | AS9: =IF(OR(AQ9="",AR9=""),"",IFERROR(AQ9-AR9,"")) | AT9: =IF(COUNT(K9:AO9)=0,"",MIN(K9:AO9)) -> 24.9 | AU9: {=IFERROR( _xlfn.LET( _xlpm.mesTxt, INDEX({"ENERO","FEBRERO","MARZO","ABRIL","MAYO","JUNIO","JULIO","AGOSTO","SEPTIEMBRE","OCTUBRE","NOVIEMBRE","DICIEMBRE"}, E$2), _xlpm.colIni, MATCH(_xlpm.mesTxt, Minimos!$1:$1, 0), _xlpm.fila, MATCH($A9, Minimos!$A:$A, 0), _xlpm.val, INDEX(Minimos!$A:$ZZ, _xlpm.fila, _xlpm.colIni), IF(_xlpm.val="", "", _xlpm.val) ), "")} -> 20.4 | AV9: {=IFERROR( _xlfn.LET( _xlpm.mesNum, E$2, _xlpm.mesTxt, INDEX({"ENERO","FEBRERO","MARZO","ABRIL","MAYO","JUNIO","JULIO","AGOSTO","SEPTIEMBRE","OCTUBRE","NOVIEMBRE","DICIEMBRE"}, _xlpm.mesNum), _xlpm.colIni, MATCH(_xlpm.mesTxt, Minimos!$1:$1, 0), _xlpm.fila, MATCH($A9, Minimos!$A:$A, 0), _xlpm.anio, INDEX(Minimos!$A:$ZZ, _xlpm.fila, _xlpm.colIni+1), _xlpm.dia, INDEX(Minimos!$A:$ZZ, _xlpm.fila, _xlpm.colIni+2), IF(OR(_xlpm.anio="",_xlpm.dia=""), "", DATE(_xlpm.anio, _xlpm.mesNum, _xlpm.dia)) ), "")} -> 35333 | AW9: =IF(OR(AT9="",AU9=""),"NA",IFERROR(AT9-AU9,"NA")) -> 4.5
A10: 15065180 | B10: Aeropuerto Almirante Padilla | C10: Grupo Observación y Monitoreo | D10: -72.918 | E10: 11.53 | F10: 4 | G10: 44 | H10: 44001 | I10: La Guajira | J10: Riohacha | K10: 25.7 | L10: 26.7 | M10: 28.5 | N10: 27.5 | O10: 28.7 | P10: 28.9 | AP10: =COUNTIF(K10:AO10,">0") -> 6 | AQ10: =IF(AP10>14,AVERAGE(K10:AO10),"") | AR10: =IFERROR(VLOOKUP(A10,Climatologia!A:U,9+$E$2,FALSE),"") -> 24.80771 | AS10: =IF(OR(AQ10="",AR10=""),"",IFERROR(AQ10-AR10,"")) | AT10: =IF(COUNT(K10:AO10)=0,"",MIN(K10:AO10)) -> 25.7 | AU10: {=IFERROR( _xlfn.LET( _xlpm.mesTxt, INDEX({"ENERO","FEBRERO","MARZO","ABRIL","MAYO","JUNIO","JULIO","AGOSTO","SEPTIEMBRE","OCTUBRE","NOVIEMBRE","DICIEMBRE"}, E$2), _xlpm.colIni, MATCH(_xlpm.mesTxt, Minimos!$1:$1, 0), _xlpm.fila, MATCH($A10, Minimos!$A:$A, 0), _xlpm.val, INDEX(Minimos!$A:$ZZ, _xlpm.fila, _xlpm.colIni), IF(_xlpm.val="", "", _xlpm.val) ), "")} -> 19.2 | AV10: {=IFERROR( _xlfn.LET( _xlpm.mesNum, E$2, _xlpm.mesTxt, INDEX({"ENERO","FEBRERO","MARZO","ABRIL","MAYO","JUNIO","JULIO","AGOSTO","SEPTIEMBRE","OCTUBRE","NOVIEMBRE","DICIEMBRE"}, _xlpm.mesNum), _xlpm.colIni, MATCH(_xlpm.mesTxt, Minimos!$1:$1, 0), _xlpm.fila, MATCH($A10, Minimos!$A:$A, 0), _xlpm.anio, INDEX(Minimos!$A:$ZZ, _xlpm.fila, _xlpm.colIni+1), _xlpm.dia, INDEX(Minimos!$A:$ZZ, _xlpm.fila, _xlpm.colIni+2), IF(OR(_xlpm.anio="",_xlpm.dia=""), "", DATE(_xlpm.anio, _xlpm.mesNum, _xlpm.dia)) ), "")} -> 34599 | AW10: =IF(OR(AT10="",AU10=""),"NA",IFERROR(AT10-AU10,"NA")) -> 6.5
A11: 28025502 | B11: Aeropuerto Alfonso López | C11: Grupo Observación y Monitoreo | D11: -73.248 | E11: 10.436 | F11: 138 | G11: 20 | H11: 20001 | I11: Cesar | J11: Valledupar | K11: 23.4 | L11: 24.4 | M11: 24.8 | N11: 24.6 | O11: 26.8 | P11: 26.6 | AP11: =COUNTIF(K11:AO11,">0") -> 6 | AQ11: =IF(AP11>14,AVERAGE(K11:AO11),"") | AR11: =IFERROR(VLOOKUP(A11,Climatologia!A:U,9+$E$2,FALSE),"") -> 23.800122 | AS11: =IF(OR(AQ11="",AR11=""),"",IFERROR(AQ11-AR11,"")) | AT11: =IF(COUNT(K11:AO11)=0,"",MIN(K11:AO11)) -> 23.4 | AU11: {=IFERROR( _xlfn.LET( _xlpm.mesTxt, INDEX({"ENERO","FEBRERO","MARZO","ABRIL","MAYO","JUNIO","JULIO","AGOSTO","SEPTIEMBRE","OCTUBRE","NOVIEMBRE","DICIEMBRE"}, E$2), _xlpm.colIni, MATCH(_xlpm.mesTxt, Minimos!$1:$1, 0), _xlpm.fila, MATCH($A11, Minimos!$A:$A, 0), _xlpm.val, INDEX(Minimos!$A:$ZZ, _xlpm.fila, _xlpm.colIni), IF(_xlpm.val="", "", _xlpm.val) ), "")} -> 20.4 | AV11: {=IFERROR( _xlfn.LET( _xlpm.mesNum, E$2, _xlpm.mesTxt, INDEX({"ENERO","FEBRERO","MARZO","ABRIL","MAYO","JUNIO","JULIO","AGOSTO","SEPTIEMBRE","OCTUBRE","NOVIEMBRE","DICIEMBRE"}, _xlpm.mesNum), _xlpm.colIni, MATCH(_xlpm.mesTxt, Minimos!$1:$1, 0), _xlpm.fila, MATCH($A11, Minimos!$A:$A, 0), _xlpm.anio, INDEX(Minimos!$A:$ZZ, _xlpm.fila, _xlpm.colIni+1), _xlpm.dia, INDEX(Minimos!$A:$ZZ, _xlpm.fila, _xlpm.colIni+2), IF(OR(_xlpm.anio="",_xlpm.dia=""), "", DATE(_xlpm.anio, _xlpm.mesNum, _xlpm.dia)) ), "")} -> 28740 | AW11: =IF(OR(AT11="",AU11=""),"NA",IFERROR(AT11-AU11,"NA")) -> 3
A12: 13035501 | B12: Aeropuerto Los Garzones | C12: Grupo Observación y Monitoreo | D12: -75.825 | E12: 8.826 | F12: 20 | G12: 23 | H12: 23001 | I12: Córdoba | J12: Montería | K12: 24.1 | L12: 26.3 | M12: 25.3 | N12: 25.4 | O12: 24.9 | P12: 26.3 | AP12: =COUNTIF(K12:AO12,">0") -> 6 | AQ12: =IF(AP12>14,AVERAGE(K12:AO12),"") | AR12: =IFERROR(VLOOKUP(A12,Climatologia!A:U,9+$E$2,FALSE),"") -> 23.168302 | AS12: =IF(OR(AQ12="",AR12=""),"",IFERROR(AQ12-AR12,"")) | AT12: =IF(COUNT(K12:AO12)=0,"",MIN(K12:AO12)) -> 24.1 | AU12: {=IFERROR( _xlfn.LET( _xlpm.mesTxt, INDEX({"ENERO","FEBRERO","MARZO","ABRIL","MAYO","JUNIO","JULIO","AGOSTO","SEPTIEMBRE","OCTUBRE","NOVIEMBRE","DICIEMBRE"}, E$2), _xlpm.colIni, MATCH(_xlpm.mesTxt, Minimos!$1:$1, 0), _xlpm.fila, MATCH($A12, Minimos!$A:$A, 0), _xlpm.val, INDEX(Minimos!$A:$ZZ, _xlpm.fila, _xlpm.colIni), IF(_xlpm.val="", "", _xlpm.val) ), "")} -> 19.8 | AV12: {=IFERROR( _xlfn.LET( _xlpm.mesNum, E$2, _xlpm.mesTxt, INDEX({"ENERO","FEBRERO","MARZO","ABRIL","MAYO","JUNIO","JULIO","AGOSTO","SEPTIEMBRE","OCTUBRE","NOVIEMBRE","DICIEMBRE"}, _xlpm.mesNum), _xlpm.colIni, MATCH(_xlpm.mesTxt, Minimos!$1:$1, 0), _xlpm.fila, MATCH($A12, Minimos!$A:$A, 0), _xlpm.anio, INDEX(Minimos!$A:$ZZ, _xlpm.fila, _xlpm.colIni+1), _xlpm.dia, INDEX(Minimos!$A:$ZZ, _xlpm.fila, _xlpm.colIni+2), IF(OR(_xlpm.anio="",_xlpm.dia=""), "", DATE(_xlpm.anio, _xlpm.mesNum, _xlpm.dia)) ), "")} -> 36793 | AW12: =IF(OR(AT12="",AU12=""),"NA",IFERROR(AT12-AU12,"NA")) -> 4.3
A13: 23155030 | B13: Aeropuerto Yariguies | C13: Grupo Observación y Monitoreo | D13: -73.809 | E13: 7.026 | F13: 126 | G13: 68 | H13: 68081 | I13: Santander | J13: Barrancabermeja | K13: 24.2 | L13: 24.2 | M13: 24.4 | N13: 25.2 | O13: 24.2 | P13: 26 | AP13: =COUNTIF(K13:AO13,">0") -> 6 | AQ13: =IF(AP13>14,AVERAGE(K13:AO13),"") | AR13: =IFERROR(VLOOKUP(A13,Climatologia!A:U,9+$E$2,FALSE),"") -> 23.052718 | AS13: =IF(OR(AQ13="",AR13=""),"",IFERROR(AQ13-AR13,"")) | AT13: =IF(COUNT(K13:AO13)=0,"",MIN(K13:AO13)) -> 24.2 | AU13: {=IFERROR( _xlfn.LET( _xlpm.mesTxt, INDEX({"ENERO","FEBRERO","MARZO","ABRIL","MAYO","JUNIO","JULIO","AGOSTO","SEPTIEMBRE","OCTUBRE","NOVIEMBRE","DICIEMBRE"}, E$2), _xlpm.colIni, MATCH(_xlpm.mesTxt, Minimos!$1:$1, 0), _xlpm.fila, MATCH($A13, Minimos!$A:$A, 0), _xlpm.val, INDEX(Minimos!$A:$ZZ, _xlpm.fila, _xlpm.colIni), IF(_xlpm.val="", "", _xlpm.val) ), "")} -> 20 | AV13: {=IFERROR( _xlfn.LET( _xlpm.mesNum, E$2, _xlpm.mesTxt, INDEX({"ENERO","FEBRERO","MARZO","ABRIL","MAYO","JUNIO","JULIO","AGOSTO","SEPTIEMBRE","OCTUBRE","NOVIEMBRE","DICIEMBRE"}, _xlpm.mesNum), _xlpm.colIni, MATCH(_xlpm.mesTxt, Minimos!$1:$1, 0), _xlpm.fila, MATCH($A13, Minimos!$A:$A, 0), _xlpm.anio, INDEX(Minimos!$A:$ZZ, _xlpm.fila, _xlpm.colIni+1), _xlpm.dia, INDEX(Minimos!$A:$ZZ, _xlpm.fila, _xlpm.colIni+2), IF(OR(_xlpm.anio="",_xlpm.dia=""), "", DATE(_xlpm.anio, _xlpm.mesNum, _xlpm.dia)) ), "")} -> 34597 | AW13: =IF(OR(AT13="",AU13=""),"NA",IFERROR(AT13-AU13,"NA")) -> 4.2
A14: 23195502 | B14: Aeropuerto Palonegro | C14: Grupo Observación y Monitoreo | D14: -73.185 | E14: 7.121 | F14: 1189 | G14: 68 | H14: 68406 | I14: Santander | J14: Lebrija | K14: 19.8 | L14: 18.8 | M14: 20.6 | N14: 19.4 | O14: 19.9 | P14: 20 | AP14: =COUNTIF(K14:AO14,">0") -> 6 | AQ14: =IF(AP14>14,AVERAGE(K14:AO14),"") | AR14: =IFERROR(VLOOKUP(A14,Climatologia!A:U,9+$E$2,FALSE),"") -> 18.37507 | AS14: =IF(OR(AQ14="",AR14=""),"",IFERROR(AQ14-AR14,"")) | AT14: =IF(COUNT(K14:AO14)=0,"",MIN(K14:AO14)) -> 18.8 | AU14: {=IFERROR( _xlfn.LET( _xlpm.mesTxt, INDEX({"ENERO","FEBRERO","MARZO","ABRIL","MAYO","JUNIO","JULIO","AGOSTO","SEPTIEMBRE","OCTUBRE","NOVIEMBRE","DICIEMBRE"}, E$2), _xlpm.colIni, MATCH(_xlpm.mesTxt, Minimos!$1:$1, 0), _xlpm.fila, MATCH($A14, Minimos!$A:$A, 0), _xlpm.val, INDEX(Minimos!$A:$ZZ, _xlpm.fila, _xlpm.colIni), IF(_xlpm.val="", "", _xlpm.val) ), "")} -> 15.6 | AV14: {=IFERROR( _xlfn.LET( _xlpm.mesNum, E$2, _xlpm.mesTxt, INDEX({"ENERO","FEBRERO","MARZO","ABRIL","MAYO","JUNIO","JULIO","AGOSTO","SEPTIEMBRE","OCTUBRE","NOVIEMBRE","DICIEMBRE"}, _xlpm.mesNum), _xlpm.colIni, MATCH(_xlpm.mesTxt, Minimos!$1:$1, 0), _xlpm.fila, MATCH($A14, Minimos!$A:$A, 0), _xlpm.anio, INDEX(Minimos!$A:$ZZ, _xlpm.fila, _xlpm.colIni+1), _xlpm.dia, INDEX(Minimos!$A:$ZZ, _xlpm.fila, _xlpm.colIni+2), IF(OR(_xlpm.anio="",_xlpm.dia=""), "", DATE(_xlpm.anio, _xlpm.mesNum, _xlpm.dia)) ), "")} -> 30940 | AW14: =IF(OR(AT14="",AU14=""),"NA",IFERROR(AT14-AU14,"NA")) -> 3.2
A15: 16015010 | B15: Aeropuerto Camilo Daza | C15: Grupo Observación y Monitoreo | D15: -72.509 | E15: 7.93 | F15: 250 | G15: 54 | H15: 54001 | I15: Norte de Santander | J15: Cúcuta | K15: 24.4 | L15: 25 | M15: 23.8 | N15: 24.4 | O15: 25.7 | P15: 27.8 | AP15: =COUNTIF(K15:AO15,">0") -> 6 | AQ15: =IF(AP15>14,AVERAGE(K15:AO15),"") | AR15: =IFERROR(VLOOKUP(A15,Climatologia!A:U,9+$E$2,FALSE),"") -> 23.532452 | AS15: =IF(OR(AQ15="",AR15=""),"",IFERROR(AQ15-AR15,"")) | AT15: =IF(COUNT(K15:AO15)=0,"",MIN(K15:AO15)) -> 23.8 | AU15: {=IFERROR( _xlfn.LET( _xlpm.mesTxt, INDEX({"ENERO","FEBRERO","MARZO","ABRIL","MAYO","JUNIO","JULIO","AGOSTO","SEPTIEMBRE","OCTUBRE","NOVIEMBRE","DICIEMBRE"}, E$2), _xlpm.colIni, MATCH(_xlpm.mesTxt, Minimos!$1:$1, 0), _xlpm.fila, MATCH($A15, Minimos!$A:$A, 0), _xlpm.val, INDEX(Minimos!$A:$ZZ, _xlpm.fila, _xlpm.colIni), IF(_xlpm.val="", "", _xlpm.val) ), "")} -> 18.6 | AV15: {=IFERROR( _xlfn.LET( _xlpm.mesNum, E$2, _xlpm.mesTxt, INDEX({"ENERO","FEBRERO","MARZO","ABRIL","MAYO","JUNIO","JULIO","AGOSTO","SEPTIEMBRE","OCTUBRE","NOVIEMBRE","DICIEMBRE"}, _xlpm.mesNum), _xlpm.colIni, MATCH(_xlpm.mesTxt, Minimos!$1:$1, 0), _xlpm.fila, MATCH($A15, Minimos!$A:$A, 0), _xlpm.anio, INDEX(Minimos!$A:$ZZ, _xlpm.fila, _xlpm.colIni+1), _xlpm.dia, INDEX(Minimos!$A:$ZZ, _xlpm.fila, _xlpm.colIni+2), IF(OR(_xlpm.anio="",_xlpm.dia=""), "", DATE(_xlpm.anio, _xlpm.mesNum, _xlpm.dia)) ), "")} -> 31681 | AW15: =IF(OR(AT15="",AU15=""),"NA",IFERROR(AT15-AU15,"NA")) -> 5.2
A16: 12015070 | B16: Aeropuerto Los Cedros | C16: Grupo Observación y Monitoreo | D16: -76.718 | E16: 7.816 | F16: 41 | G16: 5 | H16: 5147 | I16: Antioquia | J16: Carepa | K16: 23.1 | L16: 25 | M16: 25.5 | N16: 24.4 | O16: 26.2 | P16: 24.7 | AP16: =COUNTIF(K16:AO16,">0") -> 6 | AQ16: =IF(AP16>14,AVERAGE(K16:AO16),"") | AR16: =IFERROR(VLOOKUP(A16,Climatologia!A:U,9+$E$2,FALSE),"") -> 23.201043 | AS16: =IF(OR(AQ16="",AR16=""),"",IFERROR(AQ16-AR16,"")) | AT16: =IF(COUNT(K16:AO16)=0,"",MIN(K16:AO16)) -> 23.1 | AU16: {=IFERROR( _xlfn.LET( _xlpm.mesTxt, INDEX({"ENERO","FEBRERO","MARZO","ABRIL","MAYO","JUNIO","JULIO","AGOSTO","SEPTIEMBRE","OCTUBRE","NOVIEMBRE","DICIEMBRE"}, E$2), _xlpm.colIni, MATCH(_xlpm.mesTxt, Minimos!$1:$1, 0), _xlpm.fila, MATCH($A16, Minimos!$A:$A, 0), _xlpm.val, INDEX(Minimos!$A:$ZZ, _xlpm.fila, _xlpm.colIni), IF(_xlpm.val="", "", _xlpm.val) ), "")} -> 19 | AV16: {=IFERROR( _xlfn.LET( _xlpm.mesNum, E$2, _xlpm.mesTxt, INDEX({"ENERO","FEBRERO","MARZO","ABRIL","MAYO","JUNIO","JULIO","AGOSTO","SEPTIEMBRE","OCTUBRE","NOVIEMBRE","DICIEMBRE"}, _xlpm.mesNum), _xlpm.colIni, MATCH(_xlpm.mesTxt, Minimos!$1:$1, 0), _xlpm.fila, MATCH($A16, Minimos!$A:$A, 0), _xlpm.anio, INDEX(Minimos!$A:$ZZ, _xlpm.fila, _xlpm.colIni+1), _xlpm.dia, INDEX(Minimos!$A:$ZZ, _xlpm.fila, _xlpm.colIni+2), IF(OR(_xlpm.anio="",_xlpm.dia=""), "", DATE(_xlpm.anio, _xlpm.mesNum, _xlpm.dia)) ), "")} -> 34968 | AW16: =IF(OR(AT16="",AU16=""),"NA",IFERROR(AT16-AU16,"NA")) -> 4.1
... A32: 11075020 | B32: Urrao | C32: Area Operativa 01 - Antioquia-Chocó | D32: -76.143306 | E32: 6.2983056 | F32: 1833 | G32: 5 | H32: 5847 | I32: Antioquia | J32: Urrao | K32: 14.8 | L32: 15.2 | M32: 14.8 | N32: 15 | O32: 14.2 | P32: 13.8 | AP32: =COUNTIF(K32:AO32,">0") -> 6 | AQ32: =IF(AP32>14,AVERAGE(K32:AO32),"") | AR32: =IFERROR(VLOOKUP(A32,Climatologia!A:U,9+$E$2,FALSE),"") -> 13.518105 | AS32: =IF(OR(AQ32="",AR32=""),"",IFERROR(AQ32-AR32,"")) | AT32: =IF(COUNT(K32:AO32)=0,"",MIN(K32:AO32)) -> 13.8 | AU32: {=IFERROR( _xlfn.LET( _xlpm.mesTxt, INDEX({"ENERO","FEBRERO","MARZO","ABRIL","MAYO","JUNIO","JULIO","AGOSTO","SEPTIEMBRE","OCTUBRE","NOVIEMBRE","DICIEMBRE"}, E$2), _xlpm.colIni, MATCH(_xlpm.mesTxt, Minimos!$1:$1, 0), _xlpm.fila, MATCH($A32, Minimos!$A:$A, 0), _xlpm.val, INDEX(Minimos!$A:$ZZ, _xlpm.fila, _xlpm.colIni), IF(_xlpm.val="", "", _xlpm.val) ), "")} -> 8.8 | AV32: {=IFERROR( _xlfn.LET( _xlpm.mesNum, E$2, _xlpm.mesTxt, INDEX({"ENERO","FEBRERO","MARZO","ABRIL","MAYO","JUNIO","JULIO","AGOSTO","SEPTIEMBRE","OCTUBRE","NOVIEMBRE","DICIEMBRE"}, _xlpm.mesNum), _xlpm.colIni, MATCH(_xlpm.mesTxt, Minimos!$1:$1, 0), _xlpm.fila, MATCH($A32, Minimos!$A:$A, 0), _xlpm.anio, INDEX(Minimos!$A:$ZZ, _xlpm.fila, _xlpm.colIni+1), _xlpm.dia, INDEX(Minimos!$A:$ZZ, _xlpm.fila, _xlpm.colIni+2), IF(OR(_xlpm.anio="",_xlpm.dia=""), "", DATE(_xlpm.anio, _xlpm.mesNum, _xlpm.dia)) ), "")} -> 36067 | AW32: =IF(OR(AT32="",AU32=""),"NA",IFERROR(AT32-AU32,"NA")) -> 5
A33: 12015020 | B33: Uniban | C33: Area Operativa 01 - Antioquia-Chocó | D33: -76.651333 | E33: 7.8259167 | F33: 43 | G33: 5 | H33: 5045 | I33: Antioquia | J33: Apartadó | AP33: =COUNTIF(K33:AO33,">0") -> 0 | AQ33: =IF(AP33>14,AVERAGE(K33:AO33),"") | AR33: =IFERROR(VLOOKUP(A33,Climatologia!A:U,9+$E$2,FALSE),"") -> 23.367964 | AS33: =IF(OR(AQ33="",AR33=""),"",IFERROR(AQ33-AR33,"")) | AT33: =IF(COUNT(K33:AO33)=0,"",MIN(K33:AO33)) | AU33: {=IFERROR( _xlfn.LET( _xlpm.mesTxt, INDEX({"ENERO","FEBRERO","MARZO","ABRIL","MAYO","JUNIO","JULIO","AGOSTO","SEPTIEMBRE","OCTUBRE","NOVIEMBRE","DICIEMBRE"}, E$2), _xlpm.colIni, MATCH(_xlpm.mesTxt, Minimos!$1:$1, 0), _xlpm.fila, MATCH($A33, Minimos!$A:$A, 0), _xlpm.val, INDEX(Minimos!$A:$ZZ, _xlpm.fila, _xlpm.colIni), IF(_xlpm.val="", "", _xlpm.val) ), "")} -> 19 | AV33: {=IFERROR( _xlfn.LET( _xlpm.mesNum, E$2, _xlpm.mesTxt, INDEX({"ENERO","FEBRERO","MARZO","ABRIL","MAYO","JUNIO","JULIO","AGOSTO","SEPTIEMBRE","OCTUBRE","NOVIEMBRE","DICIEMBRE"}, _xlpm.mesNum), _xlpm.colIni, MATCH(_xlpm.mesTxt, Minimos!$1:$1, 0), _xlpm.fila, MATCH($A33, Minimos!$A:$A, 0), _xlpm.anio, INDEX(Minimos!$A:$ZZ, _xlpm.fila, _xlpm.colIni+1), _xlpm.dia, INDEX(Minimos!$A:$ZZ, _xlpm.fila, _xlpm.colIni+2), IF(OR(_xlpm.anio="",_xlpm.dia=""), "", DATE(_xlpm.anio, _xlpm.mesNum, _xlpm.dia)) ), "")} -> 29482 | AW33: =IF(OR(AT33="",AU33=""),"NA",IFERROR(AT33-AU33,"NA")) -> NA
A34: 23085030 | B34: Alejandria | C34: Area Operativa 01 - Antioquia-Chocó | D34: -75.143389 | E34: 6.37625 | F34: 1712 | G34: 5 | H34: 5021 | I34: Antioquia | J34: Alejandría | K34: 16.8 | L34: 15.8 | M34: 16.8 | N34: 16.6 | O34: 16.8 | P34: 15 | AP34: =COUNTIF(K34:AO34,">0") -> 6 | AQ34: =IF(AP34>14,AVERAGE(K34:AO34),"") | AR34: =IFERROR(VLOOKUP(A34,Climatologia!A:U,9+$E$2,FALSE),"") -> 15.029762 | AS34: =IF(OR(AQ34="",AR34=""),"",IFERROR(AQ34-AR34,"")) | AT34: =IF(COUNT(K34:AO34)=0,"",MIN(K34:AO34)) -> 15 | AU34: {=IFERROR( _xlfn.LET( _xlpm.mesTxt, INDEX({"ENERO","FEBRERO","MARZO","ABRIL","MAYO","JUNIO","JULIO","AGOSTO","SEPTIEMBRE","OCTUBRE","NOVIEMBRE","DICIEMBRE"}, E$2), _xlpm.colIni, MATCH(_xlpm.mesTxt, Minimos!$1:$1, 0), _xlpm.fila, MATCH($A34, Minimos!$A:$A, 0), _xlpm.val, INDEX(Minimos!$A:$ZZ, _xlpm.fila, _xlpm.colIni), IF(_xlpm.val="", "", _xlpm.val) ), "")} -> 10 | AV34: {=IFERROR( _xlfn.LET( _xlpm.mesNum, E$2, _xlpm.mesTxt, INDEX({"ENERO","FEBRERO","MARZO","ABRIL","MAYO","JUNIO","JULIO","AGOSTO","SEPTIEMBRE","OCTUBRE","NOVIEMBRE","DICIEMBRE"}, _xlpm.mesNum), _xlpm.colIni, MATCH(_xlpm.mesTxt, Minimos!$1:$1, 0), _xlpm.fila, MATCH($A34, Minimos!$A:$A, 0), _xlpm.anio, INDEX(Minimos!$A:$ZZ, _xlpm.fila, _xlpm.colIni+1), _xlpm.dia, INDEX(Minimos!$A:$ZZ, _xlpm.fila, _xlpm.colIni+2), IF(OR(_xlpm.anio="",_xlpm.dia=""), "", DATE(_xlpm.anio, _xlpm.mesNum, _xlpm.dia)) ), "")} -> 37888 | AW34: =IF(OR(AT34="",AU34=""),"NA",IFERROR(AT34-AU34,"NA")) -> 5
A35: 23085110 | B35: El Penol | C35: Area Operativa 01 - Antioquia-Chocó | D35: -75.241389 | E35: 6.2138889 | F35: 2022 | G35: 5 | H35: 5541 | I35: Antioquia | J35: Peñol | K35: 14.4 | L35: 14.8 | M35: 15.2 | N35: 15.6 | O35: 15.4 | P35: 15.2 | AP35: =COUNTIF(K35:AO35,">0") -> 6 | AQ35: =IF(AP35>14,AVERAGE(K35:AO35),"") | AR35: =IFERROR(VLOOKUP(A35,Climatologia!A:U,9+$E$2,FALSE),"") -> 13.051071 | AS35: =IF(OR(AQ35="",AR35=""),"",IFERROR(AQ35-AR35,"")) | AT35: =IF(COUNT(K35:AO35)=0,"",MIN(K35:AO35)) -> 14.4 | AU35: {=IFERROR( _xlfn.LET( _xlpm.mesTxt, INDEX({"ENERO","FEBRERO","MARZO","ABRIL","MAYO","JUNIO","JULIO","AGOSTO","SEPTIEMBRE","OCTUBRE","NOVIEMBRE","DICIEMBRE"}, E$2), _xlpm.colIni, MATCH(_xlpm.mesTxt, Minimos!$1:$1, 0), _xlpm.fila, MATCH($A35, Minimos!$A:$A, 0), _xlpm.val, INDEX(Minimos!$A:$ZZ, _xlpm.fila, _xlpm.colIni), IF(_xlpm.val="", "", _xlpm.val) ), "")} -> 8.6 | AV35: {=IFERROR( _xlfn.LET( _xlpm.mesNum, E$2, _xlpm.mesTxt, INDEX({"ENERO","FEBRERO","MARZO","ABRIL","MAYO","JUNIO","JULIO","AGOSTO","SEPTIEMBRE","OCTUBRE","NOVIEMBRE","DICIEMBRE"}, _xlpm.mesNum), _xlpm.colIni, MATCH(_xlpm.mesTxt, Minimos!$1:$1, 0), _xlpm.fila, MATCH($A35, Minimos!$A:$A, 0), _xlpm.anio, INDEX(Minimos!$A:$ZZ, _xlpm.fila, _xlpm.colIni+1), _xlpm.dia, INDEX(Minimos!$A:$ZZ, _xlpm.fila, _xlpm.colIni+2), IF(OR(_xlpm.anio="",_xlpm.dia=""), "", DATE(_xlpm.anio, _xlpm.mesNum, _xlpm.dia)) ), "")} -> 36797 | AW35: =IF(OR(AT35="",AU35=""),"NA",IFERROR(AT35-AU35,"NA")) -> 5.8
A36: 26175040 | B36: Hacienda Tunez | C36: Area Operativa 01 - Antioquia-Chocó | D36: -75.650972 | E36: 5.80025 | F36: 604 | G36: 5 | H36: 5282 | I36: Antioquia | J36: Fredonia | K36: 20.2 | L36: 20.4 | M36: 17 | N36: 19.4 | O36: 18.4 | P36: 17.4 | AP36: =COUNTIF(K36:AO36,">0") -> 6 | AQ36: =IF(AP36>14,AVERAGE(K36:AO36),"") | AR36: =IFERROR(VLOOKUP(A36,Climatologia!A:U,9+$E$2,FALSE),"") -> 19.576901 | AS36: =IF(OR(AQ36="",AR36=""),"",IFERROR(AQ36-AR36,"")) | AT36: =IF(COUNT(K36:AO36)=0,"",MIN(K36:AO36)) -> 17 | AU36: {=IFERROR( _xlfn.LET( _xlpm.mesTxt, INDEX({"ENERO","FEBRERO","MARZO","ABRIL","MAYO","JUNIO","JULIO","AGOSTO","SEPTIEMBRE","OCTUBRE","NOVIEMBRE","DICIEMBRE"}, E$2), _xlpm.colIni, MATCH(_xlpm.mesTxt, Minimos!$1:$1, 0), _xlpm.fila, MATCH($A36, Minimos!$A:$A, 0), _xlpm.val, INDEX(Minimos!$A:$ZZ, _xlpm.fila, _xlpm.colIni), IF(_xlpm.val="", "", _xlpm.val) ), "")} -> 16 | AV36: {=IFERROR( _xlfn.LET( _xlpm.mesNum, E$2, _xlpm.mesTxt, INDEX({"ENERO","FEBRERO","MARZO","ABRIL","MAYO","JUNIO","JULIO","AGOSTO","SEPTIEMBRE","OCTUBRE","NOVIEMBRE","DICIEMBRE"}, _xlpm.mesNum), _xlpm.colIni, MATCH(_xlpm.mesTxt, Minimos!$1:$1, 0), _xlpm.fila, MATCH($A36, Minimos!$A:$A, 0), _xlpm.anio, INDEX(Minimos!$A:$ZZ, _xlpm.fila, _xlpm.colIni+1), _xlpm.dia, INDEX(Minimos!$A:$ZZ, _xlpm.fila, _xlpm.colIni+2), IF(OR(_xlpm.anio="",_xlpm.dia=""), "", DATE(_xlpm.anio, _xlpm.mesNum, _xlpm.dia)) ), "")} -> 40081 | AW36: =IF(OR(AT36="",AU36=""),"NA",IFERROR(AT36-AU36,"NA")) -> 1
A37: 26185020 | B37: Mesopotamia | C37: Area Operativa 01 - Antioquia-Chocó | D37: -75.318639 | E37: 5.8863611 | F37: 2408 | G37: 5 | H37: 5400 | I37: Antioquia | J37: La Unión | K37: 8.8 | L37: 9 | M37: 8.4 | N37: 9.8 | O37: 10.6 | P37: 10.2 | AP37: =COUNTIF(K37:AO37,">0") -> 6 | AQ37: =IF(AP37>14,AVERAGE(K37:AO37),"") | AR37: =IFERROR(VLOOKUP(A37,Climatologia!A:U,9+$E$2,FALSE),"") -> 9.863147 | AS37: =IF(OR(AQ37="",AR37=""),"",IFERROR(AQ37-AR37,"")) | AT37: =IF(COUNT(K37:AO37)=0,"",MIN(K37:AO37)) -> 8.4 | AU37: {=IFERROR( _xlfn.LET( _xlpm.mesTxt, INDEX({"ENERO","FEBRERO","MARZO","ABRIL","MAYO","JUNIO","JULIO","AGOSTO","SEPTIEMBRE","OCTUBRE","NOVIEMBRE","DICIEMBRE"}, E$2), _xlpm.colIni, MATCH(_xlpm.mesTxt, Minimos!$1:$1, 0), _xlpm.fila, MATCH($A37, Minimos!$A:$A, 0), _xlpm.val, INDEX(Minimos!$A:$ZZ, _xlpm.fila, _xlpm.colIni), IF(_xlpm.val="", "", _xlpm.val) ), "")} | AV37: {=IFERROR( _xlfn.LET( _xlpm.mesNum, E$2, _xlpm.mesTxt, INDEX({"ENERO","FEBRERO","MARZO","ABRIL","MAYO","JUNIO","JULIO","AGOSTO","SEPTIEMBRE","OCTUBRE","NOVIEMBRE","DICIEMBRE"}, _xlpm.mesNum), _xlpm.colIni, MATCH(_xlpm.mesTxt, Minimos!$1:$1, 0), _xlpm.fila, MATCH($A37, Minimos!$A:$A, 0), _xlpm.anio, INDEX(Minimos!$A:$ZZ, _xlpm.fila, _xlpm.colIni+1), _xlpm.dia, INDEX(Minimos!$A:$ZZ, _xlpm.fila, _xlpm.colIni+2), IF(OR(_xlpm.anio="",_xlpm.dia=""), "", DATE(_xlpm.anio, _xlpm.mesNum, _xlpm.dia)) ), "")} | AW37: =IF(OR(AT37="",AU37=""),"NA",IFERROR(AT37-AU37,"NA")) -> NA
A38: 26205080 | B38: La Aldea | C38: Area Operativa 01 - Antioquia-Chocó | D38: -75.700944 | E38: 6.3410556 | F38: 1737 | G38: 5 | H38: 5001 | I38: Antioquia | J38: Medellín | K38: 16 | L38: 16.4 | M38: 17 | N38: 16.6 | O38: 17.4 | P38: 17.8 | AP38: =COUNTIF(K38:AO38,">0") -> 6 | AQ38: =IF(AP38>14,AVERAGE(K38:AO38),"") | AR38: =IFERROR(VLOOKUP(A38,Climatologia!A:U,9+$E$2,FALSE),"") | AS38: =IF(OR(AQ38="",AR38=""),"",IFERROR(AQ38-AR38,"")) | AT38: =IF(COUNT(K38:AO38)=0,"",MIN(K38:AO38)) -> 16 | AU38: {=IFERROR( _xlfn.LET( _xlpm.mesTxt, INDEX({"ENERO","FEBRERO","MARZO","ABRIL","MAYO","JUNIO","JULIO","AGOSTO","SEPTIEMBRE","OCTUBRE","NOVIEMBRE","DICIEMBRE"}, E$2), _xlpm.colIni, MATCH(_xlpm.mesTxt, Minimos!$1:$1, 0), _xlpm.fila, MATCH($A38, Minimos!$A:$A, 0), _xlpm.val, INDEX(Minimos!$A:$ZZ, _xlpm.fila, _xlpm.colIni), IF(_xlpm.val="", "", _xlpm.val) ), "")} -> 14 | AV38: {=IFERROR( _xlfn.LET( _xlpm.mesNum, E$2, _xlpm.mesTxt, INDEX({"ENERO","FEBRERO","MARZO","ABRIL","MAYO","JUNIO","JULIO","AGOSTO","SEPTIEMBRE","OCTUBRE","NOVIEMBRE","DICIEMBRE"}, _xlpm.mesNum), _xlpm.colIni, MATCH(_xlpm.mesTxt, Minimos!$1:$1, 0), _xlpm.fila, MATCH($A38, Minimos!$A:$A, 0), _xlpm.anio, INDEX(Minimos!$A:$ZZ, _xlpm.fila, _xlpm.colIni+1), _xlpm.dia, INDEX(Minimos!$A:$ZZ, _xlpm.fila, _xlpm.colIni+2), IF(OR(_xlpm.anio="",_xlpm.dia=""), "", DATE(_xlpm.anio, _xlpm.mesNum, _xlpm.dia)) ), "")} -> 44444 | AW38: =IF(OR(AT38="",AU38=""),"NA",IFERROR(AT38-AU38,"NA")) -> 2
A39: 27015090 | B39: Tulio Ospina | C39: Area Operativa 01 - Antioquia-Chocó | D39: -75.55325 | E39: 6.3196944 | F39: 1453 | G39: 5 | H39: 5088 | I39: Antioquia | J39: Bello | K39: 18.2 | L39: 18.8 | M39: 20 | N39: 20 | O39: 19.6 | P39: 19.2 | AP39: =COUNTIF(K39:AO39,">0") -> 6 | AQ39: =IF(AP39>14,AVERAGE(K39:AO39),"") | AR39: =IFERROR(VLOOKUP(A39,Climatologia!A:U,9+$E$2,FALSE),"") -> 17.370087 | AS39: =IF(OR(AQ39="",AR39=""),"",IFERROR(AQ39-AR39,"")) | AT39: =IF(COUNT(K39:AO39)=0,"",MIN(K39:AO39)) -> 18.2 | AU39: {=IFERROR( _xlfn.LET( _xlpm.mesTxt, INDEX({"ENERO","FEBRERO","MARZO","ABRIL","MAYO","JUNIO","JULIO","AGOSTO","SEPTIEMBRE","OCTUBRE","NOVIEMBRE","DICIEMBRE"}, E$2), _xlpm.colIni, MATCH(_xlpm.mesTxt, Minimos!$1:$1, 0), _xlpm.fila, MATCH($A39, Minimos!$A:$A, 0), _xlpm.val, INDEX(Minimos!$A:$ZZ, _xlpm.fila, _xlpm.colIni), IF(_xlpm.val="", "", _xlpm.val) ), "")} -> 13 | AV39: {=IFERROR( _xlfn.LET( _xlpm.mesNum, E$2, _xlpm.mesTxt, INDEX({"ENERO","FEBRERO","MARZO","ABRIL","MAYO","JUNIO","JULIO","AGOSTO","SEPTIEMBRE","OCTUBRE","NOVIEMBRE","DICIEMBRE"}, _xlpm.mesNum), _xlpm.colIni, MATCH(_xlpm.mesTxt, Minimos!$1:$1, 0), _xlpm.fila, MATCH($A39, Minimos!$A:$A, 0), _xlpm.anio, INDEX(Minimos!$A:$ZZ, _xlpm.fila, _xlpm.colIni+1), _xlpm.dia, INDEX(Minimos!$A:$ZZ, _xlpm.fila, _xlpm.colIni+2), IF(OR(_xlpm.anio="",_xlpm.dia=""), "", DATE(_xlpm.anio, _xlpm.mesNum, _xlpm.dia)) ), "")} -> 33494 | AW39: =IF(OR(AT39="",AU39=""),"NA",IFERROR(AT39-AU39,"NA")) -> 5.2
A40: 27015260 | B40: La Salada | C40: Area Operativa 01 - Antioquia-Chocó | D40: -75.624667 | E40: 6.0483611 | F40: 1923 | G40: 5 | H40: 5129 | I40: Antioquia | J40: Caldas | K40: 14.6 | L40: 15.2 | M40: 14.8 | N40: 15 | O40: 14.2 | AP40: =COUNTIF(K40:AO40,">0") -> 5 | AQ40: =IF(AP40>14,AVERAGE(K40:AO40),"") | AR40: =IFERROR(VLOOKUP(A40,Climatologia!A:U,9+$E$2,FALSE),"") -> 13.010984 | AS40: =IF(OR(AQ40="",AR40=""),"",IFERROR(AQ40-AR40,"")) | AT40: =IF(COUNT(K40:AO40)=0,"",MIN(K40:AO40)) -> 14.2 | AU40: {=IFERROR( _xlfn.LET( _xlpm.mesTxt, INDEX({"ENERO","FEBRERO","MARZO","ABRIL","MAYO","JUNIO","JULIO","AGOSTO","SEPTIEMBRE","OCTUBRE","NOVIEMBRE","DICIEMBRE"}, E$2), _xlpm.colIni, MATCH(_xlpm.mesTxt, Minimos!$1:$1, 0), _xlpm.fila, MATCH($A40, Minimos!$A:$A, 0), _xlpm.val, INDEX(Minimos!$A:$ZZ, _xlpm.fila, _xlpm.colIni), IF(_xlpm.val="", "", _xlpm.val) ), "")} -> 9.2 | AV40: {=IFERROR( _xlfn.LET( _xlpm.mesNum, E$2, _xlpm.mesTxt, INDEX({"ENERO","FEBRERO","MARZO","ABRIL","MAYO","JUNIO","JULIO","AGOSTO","SEPTIEMBRE","OCTUBRE","NOVIEMBRE","DICIEMBRE"}, _xlpm.mesNum), _xlpm.colIni, MATCH(_xlpm.mesTxt, Minimos!$1:$1, 0), _xlpm.fila, MATCH($A40, Minimos!$A:$A, 0), _xlpm.anio, INDEX(Minimos!$A:$ZZ, _xlpm.fila, _xlpm.colIni+1), _xlpm.dia, INDEX(Minimos!$A:$ZZ, _xlpm.fila, _xlpm.colIni+2), IF(OR(_xlpm.anio="",_xlpm.dia=""), "", DATE(_xlpm.anio, _xlpm.mesNum, _xlpm.dia)) ), "")} -> 37508 | AW40: =IF(OR(AT40="",AU40=""),"NA",IFERROR(AT40-AU40,"NA")) -> 5
A41: 12045010 | B41: Arboletes | C41: Area Operativa 02 - Atlántico-Bolivar-Sucre | D41: -76.431944 | E41: 8.8469444 | F41: 4 | G41: 5 | H41: 5051 | I41: Antioquia | J41: Arboletes | K41: 22.6 | L41: 25.4 | M41: 25.2 | N41: 26 | O41: 26.8 | P41: 25 | AP41: =COUNTIF(K41:AO41,">0") -> 6 | AQ41: =IF(AP41>14,AVERAGE(K41:AO41),"") | AR41: =IFERROR(VLOOKUP(A41,Climatologia!A:U,9+$E$2,FALSE),"") | AS41: =IF(OR(AQ41="",AR41=""),"",IFERROR(AQ41-AR41,"")) | AT41: =IF(COUNT(K41:AO41)=0,"",MIN(K41:AO41)) -> 22.6 | AU41: {=IFERROR( _xlfn.LET( _xlpm.mesTxt, INDEX({"ENERO","FEBRERO","MARZO","ABRIL","MAYO","JUNIO","JULIO","AGOSTO","SEPTIEMBRE","OCTUBRE","NOVIEMBRE","DICIEMBRE"}, E$2), _xlpm.colIni, MATCH(_xlpm.mesTxt, Minimos!$1:$1, 0), _xlpm.fila, MATCH($A41, Minimos!$A:$A, 0), _xlpm.val, INDEX(Minimos!$A:$ZZ, _xlpm.fila, _xlpm.colIni), IF(_xlpm.val="", "", _xlpm.val) ), "")} -> 17.6 | AV41: {=IFERROR( _xlfn.LET( _xlpm.mesNum, E$2, _xlpm.mesTxt, INDEX({"ENERO","FEBRERO","MARZO","ABRIL","MAYO","JUNIO","JULIO","AGOSTO","SEPTIEMBRE","OCTUBRE","NOVIEMBRE","DICIEMBRE"}, _xlpm.mesNum), _xlpm.colIni, MATCH(_xlpm.mesTxt, Minimos!$1:$1, 0), _xlpm.fila, MATCH($A41, Minimos!$A:$A, 0), _xlpm.anio, INDEX(Minimos!$A:$ZZ, _xlpm.fila, _xlpm.colIni+1), _xlpm.dia, INDEX(Minimos!$A:$ZZ, _xlpm.fila, _xlpm.colIni+2), IF(OR(_xlpm.anio="",_xlpm.dia=""), "", DATE(_xlpm.anio, _xlpm.mesNum, _xlpm.dia)) ), "")} -> 37523 | AW41: =IF(OR(AT41="",AU41=""),"NA",IFERROR(AT41-AU41,"NA")) -> 5
A42: 12045020 | B42: Cristo Rey - Aut | C42: Area Operativa 02 - Atlántico-Bolivar-Sucre | D42: -76.224444 | E42: 9.0711111 | F42: 15 | G42: 23 | H42: 23574 | I42: Córdoba | J42: Puerto Escondido | K42: 25 | L42: 26.2 | M42: 24.6 | N42: 26.2 | O42: 27 | P42: 27.2 | AP42: =COUNTIF(K42:AO42,">0") -> 6 | AQ42: =IF(AP42>14,AVERAGE(K42:AO42),"") | AR42: =IFERROR(VLOOKUP(A42,Climatologia!A:U,9+$E$2,FALSE),"") -> 24.102811 | AS42: =IF(OR(AQ42="",AR42=""),"",IFERROR(AQ42-AR42,"")) | AT42: =IF(COUNT(K42:AO42)=0,"",MIN(K42:AO42)) -> 24.6 | AU42: {=IFERROR( _xlfn.LET( _xlpm.mesTxt, INDEX({"ENERO","FEBRERO","MARZO","ABRIL","MAYO","JUNIO","JULIO","AGOSTO","SEPTIEMBRE","OCTUBRE","NOVIEMBRE","DICIEMBRE"}, E$2), _xlpm.colIni, MATCH(_xlpm.mesTxt, Minimos!$1:$1, 0), _xlpm.fila, MATCH($A42, Minimos!$A:$A, 0), _xlpm.val, INDEX(Minimos!$A:$ZZ, _xlpm.fila, _xlpm.colIni), IF(_xlpm.val="", "", _xlpm.val) ), "")} | AV42: {=IFERROR( _xlfn.LET( _xlpm.mesNum, E$2, _xlpm.mesTxt, INDEX({"ENERO","FEBRERO","MARZO","ABRIL","MAYO","JUNIO","JULIO","AGOSTO","SEPTIEMBRE","OCTUBRE","NOVIEMBRE","DICIEMBRE"}, _xlpm.mesNum), _xlpm.colIni, MATCH(_xlpm.mesTxt, Minimos!$1:$1, 0), _xlpm.fila, MATCH($A42, Minimos!$A:$A, 0), _xlpm.anio, INDEX(Minimos!$A:$ZZ, _xlpm.fila, _xlpm.colIni+1), _xlpm.dia, INDEX(Minimos!$A:$ZZ, _xlpm.fila, _xlpm.colIni+2), IF(OR(_xlpm.anio="",_xlpm.dia=""), "", DATE(_xlpm.anio, _xlpm.mesNum, _xlpm.dia)) ), "")} | AW42: =IF(OR(AT42="",AU42=""),"NA",IFERROR(AT42-AU42,"NA")) -> NA
A43: 13015040 | B43: Represa Urra | C43: Area Operativa 02 - Atlántico-Bolivar-Sucre | D43: -76.203056 | E43: 8.0141667 | F43: 300 | G43: 23 | H43: 23807 | I43: Córdoba | J43: Tierralta | K43: 22.4 | L43: 23.8 | M43: 26.6 | N43: 22.8 | O43: 24.9 | P43: 26 | AP43: =COUNTIF(K43:AO43,">0") -> 6 | AQ43: =IF(AP43>14,AVERAGE(K43:AO43),"") | AR43: =IFERROR(VLOOKUP(A43,Climatologia!A:U,9+$E$2,FALSE),"") -> 23.744526 | AS43: =IF(OR(AQ43="",AR43=""),"",IFERROR(AQ43-AR43,"")) | AT43: =IF(COUNT(K43:AO43)=0,"",MIN(K43:AO43)) -> 22.4 | AU43: {=IFERROR( _xlfn.LET( _xlpm.mesTxt, INDEX({"ENERO","FEBRERO","MARZO","ABRIL","MAYO","JUNIO","JULIO","AGOSTO","SEPTIEMBRE","OCTUBRE","NOVIEMBRE","DICIEMBRE"}, E$2), _xlpm.colIni, MATCH(_xlpm.mesTxt, Minimos!$1:$1, 0), _xlpm.fila, MATCH($A43, Minimos!$A:$A, 0), _xlpm.val, INDEX(Minimos!$A:$ZZ, _xlpm.fila, _xlpm.colIni), IF(_xlpm.val="", "", _xlpm.val) ), "")} -> 19 | AV43: {=IFERROR( _xlfn.LET( _xlpm.mesNum, E$2, _xlpm.mesTxt, INDEX({"ENERO","FEBRERO","MARZO","ABRIL","MAYO","JUNIO","JULIO","AGOSTO","SEPTIEMBRE","OCTUBRE","NOVIEMBRE","DICIEMBRE"}, _xlpm.mesNum), _xlpm.colIni, MATCH(_xlpm.mesTxt, Minimos!$1:$1, 0), _xlpm.fila, MATCH($A43, Minimos!$A:$A, 0), _xlpm.anio, INDEX(Minimos!$A:$ZZ, _xlpm.fila, _xlpm.colIni+1), _xlpm.dia, INDEX(Minimos!$A:$ZZ, _xlpm.fila, _xlpm.colIni+2), IF(OR(_xlpm.anio="",_xlpm.dia=""), "", DATE(_xlpm.anio, _xlpm.mesNum, _xlpm.dia)) ), "")} -> 39712 | AW43: =IF(OR(AT43="",AU43=""),"NA",IFERROR(AT43-AU43,"NA")) -> 3.4
A44: 13075010 | B44: Chima | C44: Area Operativa 02 - Atlántico-Bolivar-Sucre | D44: -75.622083 | E44: 9.15075 | F44: 20 | G44: 5 | H44: 5172 | I44: Antioquia | J44: Chigorodó | K44: 23.4 | L44: 23.6 | M44: 24.2 | N44: 24 | O44: 25 | P44: 25.4 | AP44: =COUNTIF(K44:AO44,">0") -> 6 | AQ44: =IF(AP44>14,AVERAGE(K44:AO44),"") | AR44: =IFERROR(VLOOKUP(A44,Climatologia!A:U,9+$E$2,FALSE),"") -> 22.988657 | AS44: =IF(OR(AQ44="",AR44=""),"",IFERROR(AQ44-AR44,"")) | AT44: =IF(COUNT(K44:AO44)=0,"",MIN(K44:AO44)) -> 23.4 | AU44: {=IFERROR( _xlfn.LET( _xlpm.mesTxt, INDEX({"ENERO","FEBRERO","MARZO","ABRIL","MAYO","JUNIO","JULIO","AGOSTO","SEPTIEMBRE","OCTUBRE","NOVIEMBRE","DICIEMBRE"}, E$2), _xlpm.colIni, MATCH(_xlpm.mesTxt, Minimos!$1:$1, 0), _xlpm.fila, MATCH($A44, Minimos!$A:$A, 0), _xlpm.val, INDEX(Minimos!$A:$ZZ, _xlpm.fila, _xlpm.colIni), IF(_xlpm.val="", "", _xlpm.val) ), "")} -> 17.2 | AV44: {=IFERROR( _xlfn.LET( _xlpm.mesNum, E$2, _xlpm.mesTxt, INDEX({"ENERO","FEBRERO","MARZO","ABRIL","MAYO","JUNIO","JULIO","AGOSTO","SEPTIEMBRE","OCTUBRE","NOVIEMBRE","DICIEMBRE"}, _xlpm.mesNum), _xlpm.colIni, MATCH(_xlpm.mesTxt, Minimos!$1:$1, 0), _xlpm.fila, MATCH($A44, Minimos!$A:$A, 0), _xlpm.anio, INDEX(Minimos!$A:$ZZ, _xlpm.fila, _xlpm.colIni+1), _xlpm.dia, INDEX(Minimos!$A:$ZZ, _xlpm.fila, _xlpm.colIni+2), IF(OR(_xlpm.anio="",_xlpm.dia=""), "", DATE(_xlpm.anio, _xlpm.mesNum, _xlpm.dia)) ), "")} -> 33118 | AW44: =IF(OR(AT44="",AU44=""),"NA",IFERROR(AT44-AU44,"NA")) -> 6.2
A45: 13075020 | B45: El Salado | C45: Area Operativa 02 - Atlántico-Bolivar-Sucre | D45: -75.582222 | E45: 8.9138889 | F45: 40 | G45: 23 | H45: 23189 | I45: Córdoba | J45: Ciénaga De Oro | AP45: =COUNTIF(K45:AO45,">0") -> 0 | AQ45: =IF(AP45>14,AVERAGE(K45:AO45),"") | AR45: =IFERROR(VLOOKUP(A45,Climatologia!A:U,9+$E$2,FALSE),"") -> 23.250967 | AS45: =IF(OR(AQ45="",AR45=""),"",IFERROR(AQ45-AR45,"")) | AT45: =IF(COUNT(K45:AO45)=0,"",MIN(K45:AO45)) | AU45: {=IFERROR( _xlfn.LET( _xlpm.mesTxt, INDEX({"ENERO","FEBRERO","MARZO","ABRIL","MAYO","JUNIO","JULIO","AGOSTO","SEPTIEMBRE","OCTUBRE","NOVIEMBRE","DICIEMBRE"}, E$2), _xlpm.colIni, MATCH(_xlpm.mesTxt, Minimos!$1:$1, 0), _xlpm.fila, MATCH($A45, Minimos!$A:$A, 0), _xlpm.val, INDEX(Minimos!$A:$ZZ, _xlpm.fila, _xlpm.colIni), IF(_xlpm.val="", "", _xlpm.val) ), "")} -> 17 | AV45: {=IFERROR( _xlfn.LET( _xlpm.mesNum, E$2, _xlpm.mesTxt, INDEX({"ENERO","FEBRERO","MARZO","ABRIL","MAYO","JUNIO","JULIO","AGOSTO","SEPTIEMBRE","OCTUBRE","NOVIEMBRE","DICIEMBRE"}, _xlpm.mesNum), _xlpm.colIni, MATCH(_xlpm.mesTxt, Minimos!$1:$1, 0), _xlpm.fila, MATCH($A45, Minimos!$A:$A, 0), _xlpm.anio, INDEX(Minimos!$A:$ZZ, _xlpm.fila, _xlpm.colIni+1), _xlpm.dia, INDEX(Minimos!$A:$ZZ, _xlpm.fila, _xlpm.colIni+2), IF(OR(_xlpm.anio="",_xlpm.dia=""), "", DATE(_xlpm.anio, _xlpm.mesNum, _xlpm.dia)) ), "")} -> 29850 | AW45: =IF(OR(AT45="",AU45=""),"NA",IFERROR(AT45-AU45,"NA")) -> NA
A46: 13085030 | B46: San Bernardo Del Viento | C46: Area Operativa 02 - Atlántico-Bolivar-Sucre | D46: -75.95 | E46: 9.37 | F46: 22 | G46: 23 | H46: 23675 | I46: Córdoba | J46: San Bernardo Del Viento | AP46: =COUNTIF(K46:AO46,">0") -> 0 | AQ46: =IF(AP46>14,AVERAGE(K46:AO46),"") | AR46: =IFERROR(VLOOKUP(A46,Climatologia!A:U,9+$E$2,FALSE),"") -> 22.241141 | AS46: =IF(OR(AQ46="",AR46=""),"",IFERROR(AQ46-AR46,"")) | AT46: =IF(COUNT(K46:AO46)=0,"",MIN(K46:AO46)) | AU46: {=IFERROR( _xlfn.LET( _xlpm.mesTxt, INDEX({"ENERO","FEBRERO","MARZO","ABRIL","MAYO","JUNIO","JULIO","AGOSTO","SEPTIEMBRE","OCTUBRE","NOVIEMBRE","DICIEMBRE"}, E$2), _xlpm.colIni, MATCH(_xlpm.mesTxt, Minimos!$1:$1, 0), _xlpm.fila, MATCH($A46, Minimos!$A:$A, 0), _xlpm.val, INDEX(Minimos!$A:$ZZ, _xlpm.fila, _xlpm.colIni), IF(_xlpm.val="", "", _xlpm.val) ), "")} -> 17 | AV46: {=IFERROR( _xlfn.LET( _xlpm.mesNum, E$2, _xlpm.mesTxt, INDEX({"ENERO","FEBRERO","MARZO","ABRIL","MAYO","JUNIO","JULIO","AGOSTO","SEPTIEMBRE","OCTUBRE","NOVIEMBRE","DICIEMBRE"}, _xlpm.mesNum), _xlpm.colIni, MATCH(_xlpm.mesTxt, Minimos!$1:$1, 0), _xlpm.fila, MATCH($A46, Minimos!$A:$A, 0), _xlpm.anio, INDEX(Minimos!$A:$ZZ, _xlpm.fila, _xlpm.colIni+1), _xlpm.dia, INDEX(Minimos!$A:$ZZ, _xlpm.fila, _xlpm.colIni+2), IF(OR(_xlpm.anio="",_xlpm.dia=""), "", DATE(_xlpm.anio, _xlpm.mesNum, _xlpm.dia)) ), "")} -> 32760 | AW46: =IF(OR(AT46="",AU46=""),"NA",IFERROR(AT46-AU46,"NA")) -> NA
A47: 25025080 | B47: Aeropuerto Rafael Barvo | C47: Area Operativa 02 - Atlántico-Bolivar-Sucre | D47: -75.283056 | E47: 9.3338889 | F47: 166 | G47: 70 | H47: 70215 | I47: Sucre | J47: Corozal | K47: 23 | L47: 24.8 | M47: 23 | N47: 23.8 | O47: 26 | P47: 26.4 | AP47: =COUNTIF(K47:AO47,">0") -> 6 | AQ47: =IF(AP47>14,AVERAGE(K47:AO47),"") | AR47: =IFERROR(VLOOKUP(A47,Climatologia!A:U,9+$E$2,FALSE),"") -> 22.692016 | AS47: =IF(OR(AQ47="",AR47=""),"",IFERROR(AQ47-AR47,"")) | AT47: =IF(COUNT(K47:AO47)=0,"",MIN(K47:AO47)) -> 23 | AU47: {=IFERROR( _xlfn.LET( _xlpm.mesTxt, INDEX({"ENERO","FEBRERO","MARZO","ABRIL","MAYO","JUNIO","JULIO","AGOSTO","SEPTIEMBRE","OCTUBRE","NOVIEMBRE","DICIEMBRE"}, E$2), _xlpm.colIni, MATCH(_xlpm.mesTxt, Minimos!$1:$1, 0), _xlpm.fila, MATCH($A47, Minimos!$A:$A, 0), _xlpm.val, INDEX(Minimos!$A:$ZZ, _xlpm.fila, _xlpm.colIni), IF(_xlpm.val="", "", _xlpm.val) ), "")} -> 17.8 | AV47: {=IFERROR( _xlfn.LET( _xlpm.mesNum, E$2, _xlpm.mesTxt, INDEX({"ENERO","FEBRERO","MARZO","ABRIL","MAYO","JUNIO","JULIO","AGOSTO","SEPTIEMBRE","OCTUBRE","NOVIEMBRE","DICIEMBRE"}, _xlpm.mesNum), _xlpm.colIni, MATCH(_xlpm.mesTxt, Minimos!$1:$1, 0), _xlpm.fila, MATCH($A47, Minimos!$A:$A, 0), _xlpm.anio, INDEX(Minimos!$A:$ZZ, _xlpm.fila, _xlpm.colIni+1), _xlpm.dia, INDEX(Minimos!$A:$ZZ, _xlpm.fila, _xlpm.colIni+2), IF(OR(_xlpm.anio="",_xlpm.dia=""), "", DATE(_xlpm.anio, _xlpm.mesNum, _xlpm.dia)) ), "")} -> 40426 | AW47: =IF(OR(AT47="",AU47=""),"NA",IFERROR(AT47-AU47,"NA")) -> 5.2
A48: 25025160 | B48: Cuba Hacienda | C48: Area Operativa 02 - Atlántico-Bolivar-Sucre | D48: -75.402778 | E48: 8.0038889 | F48: 50 | G48: 23 | H48: 23466 | I48: Córdoba | J48: Montelíbano | AP48: =COUNTIF(K48:AO48,">0") -> 0 | AQ48: =IF(AP48>14,AVERAGE(K48:AO48),"") | AR48: =IFERROR(VLOOKUP(A48,Climatologia!A:U,9+$E$2,FALSE),"") -> 22.870692 | AS48: =IF(OR(AQ48="",AR48=""),"",IFERROR(AQ48-AR48,"")) | AT48: =IF(COUNT(K48:AO48)=0,"",MIN(K48:AO48)) | AU48: {=IFERROR( _xlfn.LET( _xlpm.mesTxt, INDEX({"ENERO","FEBRERO","MARZO","ABRIL","MAYO","JUNIO","JULIO","AGOSTO","SEPTIEMBRE","OCTUBRE","NOVIEMBRE","DICIEMBRE"}, E$2), _xlpm.colIni, MATCH(_xlpm.mesTxt, Minimos!$1:$1, 0), _xlpm.fila, MATCH($A48, Minimos!$A:$A, 0), _xlpm.val, INDEX(Minimos!$A:$ZZ, _xlpm.fila, _xlpm.colIni), IF(_xlpm.val="", "", _xlpm.val) ), "")} -> 19.2 | AV48: {=IFERROR( _xlfn.LET( _xlpm.mesNum, E$2, _xlpm.mesTxt, INDEX({"ENERO","FEBRERO","MARZO","ABRIL","MAYO","JUNIO","JULIO","AGOSTO","SEPTIEMBRE","OCTUBRE","NOVIEMBRE","DICIEMBRE"}, _xlpm.mesNum), _xlpm.colIni, MATCH(_xlpm.mesTxt, Minimos!$1:$1, 0), _xlpm.fila, MATCH($A48, Minimos!$A:$A, 0), _xlpm.anio, INDEX(Minimos!$A:$ZZ, _xlpm.fila, _xlpm.colIni+1), _xlpm.dia, INDEX(Minimos!$A:$ZZ, _xlpm.fila, _xlpm.colIni+2), IF(OR(_xlpm.anio="",_xlpm.dia=""), "", DATE(_xlpm.anio, _xlpm.mesNum, _xlpm.dia)) ), "")} -> 32762 | AW48: =IF(OR(AT48="",AU48=""),"NA",IFERROR(AT48-AU48,"NA")) -> NA
A49: 25025190 | B49: Planeta Rica - Aut | C49: Area Operativa 02 - Atlántico-Bolivar-Sucre | D49: -75.583722 | E49: 8.3993333 | F49: 90 | G49: 23 | H49: 23555 | I49: Córdoba | J49: Planeta Rica | AP49: =COUNTIF(K49:AO49,">0") -> 0 | AQ49: =IF(AP49>14,AVERAGE(K49:AO49),"") | AR49: =IFERROR(VLOOKUP(A49,Climatologia!A:U,9+$E$2,FALSE),"") -> 23.264589 | AS49: =IF(OR(AQ49="",AR49=""),"",IFERROR(AQ49-AR49,"")) | AT49: =IF(COUNT(K49:AO49)=0,"",MIN(K49:AO49)) | AU49: {=IFERROR( _xlfn.LET( _xlpm.mesTxt, INDEX({"ENERO","FEBRERO","MARZO","ABRIL","MAYO","JUNIO","JULIO","AGOSTO","SEPTIEMBRE","OCTUBRE","NOVIEMBRE","DICIEMBRE"}, E$2), _xlpm.colIni, MATCH(_xlpm.mesTxt, Minimos!$1:$1, 0), _xlpm.fila, MATCH($A49, Minimos!$A:$A, 0), _xlpm.val, INDEX(Minimos!$A:$ZZ, _xlpm.fila, _xlpm.colIni), IF(_xlpm.val="", "", _xlpm.val) ), "")} -> 19.2 | AV49: {=IFERROR( _xlfn.LET( _xlpm.mesNum, E$2, _xlpm.mesTxt, INDEX({"ENERO","FEBRERO","MARZO","ABRIL","MAYO","JUNIO","JULIO","AGOSTO","SEPTIEMBRE","OCTUBRE","NOVIEMBRE","DICIEMBRE"}, _xlpm.mesNum), _xlpm.colIni, MATCH(_xlpm.mesTxt, Minimos!$1:$1, 0), _xlpm.fila, MATCH($A49, Minimos!$A:$A, 0), _xlpm.anio, INDEX(Minimos!$A:$ZZ, _xlpm.fila, _xlpm.colIni+1), _xlpm.dia, INDEX(Minimos!$A:$ZZ, _xlpm.fila, _xlpm.colIni+2), IF(OR(_xlpm.anio="",_xlpm.dia=""), "", DATE(_xlpm.anio, _xlpm.mesNum, _xlpm.dia)) ), "")} -> 33126 | AW49: =IF(OR(AT49="",AU49=""),"NA",IFERROR(AT49-AU49,"NA")) -> NA
A50: 25025210 | B50: Pinillos | C50: Area Operativa 02 - Atlántico-Bolivar-Sucre | D50: -74.457778 | E50: 8.9113889 | F50: 10 | G50: 13 | H50: 13549 | I50: Bolívar | J50: Pinillos | AP50: =COUNTIF(K50:AO50,">0") -> 0 | AQ50: =IF(AP50>14,AVERAGE(K50:AO50),"") | AR50: =IFERROR(VLOOKUP(A50,Climatologia!A:U,9+$E$2,FALSE),"") | AS50: =IF(OR(AQ50="",AR50=""),"",IFERROR(AQ50-AR50,"")) | AT50: =IF(COUNT(K50:AO50)=0,"",MIN(K50:AO50)) | AU50: {=IFERROR( _xlfn.LET( _xlpm.mesTxt, INDEX({"ENERO","FEBRERO","MARZO","ABRIL","MAYO","JUNIO","JULIO","AGOSTO","SEPTIEMBRE","OCTUBRE","NOVIEMBRE","DICIEMBRE"}, E$2), _xlpm.colIni, MATCH(_xlpm.mesTxt, Minimos!$1:$1, 0), _xlpm.fila, MATCH($A50, Minimos!$A:$A, 0), _xlpm.val, INDEX(Minimos!$A:$ZZ, _xlpm.fila, _xlpm.colIni), IF(_xlpm.val="", "", _xlpm.val) ), "")} -> 18.4 | AV50: {=IFERROR( _xlfn.LET( _xlpm.mesNum, E$2, _xlpm.mesTxt, INDEX({"ENERO","FEBRERO","MARZO","ABRIL","MAYO","JUNIO","JULIO","AGOSTO","SEPTIEMBRE","OCTUBRE","NOVIEMBRE","DICIEMBRE"}, _xlpm.mesNum), _xlpm.colIni, MATCH(_xlpm.mesTxt, Minimos!$1:$1, 0), _xlpm.fila, MATCH($A50, Minimos!$A:$A, 0), _xlpm.anio, INDEX(Minimos!$A:$ZZ, _xlpm.fila, _xlpm.colIni+1), _xlpm.dia, INDEX(Minimos!$A:$ZZ, _xlpm.fila, _xlpm.colIni+2), IF(OR(_xlpm.anio="",_xlpm.dia=""), "", DATE(_xlpm.anio, _xlpm.mesNum, _xlpm.dia)) ), "")} -> 43732 | AW50: =IF(OR(AT50="",AU50=""),"NA",IFERROR(AT50-AU50,"NA")) -> NA
A51: 25025270 | B51: Unisucre Aut | C51: Area Operativa 02 - Atlántico-Bolivar-Sucre | D51: -75.3875 | E51: 9.3163889 | F51: 160 | G51: 70 | H51: 70670 | I51: Sucre | J51: Sampués | K51: 22.6 | L51: 24.6 | M51: 23 | N51: 24.8 | O51: 26.2 | P51: 26.4 | AP51: =COUNTIF(K51:AO51,">0") -> 6 | AQ51: =IF(AP51>14,AVERAGE(K51:AO51),"") | AR51: =IFERROR(VLOOKUP(A51,Climatologia!A:U,9+$E$2,FALSE),"") -> 23.050863 | AS51: =IF(OR(AQ51="",AR51=""),"",IFERROR(AQ51-AR51,"")) | AT51: =IF(COUNT(K51:AO51)=0,"",MIN(K51:AO51)) -> 22.6 | AU51: {=IFERROR( _xlfn.LET( _xlpm.mesTxt, INDEX({"ENERO","FEBRERO","MARZO","ABRIL","MAYO","JUNIO","JULIO","AGOSTO","SEPTIEMBRE","OCTUBRE","NOVIEMBRE","DICIEMBRE"}, E$2), _xlpm.colIni, MATCH(_xlpm.mesTxt, Minimos!$1:$1, 0), _xlpm.fila, MATCH($A51, Minimos!$A:$A, 0), _xlpm.val, INDEX(Minimos!$A:$ZZ, _xlpm.fila, _xlpm.colIni), IF(_xlpm.val="", "", _xlpm.val) ), "")} -> 18.2 | AV51: {=IFERROR( _xlfn.LET( _xlpm.mesNum, E$2, _xlpm.mesTxt, INDEX({"ENERO","FEBRERO","MARZO","ABRIL","MAYO","JUNIO","JULIO","AGOSTO","SEPTIEMBRE","OCTUBRE","NOVIEMBRE","DICIEMBRE"}, _xlpm.mesNum), _xlpm.colIni, MATCH(_xlpm.mesTxt, Minimos!$1:$1, 0), _xlpm.fila, MATCH($A51, Minimos!$A:$A, 0), _xlpm.anio, INDEX(Minimos!$A:$ZZ, _xlpm.fila, _xlpm.colIni+1), _xlpm.dia, INDEX(Minimos!$A:$ZZ, _xlpm.fila, _xlpm.colIni+2), IF(OR(_xlpm.anio="",_xlpm.dia=""), "", DATE(_xlpm.anio, _xlpm.mesNum, _xlpm.dia)) ), "")} -> 32755 | AW51: =IF(OR(AT51="",AU51=""),"NA",IFERROR(AT51-AU51,"NA")) -> 4.4
A52: 25025380 | B52: San Benito - Aut | C52: Area Operativa 02 - Atlántico-Bolivar-Sucre | D52: -75.044722 | E52: 9.1638889 | F52: 20 | G52: 70 | H52: 70678 | I52: Sucre | J52: San Benito Abad | K52: 24 | L52: 25.6 | M52: 24.2 | N52: 24 | O52: 24 | P52: 23.8 | AP52: =COUNTIF(K52:AO52,">0") -> 6 | AQ52: =IF(AP52>14,AVERAGE(K52:AO52),"") | AR52: =IFERROR(VLOOKUP(A52,Climatologia!A:U,9+$E$2,FALSE),"") -> 22.452709 | AS52: =IF(OR(AQ52="",AR52=""),"",IFERROR(AQ52-AR52,"")) | AT52: =IF(COUNT(K52:AO52)=0,"",MIN(K52:AO52)) -> 23.8 | AU52: {=IFERROR( _xlfn.LET( _xlpm.mesTxt, INDEX({"ENERO","FEBRERO","MARZO","ABRIL","MAYO","JUNIO","JULIO","AGOSTO","SEPTIEMBRE","OCTUBRE","NOVIEMBRE","DICIEMBRE"}, E$2), _xlpm.colIni, MATCH(_xlpm.mesTxt, Minimos!$1:$1, 0), _xlpm.fila, MATCH($A52, Minimos!$A:$A, 0), _xlpm.val, INDEX(Minimos!$A:$ZZ, _xlpm.fila, _xlpm.colIni), IF(_xlpm.val="", "", _xlpm.val) ), "")} -> 18.2 | AV52: {=IFERROR( _xlfn.LET( _xlpm.mesNum, E$2, _xlpm.mesTxt, INDEX({"ENERO","FEBRERO","MARZO","ABRIL","MAYO","JUNIO","JULIO","AGOSTO","SEPTIEMBRE","OCTUBRE","NOVIEMBRE","DICIEMBRE"}, _xlpm.mesNum), _xlpm.colIni, MATCH(_xlpm.mesTxt, Minimos!$1:$1, 0), _xlpm.fila, MATCH($A52, Minimos!$A:$A, 0), _xlpm.anio, INDEX(Minimos!$A:$ZZ, _xlpm.fila, _xlpm.colIni+1), _xlpm.dia, INDEX(Minimos!$A:$ZZ, _xlpm.fila, _xlpm.colIni+2), IF(OR(_xlpm.anio="",_xlpm.dia=""), "", DATE(_xlpm.anio, _xlpm.mesNum, _xlpm.dia)) ), "")} -> 40426 | AW52: =IF(OR(AT52="",AU52=""),"NA",IFERROR(AT52-AU52,"NA")) -> 5.6
A53: 29015000 | B53: El Guamo - Aut | C53: Area Operativa 02 - Atlántico-Bolivar-Sucre | D53: -74.976638 | E53: 10.034607 | F53: 75 | G53: 13 | H53: 13248 | I53: Bolívar | J53: El Guamo | K53: 25.6 | L53: 25.6 | M53: 23.2 | N53: 24.2 | O53: 26.2 | P53: 25.4 | AP53: =COUNTIF(K53:AO53,">0") -> 6 | AQ53: =IF(AP53>14,AVERAGE(K53:AO53),"") | AR53: =IFERROR(VLOOKUP(A53,Climatologia!A:U,9+$E$2,FALSE),"") | AS53: =IF(OR(AQ53="",AR53=""),"",IFERROR(AQ53-AR53,"")) | AT53: =IF(COUNT(K53:AO53)=0,"",MIN(K53:AO53)) -> 23.2 | AU53: {=IFERROR( _xlfn.LET( _xlpm.mesTxt, INDEX({"ENERO","FEBRERO","MARZO","ABRIL","MAYO","JUNIO","JULIO","AGOSTO","SEPTIEMBRE","OCTUBRE","NOVIEMBRE","DICIEMBRE"}, E$2), _xlpm.colIni, MATCH(_xlpm.mesTxt, Minimos!$1:$1, 0), _xlpm.fila, MATCH($A53, Minimos!$A:$A, 0), _xlpm.val, INDEX(Minimos!$A:$ZZ, _xlpm.fila, _xlpm.colIni), IF(_xlpm.val="", "", _xlpm.val) ), "")} -> 20.2 | AV53: {=IFERROR( _xlfn.LET( _xlpm.mesNum, E$2, _xlpm.mesTxt, INDEX({"ENERO","FEBRERO","MARZO","ABRIL","MAYO","JUNIO","JULIO","AGOSTO","SEPTIEMBRE","OCTUBRE","NOVIEMBRE","DICIEMBRE"}, _xlpm.mesNum), _xlpm.colIni, MATCH(_xlpm.mesTxt, Minimos!$1:$1, 0), _xlpm.fila, MATCH($A53, Minimos!$A:$A, 0), _xlpm.anio, INDEX(Minimos!$A:$ZZ, _xlpm.fila, _xlpm.colIni+1), _xlpm.dia, INDEX(Minimos!$A:$ZZ, _xlpm.fila, _xlpm.colIni+2), IF(OR(_xlpm.anio="",_xlpm.dia=""), "", DATE(_xlpm.anio, _xlpm.mesNum, _xlpm.dia)) ), "")} -> 36046 | AW53: =IF(OR(AT53="",AU53=""),"NA",IFERROR(AT53-AU53,"NA")) -> 3
A54: 29035000 | B54: Sincerin - Aut | C54: Area Operativa 02 - Atlántico-Bolivar-Sucre | D54: -75.278278 | E54: 10.142583 | F54: 10 | G54: 13 | H54: 13052 | I54: Bolívar | J54: Arjona | AP54: =COUNTIF(K54:AO54,">0") -> 0 | AQ54: =IF(AP54>14,AVERAGE(K54:AO54),"") | AR54: =IFERROR(VLOOKUP(A54,Climatologia!A:U,9+$E$2,FALSE),"") | AS54: =IF(OR(AQ54="",AR54=""),"",IFERROR(AQ54-AR54,"")) | AT54: =IF(COUNT(K54:AO54)=0,"",MIN(K54:AO54)) | AU54: {=IFERROR( _xlfn.LET( _xlpm.mesTxt, INDEX({"ENERO","FEBRERO","MARZO","ABRIL","MAYO","JUNIO","JULIO","AGOSTO","SEPTIEMBRE","OCTUBRE","NOVIEMBRE","DICIEMBRE"}, E$2), _xlpm.colIni, MATCH(_xlpm.mesTxt, Minimos!$1:$1, 0), _xlpm.fila, MATCH($A54, Minimos!$A:$A, 0), _xlpm.val, INDEX(Minimos!$A:$ZZ, _xlpm.fila, _xlpm.colIni), IF(_xlpm.val="", "", _xlpm.val) ), "")} -> 20 | AV54: {=IFERROR( _xlfn.LET( _xlpm.mesNum, E$2, _xlpm.mesTxt, INDEX({"ENERO","FEBRERO","MARZO","ABRIL","MAYO","JUNIO","JULIO","AGOSTO","SEPTIEMBRE","OCTUBRE","NOVIEMBRE","DICIEMBRE"}, _xlpm.mesNum), _xlpm.colIni, MATCH(_xlpm.mesTxt, Minimos!$1:$1, 0), _xlpm.fila, MATCH($A54, Minimos!$A:$A, 0), _xlpm.anio, INDEX(Minimos!$A:$ZZ, _xlpm.fila, _xlpm.colIni+1), _xlpm.dia, INDEX(Minimos!$A:$ZZ, _xlpm.fila, _xlpm.colIni+2), IF(OR(_xlpm.anio="",_xlpm.dia=""), "", DATE(_xlpm.anio, _xlpm.mesNum, _xlpm.dia)) ), "")} -> 31296 | AW54: =IF(OR(AT54="",AU54=""),"NA",IFERROR(AT54-AU54,"NA")) -> NA
A55: 29035030 | B55: Presa Ay Grande | C55: Area Operativa 02 - Atlántico-Bolivar-Sucre | D55: -75.326301 | E55: 9.879634 | F55: 60 | G55: 13 | H55: 13442 | I55: Bolívar | J55: María La Baja | AP55: =COUNTIF(K55:AO55,">0") -> 0 | AQ55: =IF(AP55>14,AVERAGE(K55:AO55),"") | AR55: =IFERROR(VLOOKUP(A55,Climatologia!A:U,9+$E$2,FALSE),"") | AS55: =IF(OR(AQ55="",AR55=""),"",IFERROR(AQ55-AR55,"")) | AT55: =IF(COUNT(K55:AO55)=0,"",MIN(K55:AO55)) | AU55: {=IFERROR( _xlfn.LET( _xlpm.mesTxt, INDEX({"ENERO","FEBRERO","MARZO","ABRIL","MAYO","JUNIO","JULIO","AGOSTO","SEPTIEMBRE","OCTUBRE","NOVIEMBRE","DICIEMBRE"}, E$2), _xlpm.colIni, MATCH(_xlpm.mesTxt, Minimos!$1:$1, 0), _xlpm.fila, MATCH($A55, Minimos!$A:$A, 0), _xlpm.val, INDEX(Minimos!$A:$ZZ, _xlpm.fila, _xlpm.colIni), IF(_xlpm.val="", "", _xlpm.val) ), "")} -> 20 | AV55: {=IFERROR( _xlfn.LET( _xlpm.mesNum, E$2, _xlpm.mesTxt, INDEX({"ENERO","FEBRERO","MARZO","ABRIL","MAYO","JUNIO","JULIO","AGOSTO","SEPTIEMBRE","OCTUBRE","NOVIEMBRE","DICIEMBRE"}, _xlpm.mesNum), _xlpm.colIni, MATCH(_xlpm.mesTxt, Minimos!$1:$1, 0), _xlpm.fila, MATCH($A55, Minimos!$A:$A, 0), _xlpm.anio, INDEX(Minimos!$A:$ZZ, _xlpm.fila, _xlpm.colIni+1), _xlpm.dia, INDEX(Minimos!$A:$ZZ, _xlpm.fila, _xlpm.colIni+2), IF(OR(_xlpm.anio="",_xlpm.dia=""), "", DATE(_xlpm.anio, _xlpm.mesNum, _xlpm.dia)) ), "")} -> 41536 | AW55: =IF(OR(AT55="",AU55=""),"NA",IFERROR(AT55-AU55,"NA")) -> NA
A56: 29035080 | B56: Normal Manati - Aut | C56: Area Operativa 02 - Atlántico-Bolivar-Sucre | D56: -74.954726 | E56: 10.453966 | F56: 10 | G56: 8 | H56: 8436 | I56: Atlántico | J56: Manatí | AP56: =COUNTIF(K56:AO56,">0") -> 0 | AQ56: =IF(AP56>14,AVERAGE(K56:AO56),"") | AR56: =IFERROR(VLOOKUP(A56,Climatologia!A:U,9+$E$2,FALSE),"") -> 24.120039 | AS56: =IF(OR(AQ56="",AR56=""),"",IFERROR(AQ56-AR56,"")) | AT56: =IF(COUNT(K56:AO56)=0,"",MIN(K56:AO56)) | AU56: {=IFERROR( _xlfn.LET( _xlpm.mesTxt, INDEX({"ENERO","FEBRERO","MARZO","ABRIL","MAYO","JUNIO","JULIO","AGOSTO","SEPTIEMBRE","OCTUBRE","NOVIEMBRE","DICIEMBRE"}, E$2), _xlpm.colIni, MATCH(_xlpm.mesTxt, Minimos!$1:$1, 0), _xlpm.fila, MATCH($A56, Minimos!$A:$A, 0), _xlpm.val, INDEX(Minimos!$A:$ZZ, _xlpm.fila, _xlpm.colIni), IF(_xlpm.val="", "", _xlpm.val) ), "")} -> 18.6 | AV56: {=IFERROR( _xlfn.LET( _xlpm.mesNum, E$2, _xlpm.mesTxt, INDEX({"ENERO","FEBRERO","MARZO","ABRIL","MAYO","JUNIO","JULIO","AGOSTO","SEPTIEMBRE","OCTUBRE","NOVIEMBRE","DICIEMBRE"}, _xlpm.mesNum), _xlpm.colIni, MATCH(_xlpm.mesTxt, Minimos!$1:$1, 0), _xlpm.fila, MATCH($A56, Minimos!$A:$A, 0), _xlpm.anio, INDEX(Minimos!$A:$ZZ, _xlpm.fila, _xlpm.colIni+1), _xlpm.dia, INDEX(Minimos!$A:$ZZ, _xlpm.fila, _xlpm.colIni+2), IF(OR(_xlpm.anio="",_xlpm.dia=""), "", DATE(_xlpm.anio, _xlpm.mesNum, _xlpm.dia)) ), "")} -> 36051 | AW56: =IF(OR(AT56="",AU56=""),"NA",IFERROR(AT56-AU56,"NA")) -> NA
A57: 29035110 | B57: San Pablo | C57: Area Operativa 02 - Atlántico-Bolivar-Sucre | D57: -75.258611 | E57: 10.043167 | F57: 20 | G57: 13 | H57: 13442 | I57: Bolívar | J57: María La Baja | K57: 25 | L57: 25.2 | M57: 23.6 | N57: 24.4 | O57: 25.2 | P57: 25 | AP57: =COUNTIF(K57:AO57,">0") -> 6 | AQ57: =IF(AP57>14,AVERAGE(K57:AO57),"") | AR57: =IFERROR(VLOOKUP(A57,Climatologia!A:U,9+$E$2,FALSE),"") -> 23.725487 | AS57: =IF(OR(AQ57="",AR57=""),"",IFERROR(AQ57-AR57,"")) | AT57: =IF(COUNT(K57:AO57)=0,"",MIN(K57:AO57)) -> 23.6 | AU57: {=IFERROR( _xlfn.LET( _xlpm.mesTxt, INDEX({"ENERO","FEBRERO","MARZO","ABRIL","MAYO","JUNIO","JULIO","AGOSTO","SEPTIEMBRE","OCTUBRE","NOVIEMBRE","DICIEMBRE"}, E$2), _xlpm.colIni, MATCH(_xlpm.mesTxt, Minimos!$1:$1, 0), _xlpm.fila, MATCH($A57, Minimos!$A:$A, 0), _xlpm.val, INDEX(Minimos!$A:$ZZ, _xlpm.fila, _xlpm.colIni), IF(_xlpm.val="", "", _xlpm.val) ), "")} -> 17.2 | AV57: {=IFERROR( _xlfn.LET( _xlpm.mesNum, E$2, _xlpm.mesTxt, INDEX({"ENERO","FEBRERO","MARZO","ABRIL","MAYO","JUNIO","JULIO","AGOSTO","SEPTIEMBRE","OCTUBRE","NOVIEMBRE","DICIEMBRE"}, _xlpm.mesNum), _xlpm.colIni, MATCH(_xlpm.mesTxt, Minimos!$1:$1, 0), _xlpm.fila, MATCH($A57, Minimos!$A:$A, 0), _xlpm.anio, INDEX(Minimos!$A:$ZZ, _xlpm.fila, _xlpm.colIni+1), _xlpm.dia, INDEX(Minimos!$A:$ZZ, _xlpm.fila, _xlpm.colIni+2), IF(OR(_xlpm.anio="",_xlpm.dia=""), "", DATE(_xlpm.anio, _xlpm.mesNum, _xlpm.dia)) ), "")} -> 28734 | AW57: =IF(OR(AT57="",AU57=""),"NA",IFERROR(AT57-AU57,"NA")) -> 6.4
A58: 31015010 | B58: El Trueno | C58: Area Operativa 03 - Meta-Guaviare-Guainía | D58: -72.639861 | E58: 2.372592 | F58: 216 | G58: 95 | H58: 95025 | I58: Guaviare | J58: El Retorno | K58: 24.6 | L58: 23.6 | N58: 23.6 | AP58: =COUNTIF(K58:AO58,">0") -> 3 | AQ58: =IF(AP58>14,AVERAGE(K58:AO58),"") | AR58: =IFERROR(VLOOKUP(A58,Climatologia!A:U,9+$E$2,FALSE),"") -> 21.375185 | AS58: =IF(OR(AQ58="",AR58=""),"",IFERROR(AQ58-AR58,"")) | AT58: =IF(COUNT(K58:AO58)=0,"",MIN(K58:AO58)) -> 23.6 | AU58: {=IFERROR( _xlfn.LET( _xlpm.mesTxt, INDEX({"ENERO","FEBRERO","MARZO","ABRIL","MAYO","JUNIO","JULIO","AGOSTO","SEPTIEMBRE","OCTUBRE","NOVIEMBRE","DICIEMBRE"}, E$2), _xlpm.colIni, MATCH(_xlpm.mesTxt, Minimos!$1:$1, 0), _xlpm.fila, MATCH($A58, Minimos!$A:$A, 0), _xlpm.val, INDEX(Minimos!$A:$ZZ, _xlpm.fila, _xlpm.colIni), IF(_xlpm.val="", "", _xlpm.val) ), "")} -> 15.8 | AV58: {=IFERROR( _xlfn.LET( _xlpm.mesNum, E$2, _xlpm.mesTxt, INDEX({"ENERO","FEBRERO","MARZO","ABRIL","MAYO","JUNIO","JULIO","AGOSTO","SEPTIEMBRE","OCTUBRE","NOVIEMBRE","DICIEMBRE"}, _xlpm.mesNum), _xlpm.colIni, MATCH(_xlpm.mesTxt, Minimos!$1:$1, 0), _xlpm.fila, MATCH($A58, Minimos!$A:$A, 0), _xlpm.anio, INDEX(Minimos!$A:$ZZ, _xlpm.fila, _xlpm.colIni+1), _xlpm.dia, INDEX(Minimos!$A:$ZZ, _xlpm.fila, _xlpm.colIni+2), IF(OR(_xlpm.anio="",_xlpm.dia=""), "", DATE(_xlpm.anio, _xlpm.mesNum, _xlpm.dia)) ), "")} -> 31302 | AW58: =IF(OR(AT58="",AU58=""),"NA",IFERROR(AT58-AU58,"NA")) -> 7.8
A59: 31095030 | B59: Puerto Inirida - Aut | C59: Area Operativa 03 - Meta-Guaviare-Guainía | D59: -67.919111 | E59: 3.874444 | F59: 98 | G59: 94 | H59: 94001 | I59: Guainía | J59: Inírida | AP59: =COUNTIF(K59:AO59,">0") -> 0 | AQ59: =IF(AP59>14,AVERAGE(K59:AO59),"") | AR59: =IFERROR(VLOOKUP(A59,Climatologia!A:U,9+$E$2,FALSE),"") -> 22.622682 | AS59: =IF(OR(AQ59="",AR59=""),"",IFERROR(AQ59-AR59,"")) | AT59: =IF(COUNT(K59:AO59)=0,"",MIN(K59:AO59)) | AU59: {=IFERROR( _xlfn.LET( _xlpm.mesTxt, INDEX({"ENERO","FEBRERO","MARZO","ABRIL","MAYO","JUNIO","JULIO","AGOSTO","SEPTIEMBRE","OCTUBRE","NOVIEMBRE","DICIEMBRE"}, E$2), _xlpm.colIni, MATCH(_xlpm.mesTxt, Minimos!$1:$1, 0), _xlpm.fila, MATCH($A59, Minimos!$A:$A, 0), _xlpm.val, INDEX(Minimos!$A:$ZZ, _xlpm.fila, _xlpm.colIni), IF(_xlpm.val="", "", _xlpm.val) ), "")} -> 18.2 | AV59: {=IFERROR( _xlfn.LET( _xlpm.mesNum, E$2, _xlpm.mesTxt, INDEX({"ENERO","FEBRERO","MARZO","ABRIL","MAYO","JUNIO","JULIO","AGOSTO","SEPTIEMBRE","OCTUBRE","NOVIEMBRE","DICIEMBRE"}, _xlpm.mesNum), _xlpm.colIni, MATCH(_xlpm.mesTxt, Minimos!$1:$1, 0), _xlpm.fila, MATCH($A59, Minimos!$A:$A, 0), _xlpm.anio, INDEX(Minimos!$A:$ZZ, _xlpm.fila, _xlpm.colIni+1), _xlpm.dia, INDEX(Minimos!$A:$ZZ, _xlpm.fila, _xlpm.colIni+2), IF(OR(_xlpm.anio="",_xlpm.dia=""), "", DATE(_xlpm.anio, _xlpm.mesNum, _xlpm.dia)) ), "")} -> 29842 | AW59: =IF(OR(AT59="",AU59=""),"NA",IFERROR(AT59-AU59,"NA")) -> NA
A60: 32035010 | B60: La Macarena | C60: Area Operativa 03 - Meta-Guaviare-Guainía | D60: -73.793472 | E60: 2.176139 | F60: 227 | G60: 50 | H60: 50350 | I60: Meta | J60: La Macarena | K60: 22.4 | L60: 23 | M60: 21.8 | N60: 22.8 | O60: 21.4 | P60: 20.6 | AP60: =COUNTIF(K60:AO60,">0") -> 6 | AQ60: =IF(AP60>14,AVERAGE(K60:AO60),"") | AR60: =IFERROR(VLOOKUP(A60,Climatologia!A:U,9+$E$2,FALSE),"") -> 21.711951 | AS60: =IF(OR(AQ60="",AR60=""),"",IFERROR(AQ60-AR60,"")) | AT60: =IF(COUNT(K60:AO60)=0,"",MIN(K60:AO60)) -> 20.6 | AU60: {=IFERROR( _xlfn.LET( _xlpm.mesTxt, INDEX({"ENERO","FEBRERO","MARZO","ABRIL","MAYO","JUNIO","JULIO","AGOSTO","SEPTIEMBRE","OCTUBRE","NOVIEMBRE","DICIEMBRE"}, E$2), _xlpm.colIni, MATCH(_xlpm.mesTxt, Minimos!$1:$1, 0), _xlpm.fila, MATCH($A60, Minimos!$A:$A, 0), _xlpm.val, INDEX(Minimos!$A:$ZZ, _xlpm.fila, _xlpm.colIni), IF(_xlpm.val="", "", _xlpm.val) ), "")} -> 17.1 | AV60: {=IFERROR( _xlfn.LET( _xlpm.mesNum, E$2, _xlpm.mesTxt, INDEX({"ENERO","FEBRERO","MARZO","ABRIL","MAYO","JUNIO","JULIO","AGOSTO","SEPTIEMBRE","OCTUBRE","NOVIEMBRE","DICIEMBRE"}, _xlpm.mesNum), _xlpm.colIni, MATCH(_xlpm.mesTxt, Minimos!$1:$1, 0), _xlpm.fila, MATCH($A60, Minimos!$A:$A, 0), _xlpm.anio, INDEX(Minimos!$A:$ZZ, _xlpm.fila, _xlpm.colIni+1), _xlpm.dia, INDEX(Minimos!$A:$ZZ, _xlpm.fila, _xlpm.colIni+2), IF(OR(_xlpm.anio="",_xlpm.dia=""), "", DATE(_xlpm.anio, _xlpm.mesNum, _xlpm.dia)) ), "")} -> 30568 | AW60: =IF(OR(AT60="",AU60=""),"NA",IFERROR(AT60-AU60,"NA")) -> 3.5
A61: 32075050 | B61: Mesetas | C61: Area Operativa 03 - Meta-Guaviare-Guainía | D61: -74.043 | E61: 3.38008 | F61: 556 | G61: 50 | H61: 50330 | I61: Meta | J61: Mesetas | AP61: =COUNTIF(K61:AO61,">0") -> 0 | AQ61: =IF(AP61>14,AVERAGE(K61:AO61),"") | AR61: =IFERROR(VLOOKUP(A61,Climatologia!A:U,9+$E$2,FALSE),"") -> 19.321549 | AS61: =IF(OR(AQ61="",AR61=""),"",IFERROR(AQ61-AR61,"")) | AT61: =IF(COUNT(K61:AO61)=0,"",MIN(K61:AO61)) | AU61: {=IFERROR( _xlfn.LET( _xlpm.mesTxt, INDEX({"ENERO","FEBRERO","MARZO","ABRIL","MAYO","JUNIO","JULIO","AGOSTO","SEPTIEMBRE","OCTUBRE","NOVIEMBRE","DICIEMBRE"}, E$2), _xlpm.colIni, MATCH(_xlpm.mesTxt, Minimos!$1:$1, 0), _xlpm.fila, MATCH($A61, Minimos!$A:$A, 0), _xlpm.val, INDEX(Minimos!$A:$ZZ, _xlpm.fila, _xlpm.colIni), IF(_xlpm.val="", "", _xlpm.val) ), "")} | AV61: {=IFERROR( _xlfn.LET( _xlpm.mesNum, E$2, _xlpm.mesTxt, INDEX({"ENERO","FEBRERO","MARZO","ABRIL","MAYO","JUNIO","JULIO","AGOSTO","SEPTIEMBRE","OCTUBRE","NOVIEMBRE","DICIEMBRE"}, _xlpm.mesNum), _xlpm.colIni, MATCH(_xlpm.mesTxt, Minimos!$1:$1, 0), _xlpm.fila, MATCH($A61, Minimos!$A:$A, 0), _xlpm.anio, INDEX(Minimos!$A:$ZZ, _xlpm.fila, _xlpm.colIni+1), _xlpm.dia, INDEX(Minimos!$A:$ZZ, _xlpm.fila, _xlpm.colIni+2), IF(OR(_xlpm.anio="",_xlpm.dia=""), "", DATE(_xlpm.anio, _xlpm.mesNum, _xlpm.dia)) ), "")} | AW61: =IF(OR(AT61="",AU61=""),"NA",IFERROR(AT61-AU61,"NA")) -> NA
A62: 32155010 | B62: Mapiripana | C62: Area Operativa 03 - Meta-Guaviare-Guainía | D62: -70.475139 | E62: 2.811778 | F62: 154 | G62: 94 | H62: 94343 | I62: Guainía | J62: Barrancominas | AP62: =COUNTIF(K62:AO62,">0") -> 0 | AQ62: =IF(AP62>14,AVERAGE(K62:AO62),"") | AR62: =IFERROR(VLOOKUP(A62,Climatologia!A:U,9+$E$2,FALSE),"") -> 22.151505 | AS62: =IF(OR(AQ62="",AR62=""),"",IFERROR(AQ62-AR62,"")) | AT62: =IF(COUNT(K62:AO62)=0,"",MIN(K62:AO62)) | AU62: {=IFERROR( _xlfn.LET( _xlpm.mesTxt, INDEX({"ENERO","FEBRERO","MARZO","ABRIL","MAYO","JUNIO","JULIO","AGOSTO","SEPTIEMBRE","OCTUBRE","NOVIEMBRE","DICIEMBRE"}, E$2), _xlpm.colIni, MATCH(_xlpm.mesTxt, Minimos!$1:$1, 0), _xlpm.fila, MATCH($A62, Minimos!$A:$A, 0), _xlpm.val, INDEX(Minimos!$A:$ZZ, _xlpm.fila, _xlpm.colIni), IF(_xlpm.val="", "", _xlpm.val) ), "")} -> 18.5 | AV62: {=IFERROR( _xlfn.LET( _xlpm.mesNum, E$2, _xlpm.mesTxt, INDEX({"ENERO","FEBRERO","MARZO","ABRIL","MAYO","JUNIO","JULIO","AGOSTO","SEPTIEMBRE","OCTUBRE","NOVIEMBRE","DICIEMBRE"}, _xlpm.mesNum), _xlpm.colIni, MATCH(_xlpm.mesTxt, Minimos!$1:$1, 0), _xlpm.fila, MATCH($A62, Minimos!$A:$A, 0), _xlpm.anio, INDEX(Minimos!$A:$ZZ, _xlpm.fila, _xlpm.colIni+1), _xlpm.dia, INDEX(Minimos!$A:$ZZ, _xlpm.fila, _xlpm.colIni+2), IF(OR(_xlpm.anio="",_xlpm.dia=""), "", DATE(_xlpm.anio, _xlpm.mesNum, _xlpm.dia)) ), "")} -> 33488 | AW62: =IF(OR(AT62="",AU62=""),"NA",IFERROR(AT62-AU62,"NA")) -> NA
A63: 33055010 | B63: Cumaribo | C63: Area Operativa 03 - Meta-Guaviare-Guainía | D63: -69.812306 | E63: 4.494806 | F63: 158 | G63: 99 | H63: 99773 | I63: Vichada | J63: Cumaribo | K63: 23.6 | L63: 22.6 | M63: 23 | N63: 21.2 | O63: 21.6 | AP63: =COUNTIF(K63:AO63,">0") -> 5 | AQ63: =IF(AP63>14,AVERAGE(K63:AO63),"") | AR63: =IFERROR(VLOOKUP(A63,Climatologia!A:U,9+$E$2,FALSE),"") -> 22.363033 | AS63: =IF(OR(AQ63="",AR63=""),"",IFERROR(AQ63-AR63,"")) | AT63: =IF(COUNT(K63:AO63)=0,"",MIN(K63:AO63)) -> 21.2 | AU63: {=IFERROR( _xlfn.LET( _xlpm.mesTxt, INDEX({"ENERO","FEBRERO","MARZO","ABRIL","MAYO","JUNIO","JULIO","AGOSTO","SEPTIEMBRE","OCTUBRE","NOVIEMBRE","DICIEMBRE"}, E$2), _xlpm.colIni, MATCH(_xlpm.mesTxt, Minimos!$1:$1, 0), _xlpm.fila, MATCH($A63, Minimos!$A:$A, 0), _xlpm.val, INDEX(Minimos!$A:$ZZ, _xlpm.fila, _xlpm.colIni), IF(_xlpm.val="", "", _xlpm.val) ), "")} -> 17.8 | AV63: {=IFERROR( _xlfn.LET( _xlpm.mesNum, E$2, _xlpm.mesTxt, INDEX({"ENERO","FEBRERO","MARZO","ABRIL","MAYO","JUNIO","JULIO","AGOSTO","SEPTIEMBRE","OCTUBRE","NOVIEMBRE","DICIEMBRE"}, _xlpm.mesNum), _xlpm.colIni, MATCH(_xlpm.mesTxt, Minimos!$1:$1, 0), _xlpm.fila, MATCH($A63, Minimos!$A:$A, 0), _xlpm.anio, INDEX(Minimos!$A:$ZZ, _xlpm.fila, _xlpm.colIni+1), _xlpm.dia, INDEX(Minimos!$A:$ZZ, _xlpm.fila, _xlpm.colIni+2), IF(OR(_xlpm.anio="",_xlpm.dia=""), "", DATE(_xlpm.anio, _xlpm.mesNum, _xlpm.dia)) ), "")} -> 37882 | AW63: =IF(OR(AT63="",AU63=""),"NA",IFERROR(AT63-AU63,"NA")) -> 3.4
A64: 34015010 | B64: Las Gaviotas | C64: Area Operativa 03 - Meta-Guaviare-Guainía | D64: -70.930225 | E64: 4.553891 | F64: 173 | G64: 99 | H64: 99773 | I64: Vichada | J64: Cumaribo | K64: 23.2 | L64: 24 | M64: 23 | N64: 23.8 | O64: 22 | P64: 21.8 | AP64: =COUNTIF(K64:AO64,">0") -> 6 | AQ64: =IF(AP64>14,AVERAGE(K64:AO64),"") | AR64: =IFERROR(VLOOKUP(A64,Climatologia!A:U,9+$E$2,FALSE),"") -> 22.055755 | AS64: =IF(OR(AQ64="",AR64=""),"",IFERROR(AQ64-AR64,"")) | AT64: =IF(COUNT(K64:AO64)=0,"",MIN(K64:AO64)) -> 21.8 | AU64: {=IFERROR( _xlfn.LET( _xlpm.mesTxt, INDEX({"ENERO","FEBRERO","MARZO","ABRIL","MAYO","JUNIO","JULIO","AGOSTO","SEPTIEMBRE","OCTUBRE","NOVIEMBRE","DICIEMBRE"}, E$2), _xlpm.colIni, MATCH(_xlpm.mesTxt, Minimos!$1:$1, 0), _xlpm.fila, MATCH($A64, Minimos!$A:$A, 0), _xlpm.val, INDEX(Minimos!$A:$ZZ, _xlpm.fila, _xlpm.colIni), IF(_xlpm.val="", "", _xlpm.val) ), "")} -> 17.9 | AV64: {=IFERROR( _xlfn.LET( _xlpm.mesNum, E$2, _xlpm.mesTxt, INDEX({"ENERO","FEBRERO","MARZO","ABRIL","MAYO","JUNIO","JULIO","AGOSTO","SEPTIEMBRE","OCTUBRE","NOVIEMBRE","DICIEMBRE"}, _xlpm.mesNum), _xlpm.colIni, MATCH(_xlpm.mesTxt, Minimos!$1:$1, 0), _xlpm.fila, MATCH($A64, Minimos!$A:$A, 0), _xlpm.anio, INDEX(Minimos!$A:$ZZ, _xlpm.fila, _xlpm.colIni+1), _xlpm.dia, INDEX(Minimos!$A:$ZZ, _xlpm.fila, _xlpm.colIni+2), IF(OR(_xlpm.anio="",_xlpm.dia=""), "", DATE(_xlpm.anio, _xlpm.mesNum, _xlpm.dia)) ), "")} -> 33493 | AW64: =IF(OR(AT64="",AU64=""),"NA",IFERROR(AT64-AU64,"NA")) -> 3.9
A65: 35025110 | B65: La Libertad - Aut | C65: Area Operativa 03 - Meta-Guaviare-Guainía | D65: -73.467865 | E65: 4.057415 | F65: 340 | G65: 50 | H65: 50001 | I65: Meta | J65: Villavicencio | K65: 24 | L65: 22.2 | M65: 22.2 | N65: 22.8 | O65: 22.8 | P65: 22.4 | AP65: =COUNTIF(K65:AO65,">0") -> 6 | AQ65: =IF(AP65>14,AVERAGE(K65:AO65),"") | AR65: =IFERROR(VLOOKUP(A65,Climatologia!A:U,9+$E$2,FALSE),"") -> 21.684065 | AS65: =IF(OR(AQ65="",AR65=""),"",IFERROR(AQ65-AR65,"")) | AT65: =IF(COUNT(K65:AO65)=0,"",MIN(K65:AO65)) -> 22.2 | AU65: {=IFERROR( _xlfn.LET( _xlpm.mesTxt, INDEX({"ENERO","FEBRERO","MARZO","ABRIL","MAYO","JUNIO","JULIO","AGOSTO","SEPTIEMBRE","OCTUBRE","NOVIEMBRE","DICIEMBRE"}, E$2), _xlpm.colIni, MATCH(_xlpm.mesTxt, Minimos!$1:$1, 0), _xlpm.fila, MATCH($A65, Minimos!$A:$A, 0), _xlpm.val, INDEX(Minimos!$A:$ZZ, _xlpm.fila, _xlpm.colIni), IF(_xlpm.val="", "", _xlpm.val) ), "")} -> 18 | AV65: {=IFERROR( _xlfn.LET( _xlpm.mesNum, E$2, _xlpm.mesTxt, INDEX({"ENERO","FEBRERO","MARZO","ABRIL","MAYO","JUNIO","JULIO","AGOSTO","SEPTIEMBRE","OCTUBRE","NOVIEMBRE","DICIEMBRE"}, _xlpm.mesNum), _xlpm.colIni, MATCH(_xlpm.mesTxt, Minimos!$1:$1, 0), _xlpm.fila, MATCH($A65, Minimos!$A:$A, 0), _xlpm.anio, INDEX(Minimos!$A:$ZZ, _xlpm.fila, _xlpm.colIni+1), _xlpm.dia, INDEX(Minimos!$A:$ZZ, _xlpm.fila, _xlpm.colIni+2), IF(OR(_xlpm.anio="",_xlpm.dia=""), "", DATE(_xlpm.anio, _xlpm.mesNum, _xlpm.dia)) ), "")} -> 39330 | AW65: =IF(OR(AT65="",AU65=""),"NA",IFERROR(AT65-AU65,"NA")) -> 4.2
A66: 35035020 | B66: Aeropuerto Vanguardia | C66: Area Operativa 03 - Meta-Guaviare-Guainía | D66: -73.617583 | E66: 4.161917 | F66: 420 | G66: 50 | H66: 50001 | I66: Meta | J66: Villavicencio | AP66: =COUNTIF(K66:AO66,">0") -> 0 | AQ66: =IF(AP66>14,AVERAGE(K66:AO66),"") | AR66: =IFERROR(VLOOKUP(A66,Climatologia!A:U,9+$E$2,FALSE),"") -> 20.684828 | AS66: =IF(OR(AQ66="",AR66=""),"",IFERROR(AQ66-AR66,"")) | AT66: =IF(COUNT(K66:AO66)=0,"",MIN(K66:AO66)) | AU66: {=IFERROR( _xlfn.LET( _xlpm.mesTxt, INDEX({"ENERO","FEBRERO","MARZO","ABRIL","MAYO","JUNIO","JULIO","AGOSTO","SEPTIEMBRE","OCTUBRE","NOVIEMBRE","DICIEMBRE"}, E$2), _xlpm.colIni, MATCH(_xlpm.mesTxt, Minimos!$1:$1, 0), _xlpm.fila, MATCH($A66, Minimos!$A:$A, 0), _xlpm.val, INDEX(Minimos!$A:$ZZ, _xlpm.fila, _xlpm.colIni), IF(_xlpm.val="", "", _xlpm.val) ), "")} -> 17.8 | AV66: {=IFERROR( _xlfn.LET( _xlpm.mesNum, E$2, _xlpm.mesTxt, INDEX({"ENERO","FEBRERO","MARZO","ABRIL","MAYO","JUNIO","JULIO","AGOSTO","SEPTIEMBRE","OCTUBRE","NOVIEMBRE","DICIEMBRE"}, _xlpm.mesNum), _xlpm.colIni, MATCH(_xlpm.mesTxt, Minimos!$1:$1, 0), _xlpm.fila, MATCH($A66, Minimos!$A:$A, 0), _xlpm.anio, INDEX(Minimos!$A:$ZZ, _xlpm.fila, _xlpm.colIni+1), _xlpm.dia, INDEX(Minimos!$A:$ZZ, _xlpm.fila, _xlpm.colIni+2), IF(OR(_xlpm.anio="",_xlpm.dia=""), "", DATE(_xlpm.anio, _xlpm.mesNum, _xlpm.dia)) ), "")} -> 33868 | AW66: =IF(OR(AT66="",AU66=""),"NA",IFERROR(AT66-AU66,"NA")) -> NA
A67: 35045020 | B67: Hacienda La Cabaña | C67: Area Operativa 03 - Meta-Guaviare-Guainía | D67: -73.3575 | E67: 4.3004444 | F67: 310 | G67: 50 | H67: 50226 | I67: Meta | J67: Cumaral | K67: 21.4 | L67: 22 | M67: 20.8 | N67: 21.6 | O67: 21 | P67: 20.6 | AP67: =COUNTIF(K67:AO67,">0") -> 6 | AQ67: =IF(AP67>14,AVERAGE(K67:AO67),"") | AR67: =IFERROR(VLOOKUP(A67,Climatologia!A:U,9+$E$2,FALSE),"") -> 21.265393 | AS67: =IF(OR(AQ67="",AR67=""),"",IFERROR(AQ67-AR67,"")) | AT67: =IF(COUNT(K67:AO67)=0,"",MIN(K67:AO67)) -> 20.6 | AU67: {=IFERROR( _xlfn.LET( _xlpm.mesTxt, INDEX({"ENERO","FEBRERO","MARZO","ABRIL","MAYO","JUNIO","JULIO","AGOSTO","SEPTIEMBRE","OCTUBRE","NOVIEMBRE","DICIEMBRE"}, E$2), _xlpm.colIni, MATCH(_xlpm.mesTxt, Minimos!$1:$1, 0), _xlpm.fila, MATCH($A67, Minimos!$A:$A, 0), _xlpm.val, INDEX(Minimos!$A:$ZZ, _xlpm.fila, _xlpm.colIni), IF(_xlpm.val="", "", _xlpm.val) ), "")} -> 18.2 | AV67: {=IFERROR( _xlfn.LET( _xlpm.mesNum, E$2, _xlpm.mesTxt, INDEX({"ENERO","FEBRERO","MARZO","ABRIL","MAYO","JUNIO","JULIO","AGOSTO","SEPTIEMBRE","OCTUBRE","NOVIEMBRE","DICIEMBRE"}, _xlpm.mesNum), _xlpm.colIni, MATCH(_xlpm.mesTxt, Minimos!$1:$1, 0), _xlpm.fila, MATCH($A67, Minimos!$A:$A, 0), _xlpm.anio, INDEX(Minimos!$A:$ZZ, _xlpm.fila, _xlpm.colIni+1), _xlpm.dia, INDEX(Minimos!$A:$ZZ, _xlpm.fila, _xlpm.colIni+2), IF(OR(_xlpm.anio="",_xlpm.dia=""), "", DATE(_xlpm.anio, _xlpm.mesNum, _xlpm.dia)) ), "")} -> 30931 | AW67: =IF(OR(AT67="",AU67=""),"NA",IFERROR(AT67-AU67,"NA")) -> 2.4
A68: 35095110 | B68: Huerta La Grande | C68: Area Operativa 03 - Meta-Guaviare-Guainía | D68: -72.915458 | E68: 4.65144 | F68: 345 | G68: 85 | H68: 85440 | I68: Casanare | J68: Villanueva | K68: 20.2 | L68: 21.4 | M68: 21.6 | N68: 22 | O68: 21.8 | P68: 20 | AP68: =COUNTIF(K68:AO68,">0") -> 6 | AQ68: =IF(AP68>14,AVERAGE(K68:AO68),"") | AR68: =IFERROR(VLOOKUP(A68,Climatologia!A:U,9+$E$2,FALSE),"") -> 21.303087 | AS68: =IF(OR(AQ68="",AR68=""),"",IFERROR(AQ68-AR68,"")) | AT68: =IF(COUNT(K68:AO68)=0,"",MIN(K68:AO68)) -> 20 | AU68: {=IFERROR( _xlfn.LET( _xlpm.mesTxt, INDEX({"ENERO","FEBRERO","MARZO","ABRIL","MAYO","JUNIO","JULIO","AGOSTO","SEPTIEMBRE","OCTUBRE","NOVIEMBRE","DICIEMBRE"}, E$2), _xlpm.colIni, MATCH(_xlpm.mesTxt, Minimos!$1:$1, 0), _xlpm.fila, MATCH($A68, Minimos!$A:$A, 0), _xlpm.val, INDEX(Minimos!$A:$ZZ, _xlpm.fila, _xlpm.colIni), IF(_xlpm.val="", "", _xlpm.val) ), "")} | AV68: {=IFERROR( _xlfn.LET( _xlpm.mesNum, E$2, _xlpm.mesTxt, INDEX({"ENERO","FEBRERO","MARZO","ABRIL","MAYO","JUNIO","JULIO","AGOSTO","SEPTIEMBRE","OCTUBRE","NOVIEMBRE","DICIEMBRE"}, _xlpm.mesNum), _xlpm.colIni, MATCH(_xlpm.mesTxt, Minimos!$1:$1, 0), _xlpm.fila, MATCH($A68, Minimos!$A:$A, 0), _xlpm.anio, INDEX(Minimos!$A:$ZZ, _xlpm.fila, _xlpm.colIni+1), _xlpm.dia, INDEX(Minimos!$A:$ZZ, _xlpm.fila, _xlpm.colIni+2), IF(OR(_xlpm.anio="",_xlpm.dia=""), "", DATE(_xlpm.anio, _xlpm.mesNum, _xlpm.dia)) ), "")} | AW68: =IF(OR(AT68="",AU68=""),"NA",IFERROR(AT68-AU68,"NA")) -> NA
A69: 35105050 | B69: Guaicaramo | C69: Area Operativa 03 - Meta-Guaviare-Guainía | D69: -72.95364 | E69: 4.46865 | F69: 199 | G69: 50 | H69: 50110 | I69: Meta | J69: Barranca De Upía | K69: 23.6 | L69: 22.6 | M69: 22.4 | N69: 23.8 | AP69: =COUNTIF(K69:AO69,">0") -> 4 | AQ69: =IF(AP69>14,AVERAGE(K69:AO69),"") | AR69: =IFERROR(VLOOKUP(A69,Climatologia!A:U,9+$E$2,FALSE),"") -> 21.233794 | AS69: =IF(OR(AQ69="",AR69=""),"",IFERROR(AQ69-AR69,"")) | AT69: =IF(COUNT(K69:AO69)=0,"",MIN(K69:AO69)) -> 22.4 | AU69: {=IFERROR( _xlfn.LET( _xlpm.mesTxt, INDEX({"ENERO","FEBRERO","MARZO","ABRIL","MAYO","JUNIO","JULIO","AGOSTO","SEPTIEMBRE","OCTUBRE","NOVIEMBRE","DICIEMBRE"}, E$2), _xlpm.colIni, MATCH(_xlpm.mesTxt, Minimos!$1:$1, 0), _xlpm.fila, MATCH($A69, Minimos!$A:$A, 0), _xlpm.val, INDEX(Minimos!$A:$ZZ, _xlpm.fila, _xlpm.colIni), IF(_xlpm.val="", "", _xlpm.val) ), "")} -> 18.4 | AV69: {=IFERROR( _xlfn.LET( _xlpm.mesNum, E$2, _xlpm.mesTxt, INDEX({"ENERO","FEBRERO","MARZO","ABRIL","MAYO","JUNIO","JULIO","AGOSTO","SEPTIEMBRE","OCTUBRE","NOVIEMBRE","DICIEMBRE"}, _xlpm.mesNum), _xlpm.colIni, MATCH(_xlpm.mesTxt, Minimos!$1:$1, 0), _xlpm.fila, MATCH($A69, Minimos!$A:$A, 0), _xlpm.anio, INDEX(Minimos!$A:$ZZ, _xlpm.fila, _xlpm.colIni+1), _xlpm.dia, INDEX(Minimos!$A:$ZZ, _xlpm.fila, _xlpm.colIni+2), IF(OR(_xlpm.anio="",_xlpm.dia=""), "", DATE(_xlpm.anio, _xlpm.mesNum, _xlpm.dia)) ), "")} -> 35323 | AW69: =IF(OR(AT69="",AU69=""),"NA",IFERROR(AT69-AU69,"NA")) -> 4
A70: 35225030 | B70: Modulos - Aut | C70: Area Operativa 03 - Meta-Guaviare-Guainía | D70: -71.433083 | E70: 4.910528 | F70: 139 | G70: 85 | H70: 85230 | I70: Casanare | J70: Orocué | K70: 24.2 | L70: 22.3 | M70: 24 | N70: 23.3 | O70: 24 | AP70: =COUNTIF(K70:AO70,">0") -> 5 | AQ70: =IF(AP70>14,AVERAGE(K70:AO70),"") | AR70: =IFERROR(VLOOKUP(A70,Climatologia!A:U,9+$E$2,FALSE),"") -> 22.623353 | AS70: =IF(OR(AQ70="",AR70=""),"",IFERROR(AQ70-AR70,"")) | AT70: =IF(COUNT(K70:AO70)=0,"",MIN(K70:AO70)) -> 22.3 | AU70: {=IFERROR( _xlfn.LET( _xlpm.mesTxt, INDEX({"ENERO","FEBRERO","MARZO","ABRIL","MAYO","JUNIO","JULIO","AGOSTO","SEPTIEMBRE","OCTUBRE","NOVIEMBRE","DICIEMBRE"}, E$2), _xlpm.colIni, MATCH(_xlpm.mesTxt, Minimos!$1:$1, 0), _xlpm.fila, MATCH($A70, Minimos!$A:$A, 0), _xlpm.val, INDEX(Minimos!$A:$ZZ, _xlpm.fila, _xlpm.colIni), IF(_xlpm.val="", "", _xlpm.val) ), "")} -> 14 | AV70: {=IFERROR( _xlfn.LET( _xlpm.mesNum, E$2, _xlpm.mesTxt, INDEX({"ENERO","FEBRERO","MARZO","ABRIL","MAYO","JUNIO","JULIO","AGOSTO","SEPTIEMBRE","OCTUBRE","NOVIEMBRE","DICIEMBRE"}, _xlpm.mesNum), _xlpm.colIni, MATCH(_xlpm.mesTxt, Minimos!$1:$1, 0), _xlpm.fila, MATCH($A70, Minimos!$A:$A, 0), _xlpm.anio, INDEX(Minimos!$A:$ZZ, _xlpm.fila, _xlpm.colIni+1), _xlpm.dia, INDEX(Minimos!$A:$ZZ, _xlpm.fila, _xlpm.colIni+2), IF(OR(_xlpm.anio="",_xlpm.dia=""), "", DATE(_xlpm.anio, _xlpm.mesNum, _xlpm.dia)) ), "")} -> 30207 | AW70: =IF(OR(AT70="",AU70=""),"NA",IFERROR(AT70-AU70,"NA")) -> 8.3
A71: 42075010 | B71: Mitu | C71: Area Operativa 03 - Meta-Guaviare-Guainía | D71: -70.239204 | E71: 1.259702 | F71: 168 | G71: 97 | H71: 97001 | I71: Vaupés | J71: Mitú | K71: 23.3 | L71: 23.3 | M71: 22.3 | N71: 21.3 | O71: 21.3 | P71: 21.3 | AP71: =COUNTIF(K71:AO71,">0") -> 6 | AQ71: =IF(AP71>14,AVERAGE(K71:AO71),"") | AR71: =IFERROR(VLOOKUP(A71,Climatologia!A:U,9+$E$2,FALSE),"") -> 21.58914 | AS71: =IF(OR(AQ71="",AR71=""),"",IFERROR(AQ71-AR71,"")) | AT71: =IF(COUNT(K71:AO71)=0,"",MIN(K71:AO71)) -> 21.3 | AU71: {=IFERROR( _xlfn.LET( _xlpm.mesTxt, INDEX({"ENERO","FEBRERO","MARZO","ABRIL","MAYO","JUNIO","JULIO","AGOSTO","SEPTIEMBRE","OCTUBRE","NOVIEMBRE","DICIEMBRE"}, E$2), _xlpm.colIni, MATCH(_xlpm.mesTxt, Minimos!$1:$1, 0), _xlpm.fila, MATCH($A71, Minimos!$A:$A, 0), _xlpm.val, INDEX(Minimos!$A:$ZZ, _xlpm.fila, _xlpm.colIni), IF(_xlpm.val="", "", _xlpm.val) ), "")} -> 17.2 | AV71: {=IFERROR( _xlfn.LET( _xlpm.mesNum, E$2, _xlpm.mesTxt, INDEX({"ENERO","FEBRERO","MARZO","ABRIL","MAYO","JUNIO","JULIO","AGOSTO","SEPTIEMBRE","OCTUBRE","NOVIEMBRE","DICIEMBRE"}, _xlpm.mesNum), _xlpm.colIni, MATCH(_xlpm.mesTxt, Minimos!$1:$1, 0), _xlpm.fila, MATCH($A71, Minimos!$A:$A, 0), _xlpm.anio, INDEX(Minimos!$A:$ZZ, _xlpm.fila, _xlpm.colIni+1), _xlpm.dia, INDEX(Minimos!$A:$ZZ, _xlpm.fila, _xlpm.colIni+2), IF(OR(_xlpm.anio="",_xlpm.dia=""), "", DATE(_xlpm.anio, _xlpm.mesNum, _xlpm.dia)) ), "")} -> 37136 | AW71: =IF(OR(AT71="",AU71=""),"NA",IFERROR(AT71-AU71,"NA")) -> 4.1
A72: 3502500006 | B72: Morichal | C72: Area Operativa 03 - Meta-Guaviare-Guainía | D72: -73.242964 | E72: 3.9325472 | F72: 277 | G72: 50 | H72: 50680 | I72: Meta | J72: San Carlos De Guaroa | K72: 20.8 | L72: 21.8 | M72: 20.8 | N72: 20.8 | O72: 21 | P72: 20.8 | AP72: =COUNTIF(K72:AO72,">0") -> 6 | AQ72: =IF(AP72>14,AVERAGE(K72:AO72),"") | AR72: =IFERROR(VLOOKUP(A72,Climatologia!A:U,9+$E$2,FALSE),"") | AS72: =IF(OR(AQ72="",AR72=""),"",IFERROR(AQ72-AR72,"")) | AT72: =IF(COUNT(K72:AO72)=0,"",MIN(K72:AO72)) -> 20.8 | AU72: {=IFERROR( _xlfn.LET( _xlpm.mesTxt, INDEX({"ENERO","FEBRERO","MARZO","ABRIL","MAYO","JUNIO","JULIO","AGOSTO","SEPTIEMBRE","OCTUBRE","NOVIEMBRE","DICIEMBRE"}, E$2), _xlpm.colIni, MATCH(_xlpm.mesTxt, Minimos!$1:$1, 0), _xlpm.fila, MATCH($A72, Minimos!$A:$A, 0), _xlpm.val, INDEX(Minimos!$A:$ZZ, _xlpm.fila, _xlpm.colIni), IF(_xlpm.val="", "", _xlpm.val) ), "")} -> 19 | AV72: {=IFERROR( _xlfn.LET( _xlpm.mesNum, E$2, _xlpm.mesTxt, INDEX({"ENERO","FEBRERO","MARZO","ABRIL","MAYO","JUNIO","JULIO","AGOSTO","SEPTIEMBRE","OCTUBRE","NOVIEMBRE","DICIEMBRE"}, _xlpm.mesNum), _xlpm.colIni, MATCH(_xlpm.mesTxt, Minimos!$1:$1, 0), _xlpm.fila, MATCH($A72, Minimos!$A:$A, 0), _xlpm.anio, INDEX(Minimos!$A:$ZZ, _xlpm.fila, _xlpm.colIni+1), _xlpm.dia, INDEX(Minimos!$A:$ZZ, _xlpm.fila, _xlpm.colIni+2), IF(OR(_xlpm.anio="",_xlpm.dia=""), "", DATE(_xlpm.anio, _xlpm.mesNum, _xlpm.dia)) ), "")} -> 44091 | AW72: =IF(OR(AT72="",AU72=""),"NA",IFERROR(AT72-AU72,"NA")) -> 1.8
A73: 21025030 | B73: Altamira El Grifo Aut | C73: Area Operativa 04 - Huila-Caquetá | D73: -75.736222 | E73: 2.0791667 | F73: 1368 | G73: 41 | H73: 41026 | I73: Huila | J73: Altamira | K73: 18.2 | L73: 16.4 | M73: 17.2 | N73: 18.2 | O73: 17.2 | P73: 17.4 | AP73: =COUNTIF(K73:AO73,">0") -> 6 | AQ73: =IF(AP73>14,AVERAGE(K73:AO73),"") | AR73: =IFERROR(VLOOKUP(A73,Climatologia!A:U,9+$E$2,FALSE),"") -> 16.856864 | AS73: =IF(OR(AQ73="",AR73=""),"",IFERROR(AQ73-AR73,"")) | AT73: =IF(COUNT(K73:AO73)=0,"",MIN(K73:AO73)) -> 16.4 | AU73: {=IFERROR( _xlfn.LET( _xlpm.mesTxt, INDEX({"ENERO","FEBRERO","MARZO","ABRIL","MAYO","JUNIO","JULIO","AGOSTO","SEPTIEMBRE","OCTUBRE","NOVIEMBRE","DICIEMBRE"}, E$2), _xlpm.colIni, MATCH(_xlpm.mesTxt, Minimos!$1:$1, 0), _xlpm.fila, MATCH($A73, Minimos!$A:$A, 0), _xlpm.val, INDEX(Minimos!$A:$ZZ, _xlpm.fila, _xlpm.colIni), IF(_xlpm.val="", "", _xlpm.val) ), "")} -> 14.2 | AV73: {=IFERROR( _xlfn.LET( _xlpm.mesNum, E$2, _xlpm.mesTxt, INDEX({"ENERO","FEBRERO","MARZO","ABRIL","MAYO","JUNIO","JULIO","AGOSTO","SEPTIEMBRE","OCTUBRE","NOVIEMBRE","DICIEMBRE"}, _xlpm.mesNum), _xlpm.colIni, MATCH(_xlpm.mesTxt, Minimos!$1:$1, 0), _xlpm.fila, MATCH($A73, Minimos!$A:$A, 0), _xlpm.anio, INDEX(Minimos!$A:$ZZ, _xlpm.fila, _xlpm.colIni+1), _xlpm.dia, INDEX(Minimos!$A:$ZZ, _xlpm.fila, _xlpm.colIni+2), IF(OR(_xlpm.anio="",_xlpm.dia=""), "", DATE(_xlpm.anio, _xlpm.mesNum, _xlpm.dia)) ), "")} -> 37510 | AW73: =IF(OR(AT73="",AU73=""),"NA",IFERROR(AT73-AU73,"NA")) -> 2.2
A74: 21055030 | B74: Santa Leticia | C74: Area Operativa 04 - Huila-Caquetá | D74: -76.16 | E74: 2.24 | F74: 2085 | G74: 19 | H74: 19355 | I74: Cauca | J74: Inzá | K74: 11.2 | L74: 11.2 | M74: 13 | N74: 12.2 | O74: 12.4 | P74: 12.2 | AP74: =COUNTIF(K74:AO74,">0") -> 6 | AQ74: =IF(AP74>14,AVERAGE(K74:AO74),"") | AR74: =IFERROR(VLOOKUP(A74,Climatologia!A:U,9+$E$2,FALSE),"") -> 11.565428 | AS74: =IF(OR(AQ74="",AR74=""),"",IFERROR(AQ74-AR74,"")) | AT74: =IF(COUNT(K74:AO74)=0,"",MIN(K74:AO74)) -> 11.2 | AU74: {=IFERROR( _xlfn.LET( _xlpm.mesTxt, INDEX({"ENERO","FEBRERO","MARZO","ABRIL","MAYO","JUNIO","JULIO","AGOSTO","SEPTIEMBRE","OCTUBRE","NOVIEMBRE","DICIEMBRE"}, E$2), _xlpm.colIni, MATCH(_xlpm.mesTxt, Minimos!$1:$1, 0), _xlpm.fila, MATCH($A74, Minimos!$A:$A, 0), _xlpm.val, INDEX(Minimos!$A:$ZZ, _xlpm.fila, _xlpm.colIni), IF(_xlpm.val="", "", _xlpm.val) ), "")} -> 8 | AV74: {=IFERROR( _xlfn.LET( _xlpm.mesNum, E$2, _xlpm.mesTxt, INDEX({"ENERO","FEBRERO","MARZO","ABRIL","MAYO","JUNIO","JULIO","AGOSTO","SEPTIEMBRE","OCTUBRE","NOVIEMBRE","DICIEMBRE"}, _xlpm.mesNum), _xlpm.colIni, MATCH(_xlpm.mesTxt, Minimos!$1:$1, 0), _xlpm.fila, MATCH($A74, Minimos!$A:$A, 0), _xlpm.anio, INDEX(Minimos!$A:$ZZ, _xlpm.fila, _xlpm.colIni+1), _xlpm.dia, INDEX(Minimos!$A:$ZZ, _xlpm.fila, _xlpm.colIni+2), IF(OR(_xlpm.anio="",_xlpm.dia=""), "", DATE(_xlpm.anio, _xlpm.mesNum, _xlpm.dia)) ), "")} -> 34218 | AW74: =IF(OR(AT74="",AU74=""),"NA",IFERROR(AT74-AU74,"NA")) -> 3.2
A75: 21065040 | B75: Zuluaga Aut | C75: Area Operativa 04 - Huila-Caquetá | D75: -75.529444 | E75: 2.2525 | F75: 1270 | G75: 41 | H75: 41298 | I75: Huila | J75: Garzón | K75: 14.2 | L75: 14 | M75: 17.2 | N75: 16.2 | O75: 17.2 | P75: 17 | AP75: =COUNTIF(K75:AO75,">0") -> 6 | AQ75: =IF(AP75>14,AVERAGE(K75:AO75),"") | AR75: =IFERROR(VLOOKUP(A75,Climatologia!A:U,9+$E$2,FALSE),"") -> 15.41516 | AS75: =IF(OR(AQ75="",AR75=""),"",IFERROR(AQ75-AR75,"")) | AT75: =IF(COUNT(K75:AO75)=0,"",MIN(K75:AO75)) -> 14 | AU75: {=IFERROR( _xlfn.LET( _xlpm.mesTxt, INDEX({"ENERO","FEBRERO","MARZO","ABRIL","MAYO","JUNIO","JULIO","AGOSTO","SEPTIEMBRE","OCTUBRE","NOVIEMBRE","DICIEMBRE"}, E$2), _xlpm.colIni, MATCH(_xlpm.mesTxt, Minimos!$1:$1, 0), _xlpm.fila, MATCH($A75, Minimos!$A:$A, 0), _xlpm.val, INDEX(Minimos!$A:$ZZ, _xlpm.fila, _xlpm.colIni), IF(_xlpm.val="", "", _xlpm.val) ), "")} -> 11.4 | AV75: {=IFERROR( _xlfn.LET( _xlpm.mesNum, E$2, _xlpm.mesTxt, INDEX({"ENERO","FEBRERO","MARZO","ABRIL","MAYO","JUNIO","JULIO","AGOSTO","SEPTIEMBRE","OCTUBRE","NOVIEMBRE","DICIEMBRE"}, _xlpm.mesNum), _xlpm.colIni, MATCH(_xlpm.mesTxt, Minimos!$1:$1, 0), _xlpm.fila, MATCH($A75, Minimos!$A:$A, 0), _xlpm.anio, INDEX(Minimos!$A:$ZZ, _xlpm.fila, _xlpm.colIni+1), _xlpm.dia, INDEX(Minimos!$A:$ZZ, _xlpm.fila, _xlpm.colIni+2), IF(OR(_xlpm.anio="",_xlpm.dia=""), "", DATE(_xlpm.anio, _xlpm.mesNum, _xlpm.dia)) ), "")} -> 30571 | AW75: =IF(OR(AT75="",AU75=""),"NA",IFERROR(AT75-AU75,"NA")) -> 2.6
A76: 21115100 | B76: Palacio-Vegalarga | C76: Area Operativa 04 - Huila-Caquetá | D76: -75.066389 | E76: 2.9426389 | F76: 1100 | G76: 41 | H76: 41001 | I76: Huila | J76: Neiva | K76: 18 | L76: 16 | M76: 15.8 | N76: 18.2 | O76: 17.8 | P76: 18 | AP76: =COUNTIF(K76:AO76,">0") -> 6 | AQ76: =IF(AP76>14,AVERAGE(K76:AO76),"") | AR76: =IFERROR(VLOOKUP(A76,Climatologia!A:U,9+$E$2,FALSE),"") -> 18.65631 | AS76: =IF(OR(AQ76="",AR76=""),"",IFERROR(AQ76-AR76,"")) | AT76: =IF(COUNT(K76:AO76)=0,"",MIN(K76:AO76)) -> 15.8 | AU76: {=IFERROR( _xlfn.LET( _xlpm.mesTxt, INDEX({"ENERO","FEBRERO","MARZO","ABRIL","MAYO","JUNIO","JULIO","AGOSTO","SEPTIEMBRE","OCTUBRE","NOVIEMBRE","DICIEMBRE"}, E$2), _xlpm.colIni, MATCH(_xlpm.mesTxt, Minimos!$1:$1, 0), _xlpm.fila, MATCH($A76, Minimos!$A:$A, 0), _xlpm.val, INDEX(Minimos!$A:$ZZ, _xlpm.fila, _xlpm.colIni), IF(_xlpm.val="", "", _xlpm.val) ), "")} -> 14.6 | AV76: {=IFERROR( _xlfn.LET( _xlpm.mesNum, E$2, _xlpm.mesTxt, INDEX({"ENERO","FEBRERO","MARZO","ABRIL","MAYO","JUNIO","JULIO","AGOSTO","SEPTIEMBRE","OCTUBRE","NOVIEMBRE","DICIEMBRE"}, _xlpm.mesNum), _xlpm.colIni, MATCH(_xlpm.mesTxt, Minimos!$1:$1, 0), _xlpm.fila, MATCH($A76, Minimos!$A:$A, 0), _xlpm.anio, INDEX(Minimos!$A:$ZZ, _xlpm.fila, _xlpm.colIni+1), _xlpm.dia, INDEX(Minimos!$A:$ZZ, _xlpm.fila, _xlpm.colIni+2), IF(OR(_xlpm.anio="",_xlpm.dia=""), "", DATE(_xlpm.anio, _xlpm.mesNum, _xlpm.dia)) ), "")} -> 33873 | AW76: =IF(OR(AT76="",AU76=""),"NA",IFERROR(AT76-AU76,"NA")) -> 1.2
A77: 21135030 | B77: Anchique | C77: Area Operativa 04 - Huila-Caquetá | D77: -75.109 | E77: 3.5738333 | F77: 415 | G77: 73 | H77: 73483 | I77: Tolima | J77: Natagaima | K77: 26 | L77: 25.8 | M77: 24 | N77: 27.8 | O77: 28.8 | P77: 28.8 | AP77: =COUNTIF(K77:AO77,">0") -> 6 | AQ77: =IF(AP77>14,AVERAGE(K77:AO77),"") | AR77: =IFERROR(VLOOKUP(A77,Climatologia!A:U,9+$E$2,FALSE),"") -> 24.258489 | AS77: =IF(OR(AQ77="",AR77=""),"",IFERROR(AQ77-AR77,"")) | AT77: =IF(COUNT(K77:AO77)=0,"",MIN(K77:AO77)) -> 24 | AU77: {=IFERROR( _xlfn.LET( _xlpm.mesTxt, INDEX({"ENERO","FEBRERO","MARZO","ABRIL","MAYO","JUNIO","JULIO","AGOSTO","SEPTIEMBRE","OCTUBRE","NOVIEMBRE","DICIEMBRE"}, E$2), _xlpm.colIni, MATCH(_xlpm.mesTxt, Minimos!$1:$1, 0), _xlpm.fila, MATCH($A77, Minimos!$A:$A, 0), _xlpm.val, INDEX(Minimos!$A:$ZZ, _xlpm.fila, _xlpm.colIni), IF(_xlpm.val="", "", _xlpm.val) ), "")} -> 18.6 | AV77: {=IFERROR( _xlfn.LET( _xlpm.mesNum, E$2, _xlpm.mesTxt, INDEX({"ENERO","FEBRERO","MARZO","ABRIL","MAYO","JUNIO","JULIO","AGOSTO","SEPTIEMBRE","OCTUBRE","NOVIEMBRE","DICIEMBRE"}, _xlpm.mesNum), _xlpm.colIni, MATCH(_xlpm.mesTxt, Minimos!$1:$1, 0), _xlpm.fila, MATCH($A77, Minimos!$A:$A, 0), _xlpm.anio, INDEX(Minimos!$A:$ZZ, _xlpm.fila, _xlpm.colIni+1), _xlpm.dia, INDEX(Minimos!$A:$ZZ, _xlpm.fila, _xlpm.colIni+2), IF(OR(_xlpm.anio="",_xlpm.dia=""), "", DATE(_xlpm.anio, _xlpm.mesNum, _xlpm.dia)) ), "")} -> 29833 | AW77: =IF(OR(AT77="",AU77=""),"NA",IFERROR(AT77-AU77,"NA")) -> 5.4
A78: 21145040 | B78: San Alfonso | C78: Area Operativa 04 - Huila-Caquetá | D78: -75.110111 | E78: 3.3733611 | F78: 440 | G78: 41 | H78: 41872 | I78: Huila | J78: Villavieja | K78: 24.6 | L78: 23.6 | M78: 22.6 | N78: 24.8 | O78: 24.8 | P78: 27.8 | AP78: =COUNTIF(K78:AO78,">0") -> 6 | AQ78: =IF(AP78>14,AVERAGE(K78:AO78),"") | AR78: =IFERROR(VLOOKUP(A78,Climatologia!A:U,9+$E$2,FALSE),"") -> 23.486005 | AS78: =IF(OR(AQ78="",AR78=""),"",IFERROR(AQ78-AR78,"")) | AT78: =IF(COUNT(K78:AO78)=0,"",MIN(K78:AO78)) -> 22.6 | AU78: {=IFERROR( _xlfn.LET( _xlpm.mesTxt, INDEX({"ENERO","FEBRERO","MARZO","ABRIL","MAYO","JUNIO","JULIO","AGOSTO","SEPTIEMBRE","OCTUBRE","NOVIEMBRE","DICIEMBRE"}, E$2), _xlpm.colIni, MATCH(_xlpm.mesTxt, Minimos!$1:$1, 0), _xlpm.fila, MATCH($A78, Minimos!$A:$A, 0), _xlpm.val, INDEX(Minimos!$A:$ZZ, _xlpm.fila, _xlpm.colIni), IF(_xlpm.val="", "", _xlpm.val) ), "")} -> 18 | AV78: {=IFERROR( _xlfn.LET( _xlpm.mesNum, E$2, _xlpm.mesTxt, INDEX({"ENERO","FEBRERO","MARZO","ABRIL","MAYO","JUNIO","JULIO","AGOSTO","SEPTIEMBRE","OCTUBRE","NOVIEMBRE","DICIEMBRE"}, _xlpm.mesNum), _xlpm.colIni, MATCH(_xlpm.mesTxt, Minimos!$1:$1, 0), _xlpm.fila, MATCH($A78, Minimos!$A:$A, 0), _xlpm.anio, INDEX(Minimos!$A:$ZZ, _xlpm.fila, _xlpm.colIni+1), _xlpm.dia, INDEX(Minimos!$A:$ZZ, _xlpm.fila, _xlpm.colIni+2), IF(OR(_xlpm.anio="",_xlpm.dia=""), "", DATE(_xlpm.anio, _xlpm.mesNum, _xlpm.dia)) ), "")} -> 29099 | AW78: =IF(OR(AT78="",AU78=""),"NA",IFERROR(AT78-AU78,"NA")) -> 4.6
A79: 21145080 | B79: Santa Ana - Aut | C79: Area Operativa 04 - Huila-Caquetá | D79: -74.702944 | E79: 3.5897778 | F79: 1410 | G79: 41 | H79: 41206 | I79: Huila | J79: Colombia | K79: 14.8 | L79: 15 | M79: 14.4 | N79: 14.2 | O79: 14.2 | P79: 15.2 | AP79: =COUNTIF(K79:AO79,">0") -> 6 | AQ79: =IF(AP79>14,AVERAGE(K79:AO79),"") | AR79: =IFERROR(VLOOKUP(A79,Climatologia!A:U,9+$E$2,FALSE),"") -> 15.677802 | AS79: =IF(OR(AQ79="",AR79=""),"",IFERROR(AQ79-AR79,"")) | AT79: =IF(COUNT(K79:AO79)=0,"",MIN(K79:AO79)) -> 14.2 | AU79: {=IFERROR( _xlfn.LET( _xlpm.mesTxt, INDEX({"ENERO","FEBRERO","MARZO","ABRIL","MAYO","JUNIO","JULIO","AGOSTO","SEPTIEMBRE","OCTUBRE","NOVIEMBRE","DICIEMBRE"}, E$2), _xlpm.colIni, MATCH(_xlpm.mesTxt, Minimos!$1:$1, 0), _xlpm.fila, MATCH($A79, Minimos!$A:$A, 0), _xlpm.val, INDEX(Minimos!$A:$ZZ, _xlpm.fila, _xlpm.colIni), IF(_xlpm.val="", "", _xlpm.val) ), "")} | AV79: {=IFERROR( _xlfn.LET( _xlpm.mesNum, E$2, _xlpm.mesTxt, INDEX({"ENERO","FEBRERO","MARZO","ABRIL","MAYO","JUNIO","JULIO","AGOSTO","SEPTIEMBRE","OCTUBRE","NOVIEMBRE","DICIEMBRE"}, _xlpm.mesNum), _xlpm.colIni, MATCH(_xlpm.mesTxt, Minimos!$1:$1, 0), _xlpm.fila, MATCH($A79, Minimos!$A:$A, 0), _xlpm.anio, INDEX(Minimos!$A:$ZZ, _xlpm.fila, _xlpm.colIni+1), _xlpm.dia, INDEX(Minimos!$A:$ZZ, _xlpm.fila, _xlpm.colIni+2), IF(OR(_xlpm.anio="",_xlpm.dia=""), "", DATE(_xlpm.anio, _xlpm.mesNum, _xlpm.dia)) ), "")} | AW79: =IF(OR(AT79="",AU79=""),"NA",IFERROR(AT79-AU79,"NA")) -> NA
A80: 44045010 | B80: San Jose De Fragua | C80: Area Operativa 04 - Huila-Caquetá | D80: -75.9615 | E80: 1.3251389 | F80: 320 | G80: 18 | H80: 18610 | I80: Caquetá | J80: San José Del Fragua | AP80: =COUNTIF(K80:AO80,">0") -> 0 | AQ80: =IF(AP80>14,AVERAGE(K80:AO80),"") | AR80: =IFERROR(VLOOKUP(A80,Climatologia!A:U,9+$E$2,FALSE),"") -> 20.921409 | AS80: =IF(OR(AQ80="",AR80=""),"",IFERROR(AQ80-AR80,"")) | AT80: =IF(COUNT(K80:AO80)=0,"",MIN(K80:AO80)) | AU80: {=IFERROR( _xlfn.LET( _xlpm.mesTxt, INDEX({"ENERO","FEBRERO","MARZO","ABRIL","MAYO","JUNIO","JULIO","AGOSTO","SEPTIEMBRE","OCTUBRE","NOVIEMBRE","DICIEMBRE"}, E$2), _xlpm.colIni, MATCH(_xlpm.mesTxt, Minimos!$1:$1, 0), _xlpm.fila, MATCH($A80, Minimos!$A:$A, 0), _xlpm.val, INDEX(Minimos!$A:$ZZ, _xlpm.fila, _xlpm.colIni), IF(_xlpm.val="", "", _xlpm.val) ), "")} -> 17 | AV80: {=IFERROR( _xlfn.LET( _xlpm.mesNum, E$2, _xlpm.mesTxt, INDEX({"ENERO","FEBRERO","MARZO","ABRIL","MAYO","JUNIO","JULIO","AGOSTO","SEPTIEMBRE","OCTUBRE","NOVIEMBRE","DICIEMBRE"}, _xlpm.mesNum), _xlpm.colIni, MATCH(_xlpm.mesTxt, Minimos!$1:$1, 0), _xlpm.fila, MATCH($A80, Minimos!$A:$A, 0), _xlpm.anio, INDEX(Minimos!$A:$ZZ, _xlpm.fila, _xlpm.colIni+1), _xlpm.dia, INDEX(Minimos!$A:$ZZ, _xlpm.fila, _xlpm.colIni+2), IF(OR(_xlpm.anio="",_xlpm.dia=""), "", DATE(_xlpm.anio, _xlpm.mesNum, _xlpm.dia)) ), "")} -> 33132 | AW80: =IF(OR(AT80="",AU80=""),"NA",IFERROR(AT80-AU80,"NA")) -> NA
A81: 44045020 | B81: Valparaiso | C81: Area Operativa 04 - Huila-Caquetá | D81: -75.704472 | E81: 1.19525 | F81: 270 | G81: 18 | H81: 18860 | I81: Caquetá | J81: Valparaíso | K81: 23.6 | L81: 23.2 | M81: 23.2 | N81: 23.8 | O81: 23.6 | P81: 23.4 | AP81: =COUNTIF(K81:AO81,">0") -> 6 | AQ81: =IF(AP81>14,AVERAGE(K81:AO81),"") | AR81: =IFERROR(VLOOKUP(A81,Climatologia!A:U,9+$E$2,FALSE),"") -> 22.145798 | AS81: =IF(OR(AQ81="",AR81=""),"",IFERROR(AQ81-AR81,"")) | AT81: =IF(COUNT(K81:AO81)=0,"",MIN(K81:AO81)) -> 23.2 | AU81: {=IFERROR( _xlfn.LET( _xlpm.mesTxt, INDEX({"ENERO","FEBRERO","MARZO","ABRIL","MAYO","JUNIO","JULIO","AGOSTO","SEPTIEMBRE","OCTUBRE","NOVIEMBRE","DICIEMBRE"}, E$2), _xlpm.colIni, MATCH(_xlpm.mesTxt, Minimos!$1:$1, 0), _xlpm.fila, MATCH($A81, Minimos!$A:$A, 0), _xlpm.val, INDEX(Minimos!$A:$ZZ, _xlpm.fila, _xlpm.colIni), IF(_xlpm.val="", "", _xlpm.val) ), "")} -> 17.6 | AV81: {=IFERROR( _xlfn.LET( _xlpm.mesNum, E$2, _xlpm.mesTxt, INDEX({"ENERO","FEBRERO","MARZO","ABRIL","MAYO","JUNIO","JULIO","AGOSTO","SEPTIEMBRE","OCTUBRE","NOVIEMBRE","DICIEMBRE"}, _xlpm.mesNum), _xlpm.colIni, MATCH(_xlpm.mesTxt, Minimos!$1:$1, 0), _xlpm.fila, MATCH($A81, Minimos!$A:$A, 0), _xlpm.anio, INDEX(Minimos!$A:$ZZ, _xlpm.fila, _xlpm.colIni+1), _xlpm.dia, INDEX(Minimos!$A:$ZZ, _xlpm.fila, _xlpm.colIni+2), IF(OR(_xlpm.anio="",_xlpm.dia=""), "", DATE(_xlpm.anio, _xlpm.mesNum, _xlpm.dia)) ), "")} -> 33132 | AW81: =IF(OR(AT81="",AU81=""),"NA",IFERROR(AT81-AU81,"NA")) -> 5.6
A82: 15045010 | B82: Matitas | C82: Area Operativa 05 - Magdalena-Cesar-Guajira-San Andrés | D82: -73.030278 | E82: 11.263889 | F82: 20 | G82: 44 | H82: 44001 | I82: La Guajira | J82: Riohacha | AP82: =COUNTIF(K82:AO82,">0") -> 0 | AQ82: =IF(AP82>14,AVERAGE(K82:AO82),"") | AR82: =IFERROR(VLOOKUP(A82,Climatologia!A:U,9+$E$2,FALSE),"") | AS82: =IF(OR(AQ82="",AR82=""),"",IFERROR(AQ82-AR82,"")) | AT82: =IF(COUNT(K82:AO82)=0,"",MIN(K82:AO82)) | AU82: {=IFERROR( _xlfn.LET( _xlpm.mesTxt, INDEX({"ENERO","FEBRERO","MARZO","ABRIL","MAYO","JUNIO","JULIO","AGOSTO","SEPTIEMBRE","OCTUBRE","NOVIEMBRE","DICIEMBRE"}, E$2), _xlpm.colIni, MATCH(_xlpm.mesTxt, Minimos!$1:$1, 0), _xlpm.fila, MATCH($A82, Minimos!$A:$A, 0), _xlpm.val, INDEX(Minimos!$A:$ZZ, _xlpm.fila, _xlpm.colIni), IF(_xlpm.val="", "", _xlpm.val) ), "")} -> 18 | AV82: {=IFERROR( _xlfn.LET( _xlpm.mesNum, E$2, _xlpm.mesTxt, INDEX({"ENERO","FEBRERO","MARZO","ABRIL","MAYO","JUNIO","JULIO","AGOSTO","SEPTIEMBRE","OCTUBRE","NOVIEMBRE","DICIEMBRE"}, _xlpm.mesNum), _xlpm.colIni, MATCH(_xlpm.mesTxt, Minimos!$1:$1, 0), _xlpm.fila, MATCH($A82, Minimos!$A:$A, 0), _xlpm.anio, INDEX(Minimos!$A:$ZZ, _xlpm.fila, _xlpm.colIni+1), _xlpm.dia, INDEX(Minimos!$A:$ZZ, _xlpm.fila, _xlpm.colIni+2), IF(OR(_xlpm.anio="",_xlpm.dia=""), "", DATE(_xlpm.anio, _xlpm.mesNum, _xlpm.dia)) ), "")} -> 29125 | AW82: =IF(OR(AT82="",AU82=""),"NA",IFERROR(AT82-AU82,"NA")) -> NA
A83: 15075030 | B83: Manaure | C83: Area Operativa 05 - Magdalena-Cesar-Guajira-San Andrés | D83: -72.4635 | E83: 11.781056 | F83: 1 | G83: 44 | H83: 44560 | I83: La Guajira | J83: Manaure | K83: 27.2 | L83: 26.8 | M83: 27 | N83: 27.4 | O83: 28 | P83: 28.8 | AP83: =COUNTIF(K83:AO83,">0") -> 6 | AQ83: =IF(AP83>14,AVERAGE(K83:AO83),"") | AR83: =IFERROR(VLOOKUP(A83,Climatologia!A:U,9+$E$2,FALSE),"") | AS83: =IF(OR(AQ83="",AR83=""),"",IFERROR(AQ83-AR83,"")) | AT83: =IF(COUNT(K83:AO83)=0,"",MIN(K83:AO83)) -> 26.8 | AU83: {=IFERROR( _xlfn.LET( _xlpm.mesTxt, INDEX({"ENERO","FEBRERO","MARZO","ABRIL","MAYO","JUNIO","JULIO","AGOSTO","SEPTIEMBRE","OCTUBRE","NOVIEMBRE","DICIEMBRE"}, E$2), _xlpm.colIni, MATCH(_xlpm.mesTxt, Minimos!$1:$1, 0), _xlpm.fila, MATCH($A83, Minimos!$A:$A, 0), _xlpm.val, INDEX(Minimos!$A:$ZZ, _xlpm.fila, _xlpm.colIni), IF(_xlpm.val="", "", _xlpm.val) ), "")} -> 17.8 | AV83: {=IFERROR( _xlfn.LET( _xlpm.mesNum, E$2, _xlpm.mesTxt, INDEX({"ENERO","FEBRERO","MARZO","ABRIL","MAYO","JUNIO","JULIO","AGOSTO","SEPTIEMBRE","OCTUBRE","NOVIEMBRE","DICIEMBRE"}, _xlpm.mesNum), _xlpm.colIni, MATCH(_xlpm.mesTxt, Minimos!$1:$1, 0), _xlpm.fila, MATCH($A83, Minimos!$A:$A, 0), _xlpm.anio, INDEX(Minimos!$A:$ZZ, _xlpm.fila, _xlpm.colIni+1), _xlpm.dia, INDEX(Minimos!$A:$ZZ, _xlpm.fila, _xlpm.colIni+2), IF(OR(_xlpm.anio="",_xlpm.dia=""), "", DATE(_xlpm.anio, _xlpm.mesNum, _xlpm.dia)) ), "")} -> 31662 | AW83: =IF(OR(AT83="",AU83=""),"NA",IFERROR(AT83-AU83,"NA")) -> 9
A84: 15085030 | B84: Escuela Agricola Carraipia - Aut | C84: Area Operativa 05 - Magdalena-Cesar-Guajira-San Andrés | D84: -72.359944 | E84: 11.21675 | F84: 118 | G84: 44 | H84: 44430 | I84: La Guajira | J84: Maicao | K84: 25.4 | L84: 26.8 | M84: 27.2 | N84: 26 | O84: 27.6 | P84: 27 | AP84: =COUNTIF(K84:AO84,">0") -> 6 | AQ84: =IF(AP84>14,AVERAGE(K84:AO84),"") | AR84: =IFERROR(VLOOKUP(A84,Climatologia!A:U,9+$E$2,FALSE),"") -> 23.181812 | AS84: =IF(OR(AQ84="",AR84=""),"",IFERROR(AQ84-AR84,"")) | AT84: =IF(COUNT(K84:AO84)=0,"",MIN(K84:AO84)) -> 25.4 | AU84: {=IFERROR( _xlfn.LET( _xlpm.mesTxt, INDEX({"ENERO","FEBRERO","MARZO","ABRIL","MAYO","JUNIO","JULIO","AGOSTO","SEPTIEMBRE","OCTUBRE","NOVIEMBRE","DICIEMBRE"}, E$2), _xlpm.colIni, MATCH(_xlpm.mesTxt, Minimos!$1:$1, 0), _xlpm.fila, MATCH($A84, Minimos!$A:$A, 0), _xlpm.val, INDEX(Minimos!$A:$ZZ, _xlpm.fila, _xlpm.colIni), IF(_xlpm.val="", "", _xlpm.val) ), "")} -> 15.2 | AV84: {=IFERROR( _xlfn.LET( _xlpm.mesNum, E$2, _xlpm.mesTxt, INDEX({"ENERO","FEBRERO","MARZO","ABRIL","MAYO","JUNIO","JULIO","AGOSTO","SEPTIEMBRE","OCTUBRE","NOVIEMBRE","DICIEMBRE"}, _xlpm.mesNum), _xlpm.colIni, MATCH(_xlpm.mesTxt, Minimos!$1:$1, 0), _xlpm.fila, MATCH($A84, Minimos!$A:$A, 0), _xlpm.anio, INDEX(Minimos!$A:$ZZ, _xlpm.fila, _xlpm.colIni+1), _xlpm.dia, INDEX(Minimos!$A:$ZZ, _xlpm.fila, _xlpm.colIni+2), IF(OR(_xlpm.anio="",_xlpm.dia=""), "", DATE(_xlpm.anio, _xlpm.mesNum, _xlpm.dia)) ), "")} -> 33120 | AW84: =IF(OR(AT84="",AU84=""),"NA",IFERROR(AT84-AU84,"NA")) -> 10.2
A85: 25025002 | B85: Los Alamos - Aut | C85: Area Operativa 05 - Magdalena-Cesar-Guajira-San Andrés | D85: -74.273639 | E85: 9.3040556 | F85: 25 | G85: 47 | H85: 47692 | I85: Magdalena | J85: San Sebastián De Buenavista | K85: 23.6 | L85: 25.2 | M85: 23.6 | N85: 26.6 | O85: 24.8 | P85: 24.6 | AP85: =COUNTIF(K85:AO85,">0") -> 6 | AQ85: =IF(AP85>14,AVERAGE(K85:AO85),"") | AR85: =IFERROR(VLOOKUP(A85,Climatologia!A:U,9+$E$2,FALSE),"") -> 22.978703 | AS85: =IF(OR(AQ85="",AR85=""),"",IFERROR(AQ85-AR85,"")) | AT85: =IF(COUNT(K85:AO85)=0,"",MIN(K85:AO85)) -> 23.6 | AU85: {=IFERROR( _xlfn.LET( _xlpm.mesTxt, INDEX({"ENERO","FEBRERO","MARZO","ABRIL","MAYO","JUNIO","JULIO","AGOSTO","SEPTIEMBRE","OCTUBRE","NOVIEMBRE","DICIEMBRE"}, E$2), _xlpm.colIni, MATCH(_xlpm.mesTxt, Minimos!$1:$1, 0), _xlpm.fila, MATCH($A85, Minimos!$A:$A, 0), _xlpm.val, INDEX(Minimos!$A:$ZZ, _xlpm.fila, _xlpm.colIni), IF(_xlpm.val="", "", _xlpm.val) ), "")} -> 18 | AV85: {=IFERROR( _xlfn.LET( _xlpm.mesNum, E$2, _xlpm.mesTxt, INDEX({"ENERO","FEBRERO","MARZO","ABRIL","MAYO","JUNIO","JULIO","AGOSTO","SEPTIEMBRE","OCTUBRE","NOVIEMBRE","DICIEMBRE"}, _xlpm.mesNum), _xlpm.colIni, MATCH(_xlpm.mesTxt, Minimos!$1:$1, 0), _xlpm.fila, MATCH($A85, Minimos!$A:$A, 0), _xlpm.anio, INDEX(Minimos!$A:$ZZ, _xlpm.fila, _xlpm.colIni+1), _xlpm.dia, INDEX(Minimos!$A:$ZZ, _xlpm.fila, _xlpm.colIni+2), IF(OR(_xlpm.anio="",_xlpm.dia=""), "", DATE(_xlpm.anio, _xlpm.mesNum, _xlpm.dia)) ), "")} -> 38244 | AW85: =IF(OR(AT85="",AU85=""),"NA",IFERROR(AT85-AU85,"NA")) -> 5.6
A86: 28015070 | B86: Urumita Aut | C86: Area Operativa 05 - Magdalena-Cesar-Guajira-San Andrés | D86: -73.016389 | E86: 10.566389 | F86: 255 | G86: 44 | H86: 44855 | I86: La Guajira | J86: Urumita | K86: 20 | L86: 19.8 | M86: 21.8 | N86: 20 | O86: 21.8 | AP86: =COUNTIF(K86:AO86,">0") -> 5 | AQ86: =IF(AP86>14,AVERAGE(K86:AO86),"") | AR86: =IFERROR(VLOOKUP(A86,Climatologia!A:U,9+$E$2,FALSE),"") -> 22.373856 | AS86: =IF(OR(AQ86="",AR86=""),"",IFERROR(AQ86-AR86,"")) | AT86: =IF(COUNT(K86:AO86)=0,"",MIN(K86:AO86)) -> 19.8 | AU86: {=IFERROR( _xlfn.LET( _xlpm.mesTxt, INDEX({"ENERO","FEBRERO","MARZO","ABRIL","MAYO","JUNIO","JULIO","AGOSTO","SEPTIEMBRE","OCTUBRE","NOVIEMBRE","DICIEMBRE"}, E$2), _xlpm.colIni, MATCH(_xlpm.mesTxt, Minimos!$1:$1, 0), _xlpm.fila, MATCH($A86, Minimos!$A:$A, 0), _xlpm.val, INDEX(Minimos!$A:$ZZ, _xlpm.fila, _xlpm.colIni), IF(_xlpm.val="", "", _xlpm.val) ), "")} -> 18.5 | AV86: {=IFERROR( _xlfn.LET( _xlpm.mesNum, E$2, _xlpm.mesTxt, INDEX({"ENERO","FEBRERO","MARZO","ABRIL","MAYO","JUNIO","JULIO","AGOSTO","SEPTIEMBRE","OCTUBRE","NOVIEMBRE","DICIEMBRE"}, _xlpm.mesNum), _xlpm.colIni, MATCH(_xlpm.mesTxt, Minimos!$1:$1, 0), _xlpm.fila, MATCH($A86, Minimos!$A:$A, 0), _xlpm.anio, INDEX(Minimos!$A:$ZZ, _xlpm.fila, _xlpm.colIni+1), _xlpm.dia, INDEX(Minimos!$A:$ZZ, _xlpm.fila, _xlpm.colIni+2), IF(OR(_xlpm.anio="",_xlpm.dia=""), "", DATE(_xlpm.anio, _xlpm.mesNum, _xlpm.dia)) ), "")} -> 36430 | AW86: =IF(OR(AT86="",AU86=""),"NA",IFERROR(AT86-AU86,"NA")) -> 1.3
A87: 28035010 | B87: Villa Rosa | C87: Area Operativa 05 - Magdalena-Cesar-Guajira-San Andrés | D87: -73.547389 | E87: 10.190667 | F87: 70 | G87: 20 | H87: 20001 | I87: Cesar | J87: Valledupar | K87: 23.4 | M87: 24.2 | N87: 24 | O87: 26.6 | P87: 25 | AP87: =COUNTIF(K87:AO87,">0") -> 5 | AQ87: =IF(AP87>14,AVERAGE(K87:AO87),"") | AR87: =IFERROR(VLOOKUP(A87,Climatologia!A:U,9+$E$2,FALSE),"") -> 23.309073 | AS87: =IF(OR(AQ87="",AR87=""),"",IFERROR(AQ87-AR87,"")) | AT87: =IF(COUNT(K87:AO87)=0,"",MIN(K87:AO87)) -> 23.4 | AU87: {=IFERROR( _xlfn.LET( _xlpm.mesTxt, INDEX({"ENERO","FEBRERO","MARZO","ABRIL","MAYO","JUNIO","JULIO","AGOSTO","SEPTIEMBRE","OCTUBRE","NOVIEMBRE","DICIEMBRE"}, E$2), _xlpm.colIni, MATCH(_xlpm.mesTxt, Minimos!$1:$1, 0), _xlpm.fila, MATCH($A87, Minimos!$A:$A, 0), _xlpm.val, INDEX(Minimos!$A:$ZZ, _xlpm.fila, _xlpm.colIni), IF(_xlpm.val="", "", _xlpm.val) ), "")} -> 18 | AV87: {=IFERROR( _xlfn.LET( _xlpm.mesNum, E$2, _xlpm.mesTxt, INDEX({"ENERO","FEBRERO","MARZO","ABRIL","MAYO","JUNIO","JULIO","AGOSTO","SEPTIEMBRE","OCTUBRE","NOVIEMBRE","DICIEMBRE"}, _xlpm.mesNum), _xlpm.colIni, MATCH(_xlpm.mesTxt, Minimos!$1:$1, 0), _xlpm.fila, MATCH($A87, Minimos!$A:$A, 0), _xlpm.anio, INDEX(Minimos!$A:$ZZ, _xlpm.fila, _xlpm.colIni+1), _xlpm.dia, INDEX(Minimos!$A:$ZZ, _xlpm.fila, _xlpm.colIni+2), IF(OR(_xlpm.anio="",_xlpm.dia=""), "", DATE(_xlpm.anio, _xlpm.mesNum, _xlpm.dia)) ), "")} -> 31684 | AW87: =IF(OR(AT87="",AU87=""),"NA",IFERROR(AT87-AU87,"NA")) -> 5.4
A88: 28035020 | B88: El Callao | C88: Area Operativa 05 - Magdalena-Cesar-Guajira-San Andrés | D88: -73.319444 | E88: 10.363056 | F88: 110 | G88: 20 | H88: 20001 | I88: Cesar | J88: Valledupar | K88: 24 | L88: 24.2 | M88: 23.6 | N88: 22.8 | O88: 25.6 | P88: 25 | AP88: =COUNTIF(K88:AO88,">0") -> 6 | AQ88: =IF(AP88>14,AVERAGE(K88:AO88),"") | AR88: =IFERROR(VLOOKUP(A88,Climatologia!A:U,9+$E$2,FALSE),"") -> 22.641523 | AS88: =IF(OR(AQ88="",AR88=""),"",IFERROR(AQ88-AR88,"")) | AT88: =IF(COUNT(K88:AO88)=0,"",MIN(K88:AO88)) -> 22.8 | AU88: {=IFERROR( _xlfn.LET( _xlpm.mesTxt, INDEX({"ENERO","FEBRERO","MARZO","ABRIL","MAYO","JUNIO","JULIO","AGOSTO","SEPTIEMBRE","OCTUBRE","NOVIEMBRE","DICIEMBRE"}, E$2), _xlpm.colIni, MATCH(_xlpm.mesTxt, Minimos!$1:$1, 0), _xlpm.fila, MATCH($A88, Minimos!$A:$A, 0), _xlpm.val, INDEX(Minimos!$A:$ZZ, _xlpm.fila, _xlpm.colIni), IF(_xlpm.val="", "", _xlpm.val) ), "")} -> 17 | AV88: {=IFERROR( _xlfn.LET( _xlpm.mesNum, E$2, _xlpm.mesTxt, INDEX({"ENERO","FEBRERO","MARZO","ABRIL","MAYO","JUNIO","JULIO","AGOSTO","SEPTIEMBRE","OCTUBRE","NOVIEMBRE","DICIEMBRE"}, _xlpm.mesNum), _xlpm.colIni, MATCH(_xlpm.mesTxt, Minimos!$1:$1, 0), _xlpm.fila, MATCH($A88, Minimos!$A:$A, 0), _xlpm.anio, INDEX(Minimos!$A:$ZZ, _xlpm.fila, _xlpm.colIni+1), _xlpm.dia, INDEX(Minimos!$A:$ZZ, _xlpm.fila, _xlpm.colIni+2), IF(OR(_xlpm.anio="",_xlpm.dia=""), "", DATE(_xlpm.anio, _xlpm.mesNum, _xlpm.dia)) ), "")} -> 29469 | AW88: =IF(OR(AT88="",AU88=""),"NA",IFERROR(AT88-AU88,"NA")) -> 5.8
A89: 25025330 | B89: Colegio Agropecuario Pailitas | C89: Area Operativa 05 - Magdalena-Cesar-Guajira-San Andrés | D89: -73.630083 | E89: 8.9542222 | F89: 50 | G89: 20 | H89: 20517 | I89: Cesar | J89: Pailitas | K89: 24.8 | L89: 26.4 | M89: 24.2 | N89: 25.8 | O89: 25.6 | P89: 26.2 | AP89: =COUNTIF(K89:AO89,">0") -> 6 | AQ89: =IF(AP89>14,AVERAGE(K89:AO89),"") | AR89: =IFERROR(VLOOKUP(A89,Climatologia!A:U,9+$E$2,FALSE),"") -> 22.807321 | AS89: =IF(OR(AQ89="",AR89=""),"",IFERROR(AQ89-AR89,"")) | AT89: =IF(COUNT(K89:AO89)=0,"",MIN(K89:AO89)) -> 24.2 | AU89: {=IFERROR( _xlfn.LET( _xlpm.mesTxt, INDEX({"ENERO","FEBRERO","MARZO","ABRIL","MAYO","JUNIO","JULIO","AGOSTO","SEPTIEMBRE","OCTUBRE","NOVIEMBRE","DICIEMBRE"}, E$2), _xlpm.colIni, MATCH(_xlpm.mesTxt, Minimos!$1:$1, 0), _xlpm.fila, MATCH($A89, Minimos!$A:$A, 0), _xlpm.val, INDEX(Minimos!$A:$ZZ, _xlpm.fila, _xlpm.colIni), IF(_xlpm.val="", "", _xlpm.val) ), "")} -> 14.2 | AV89: {=IFERROR( _xlfn.LET( _xlpm.mesNum, E$2, _xlpm.mesTxt, INDEX({"ENERO","FEBRERO","MARZO","ABRIL","MAYO","JUNIO","JULIO","AGOSTO","SEPTIEMBRE","OCTUBRE","NOVIEMBRE","DICIEMBRE"}, _xlpm.mesNum), _xlpm.colIni, MATCH(_xlpm.mesTxt, Minimos!$1:$1, 0), _xlpm.fila, MATCH($A89, Minimos!$A:$A, 0), _xlpm.anio, INDEX(Minimos!$A:$ZZ, _xlpm.fila, _xlpm.colIni+1), _xlpm.dia, INDEX(Minimos!$A:$ZZ, _xlpm.fila, _xlpm.colIni+2), IF(OR(_xlpm.anio="",_xlpm.dia=""), "", DATE(_xlpm.anio, _xlpm.mesNum, _xlpm.dia)) ), "")} -> 34231 | AW89: =IF(OR(AT89="",AU89=""),"NA",IFERROR(AT89-AU89,"NA")) -> 10
A90: 23125100 | B90: Buenavista | C90: Area Operativa 06 - Boyacá-Casanare-Vichada | D90: -73.943111 | E90: 5.5149167 | F90: 2200 | G90: 15 | H90: 15109 | I90: Boyacá | J90: Buenavista | K90: 11.2 | L90: 10.2 | M90: 11 | N90: 11 | O90: 13.2 | P90: 11.6 | AP90: =COUNTIF(K90:AO90,">0") -> 6 | AQ90: =IF(AP90>14,AVERAGE(K90:AO90),"") | AR90: =IFERROR(VLOOKUP(A90,Climatologia!A:U,9+$E$2,FALSE),"") -> 11.04377 | AS90: =IF(OR(AQ90="",AR90=""),"",IFERROR(AQ90-AR90,"")) | AT90: =IF(COUNT(K90:AO90)=0,"",MIN(K90:AO90)) -> 10.2 | AU90: {=IFERROR( _xlfn.LET( _xlpm.mesTxt, INDEX({"ENERO","FEBRERO","MARZO","ABRIL","MAYO","JUNIO","JULIO","AGOSTO","SEPTIEMBRE","OCTUBRE","NOVIEMBRE","DICIEMBRE"}, E$2), _xlpm.colIni, MATCH(_xlpm.mesTxt, Minimos!$1:$1, 0), _xlpm.fila, MATCH($A90, Minimos!$A:$A, 0), _xlpm.val, INDEX(Minimos!$A:$ZZ, _xlpm.fila, _xlpm.colIni), IF(_xlpm.val="", "", _xlpm.val) ), "")} -> 4.2 | AV90: {=IFERROR( _xlfn.LET( _xlpm.mesNum, E$2, _xlpm.mesTxt, INDEX({"ENERO","FEBRERO","MARZO","ABRIL","MAYO","JUNIO","JULIO","AGOSTO","SEPTIEMBRE","OCTUBRE","NOVIEMBRE","DICIEMBRE"}, _xlpm.mesNum), _xlpm.colIni, MATCH(_xlpm.mesTxt, Minimos!$1:$1, 0), _xlpm.fila, MATCH($A90, Minimos!$A:$A, 0), _xlpm.anio, INDEX(Minimos!$A:$ZZ, _xlpm.fila, _xlpm.colIni+1), _xlpm.dia, INDEX(Minimos!$A:$ZZ, _xlpm.fila, _xlpm.colIni+2), IF(OR(_xlpm.anio="",_xlpm.dia=""), "", DATE(_xlpm.anio, _xlpm.mesNum, _xlpm.dia)) ), "")} -> 36787 | AW90: =IF(OR(AT90="",AU90=""),"NA",IFERROR(AT90-AU90,"NA")) -> 6
A91: 23125140 | B91: Aeropuerto Furatena - Aut | C91: Area Operativa 06 - Boyacá-Casanare-Vichada | D91: -74.182417 | E91: 5.5208333 | F91: 1250 | G91: 15 | H91: 15580 | I91: Boyacá | J91: Quípama | K91: 19.2 | L91: 18.6 | M91: 19 | N91: 19.2 | O91: 19 | P91: 19.4 | AP91: =COUNTIF(K91:AO91,">0") -> 6 | AQ91: =IF(AP91>14,AVERAGE(K91:AO91),"") | AR91: =IFERROR(VLOOKUP(A91,Climatologia!A:U,9+$E$2,FALSE),"") -> 17.656294 | AS91: =IF(OR(AQ91="",AR91=""),"",IFERROR(AQ91-AR91,"")) | AT91: =IF(COUNT(K91:AO91)=0,"",MIN(K91:AO91)) -> 18.6 | AU91: {=IFERROR( _xlfn.LET( _xlpm.mesTxt, INDEX({"ENERO","FEBRERO","MARZO","ABRIL","MAYO","JUNIO","JULIO","AGOSTO","SEPTIEMBRE","OCTUBRE","NOVIEMBRE","DICIEMBRE"}, E$2), _xlpm.colIni, MATCH(_xlpm.mesTxt, Minimos!$1:$1, 0), _xlpm.fila, MATCH($A91, Minimos!$A:$A, 0), _xlpm.val, INDEX(Minimos!$A:$ZZ, _xlpm.fila, _xlpm.colIni), IF(_xlpm.val="", "", _xlpm.val) ), "")} -> 14.2 | AV91: {=IFERROR( _xlfn.LET( _xlpm.mesNum, E$2, _xlpm.mesTxt, INDEX({"ENERO","FEBRERO","MARZO","ABRIL","MAYO","JUNIO","JULIO","AGOSTO","SEPTIEMBRE","OCTUBRE","NOVIEMBRE","DICIEMBRE"}, _xlpm.mesNum), _xlpm.colIni, MATCH(_xlpm.mesTxt, Minimos!$1:$1, 0), _xlpm.fila, MATCH($A91, Minimos!$A:$A, 0), _xlpm.anio, INDEX(Minimos!$A:$ZZ, _xlpm.fila, _xlpm.colIni+1), _xlpm.dia, INDEX(Minimos!$A:$ZZ, _xlpm.fila, _xlpm.colIni+2), IF(OR(_xlpm.anio="",_xlpm.dia=""), "", DATE(_xlpm.anio, _xlpm.mesNum, _xlpm.dia)) ), "")} -> 36793 | AW91: =IF(OR(AT91="",AU91=""),"NA",IFERROR(AT91-AU91,"NA")) -> 4.4
A92: 24015090 | B92: Institucion Agricola Santa Sofia | C92: Area Operativa 06 - Boyacá-Casanare-Vichada | D92: -73.602278 | E92: 5.7106667 | F92: 2300 | G92: 15 | H92: 15696 | I92: Boyacá | J92: Santa Sofía | K92: 12.2 | L92: 10.2 | M92: 10.2 | N92: 10.8 | AP92: =COUNTIF(K92:AO92,">0") -> 4 | AQ92: =IF(AP92>14,AVERAGE(K92:AO92),"") | AR92: =IFERROR(VLOOKUP(A92,Climatologia!A:U,9+$E$2,FALSE),"") -> 11.229377 | AS92: =IF(OR(AQ92="",AR92=""),"",IFERROR(AQ92-AR92,"")) | AT92: =IF(COUNT(K92:AO92)=0,"",MIN(K92:AO92)) -> 10.2 | AU92: {=IFERROR( _xlfn.LET( _xlpm.mesTxt, INDEX({"ENERO","FEBRERO","MARZO","ABRIL","MAYO","JUNIO","JULIO","AGOSTO","SEPTIEMBRE","OCTUBRE","NOVIEMBRE","DICIEMBRE"}, E$2), _xlpm.colIni, MATCH(_xlpm.mesTxt, Minimos!$1:$1, 0), _xlpm.fila, MATCH($A92, Minimos!$A:$A, 0), _xlpm.val, INDEX(Minimos!$A:$ZZ, _xlpm.fila, _xlpm.colIni), IF(_xlpm.val="", "", _xlpm.val) ), "")} -> 7 | AV92: {=IFERROR( _xlfn.LET( _xlpm.mesNum, E$2, _xlpm.mesTxt, INDEX({"ENERO","FEBRERO","MARZO","ABRIL","MAYO","JUNIO","JULIO","AGOSTO","SEPTIEMBRE","OCTUBRE","NOVIEMBRE","DICIEMBRE"}, _xlpm.mesNum), _xlpm.colIni, MATCH(_xlpm.mesTxt, Minimos!$1:$1, 0), _xlpm.fila, MATCH($A92, Minimos!$A:$A, 0), _xlpm.anio, INDEX(Minimos!$A:$ZZ, _xlpm.fila, _xlpm.colIni+1), _xlpm.dia, INDEX(Minimos!$A:$ZZ, _xlpm.fila, _xlpm.colIni+2), IF(OR(_xlpm.anio="",_xlpm.dia=""), "", DATE(_xlpm.anio, _xlpm.mesNum, _xlpm.dia)) ), "")} -> 33864 | AW92: =IF(OR(AT92="",AU92=""),"NA",IFERROR(AT92-AU92,"NA")) -> 3.2
A93: 24015220 | B93: Villa Carmen | C93: Area Operativa 06 - Boyacá-Casanare-Vichada | D93: -73.495778 | E93: 5.5093889 | F93: 2600 | G93: 15 | H93: 15646 | I93: Boyacá | J93: Samacá | K93: 9.4 | L93: 10.4 | M93: 9.6 | N93: 9.4 | O93: 10 | P93: 8.8 | AP93: =COUNTIF(K93:AO93,">0") -> 6 | AQ93: =IF(AP93>14,AVERAGE(K93:AO93),"") | AR93: =IFERROR(VLOOKUP(A93,Climatologia!A:U,9+$E$2,FALSE),"") -> 8.265519 | AS93: =IF(OR(AQ93="",AR93=""),"",IFERROR(AQ93-AR93,"")) | AT93: =IF(COUNT(K93:AO93)=0,"",MIN(K93:AO93)) -> 8.8 | AU93: {=IFERROR( _xlfn.LET( _xlpm.mesTxt, INDEX({"ENERO","FEBRERO","MARZO","ABRIL","MAYO","JUNIO","JULIO","AGOSTO","SEPTIEMBRE","OCTUBRE","NOVIEMBRE","DICIEMBRE"}, E$2), _xlpm.colIni, MATCH(_xlpm.mesTxt, Minimos!$1:$1, 0), _xlpm.fila, MATCH($A93, Minimos!$A:$A, 0), _xlpm.val, INDEX(Minimos!$A:$ZZ, _xlpm.fila, _xlpm.colIni), IF(_xlpm.val="", "", _xlpm.val) ), "")} -> 1 | AV93: {=IFERROR( _xlfn.LET( _xlpm.mesNum, E$2, _xlpm.mesTxt, INDEX({"ENERO","FEBRERO","MARZO","ABRIL","MAYO","JUNIO","JULIO","AGOSTO","SEPTIEMBRE","OCTUBRE","NOVIEMBRE","DICIEMBRE"}, _xlpm.mesNum), _xlpm.colIni, MATCH(_xlpm.mesTxt, Minimos!$1:$1, 0), _xlpm.fila, MATCH($A93, Minimos!$A:$A, 0), _xlpm.anio, INDEX(Minimos!$A:$ZZ, _xlpm.fila, _xlpm.colIni+1), _xlpm.dia, INDEX(Minimos!$A:$ZZ, _xlpm.fila, _xlpm.colIni+2), IF(OR(_xlpm.anio="",_xlpm.dia=""), "", DATE(_xlpm.anio, _xlpm.mesNum, _xlpm.dia)) ), "")} -> 33864 | AW93: =IF(OR(AT93="",AU93=""),"NA",IFERROR(AT93-AU93,"NA")) -> 7.8
A94: 24015300 | B94: Villa De Leiva - Aut | C94: Area Operativa 06 - Boyacá-Casanare-Vichada | D94: -73.51774 | E94: 5.64326 | F94: 2174 | G94: 15 | H94: 15407 | I94: Boyacá | J94: Villa De Leyva | AP94: =COUNTIF(K94:AO94,">0") -> 0 | AQ94: =IF(AP94>14,AVERAGE(K94:AO94),"") | AR94: =IFERROR(VLOOKUP(A94,Climatologia!A:U,9+$E$2,FALSE),"") -> 10.537257 | AS94: =IF(OR(AQ94="",AR94=""),"",IFERROR(AQ94-AR94,"")) | AT94: =IF(COUNT(K94:AO94)=0,"",MIN(K94:AO94)) | AU94: {=IFERROR( _xlfn.LET( _xlpm.mesTxt, INDEX({"ENERO","FEBRERO","MARZO","ABRIL","MAYO","JUNIO","JULIO","AGOSTO","SEPTIEMBRE","OCTUBRE","NOVIEMBRE","DICIEMBRE"}, E$2), _xlpm.colIni, MATCH(_xlpm.mesTxt, Minimos!$1:$1, 0), _xlpm.fila, MATCH($A94, Minimos!$A:$A, 0), _xlpm.val, INDEX(Minimos!$A:$ZZ, _xlpm.fila, _xlpm.colIni), IF(_xlpm.val="", "", _xlpm.val) ), "")} | AV94: {=IFERROR( _xlfn.LET( _xlpm.mesNum, E$2, _xlpm.mesTxt, INDEX({"ENERO","FEBRERO","MARZO","ABRIL","MAYO","JUNIO","JULIO","AGOSTO","SEPTIEMBRE","OCTUBRE","NOVIEMBRE","DICIEMBRE"}, _xlpm.mesNum), _xlpm.colIni, MATCH(_xlpm.mesTxt, Minimos!$1:$1, 0), _xlpm.fila, MATCH($A94, Minimos!$A:$A, 0), _xlpm.anio, INDEX(Minimos!$A:$ZZ, _xlpm.fila, _xlpm.colIni+1), _xlpm.dia, INDEX(Minimos!$A:$ZZ, _xlpm.fila, _xlpm.colIni+2), IF(OR(_xlpm.anio="",_xlpm.dia=""), "", DATE(_xlpm.anio, _xlpm.mesNum, _xlpm.dia)) ), "")} | AW94: =IF(OR(AT94="",AU94=""),"NA",IFERROR(AT94-AU94,"NA")) -> NA
A95: 24015360 | B95: Saboya La Granja | C95: Area Operativa 06 - Boyacá-Casanare-Vichada | D95: -73.759 | E95: 5.6962222 | F95: 2550 | G95: 15 | H95: 15632 | I95: Boyacá | J95: Saboyá | K95: 7.2 | L95: 6.2 | M95: 4.4 | N95: 4.2 | O95: 7.2 | P95: 8.4 | AP95: =COUNTIF(K95:AO95,">0") -> 6 | AQ95: =IF(AP95>14,AVERAGE(K95:AO95),"") | AR95: =IFERROR(VLOOKUP(A95,Climatologia!A:U,9+$E$2,FALSE),"") | AS95: =IF(OR(AQ95="",AR95=""),"",IFERROR(AQ95-AR95,"")) | AT95: =IF(COUNT(K95:AO95)=0,"",MIN(K95:AO95)) -> 4.2 | AU95: {=IFERROR( _xlfn.LET( _xlpm.mesTxt, INDEX({"ENERO","FEBRERO","MARZO","ABRIL","MAYO","JUNIO","JULIO","AGOSTO","SEPTIEMBRE","OCTUBRE","NOVIEMBRE","DICIEMBRE"}, E$2), _xlpm.colIni, MATCH(_xlpm.mesTxt, Minimos!$1:$1, 0), _xlpm.fila, MATCH($A95, Minimos!$A:$A, 0), _xlpm.val, INDEX(Minimos!$A:$ZZ, _xlpm.fila, _xlpm.colIni), IF(_xlpm.val="", "", _xlpm.val) ), "")} -> 0 | AV95: {=IFERROR( _xlfn.LET( _xlpm.mesNum, E$2, _xlpm.mesTxt, INDEX({"ENERO","FEBRERO","MARZO","ABRIL","MAYO","JUNIO","JULIO","AGOSTO","SEPTIEMBRE","OCTUBRE","NOVIEMBRE","DICIEMBRE"}, _xlpm.mesNum), _xlpm.colIni, MATCH(_xlpm.mesTxt, Minimos!$1:$1, 0), _xlpm.fila, MATCH($A95, Minimos!$A:$A, 0), _xlpm.anio, INDEX(Minimos!$A:$ZZ, _xlpm.fila, _xlpm.colIni+1), _xlpm.dia, INDEX(Minimos!$A:$ZZ, _xlpm.fila, _xlpm.colIni+2), IF(OR(_xlpm.anio="",_xlpm.dia=""), "", DATE(_xlpm.anio, _xlpm.mesNum, _xlpm.dia)) ), "")} -> 45190 | AW95: =IF(OR(AT95="",AU95=""),"NA",IFERROR(AT95-AU95,"NA")) -> 4.2
A96: 24035040 | B96: La Copa | C96: Area Operativa 06 - Boyacá-Casanare-Vichada | D96: -73.208778 | E96: 5.5791944 | F96: 2700 | G96: 15 | H96: 15814 | I96: Boyacá | J96: Toca | K96: 3.2 | L96: 6.4 | M96: 5.6 | N96: 6.8 | O96: 4.4 | P96: 6.2 | AP96: =COUNTIF(K96:AO96,">0") -> 6 | AQ96: =IF(AP96>14,AVERAGE(K96:AO96),"") | AR96: =IFERROR(VLOOKUP(A96,Climatologia!A:U,9+$E$2,FALSE),"") -> 6.977272 | AS96: =IF(OR(AQ96="",AR96=""),"",IFERROR(AQ96-AR96,"")) | AT96: =IF(COUNT(K96:AO96)=0,"",MIN(K96:AO96)) -> 3.2 | AU96: {=IFERROR( _xlfn.LET( _xlpm.mesTxt, INDEX({"ENERO","FEBRERO","MARZO","ABRIL","MAYO","JUNIO","JULIO","AGOSTO","SEPTIEMBRE","OCTUBRE","NOVIEMBRE","DICIEMBRE"}, E$2), _xlpm.colIni, MATCH(_xlpm.mesTxt, Minimos!$1:$1, 0), _xlpm.fila, MATCH($A96, Minimos!$A:$A, 0), _xlpm.val, INDEX(Minimos!$A:$ZZ, _xlpm.fila, _xlpm.colIni), IF(_xlpm.val="", "", _xlpm.val) ), "")} -> 0.4 | AV96: {=IFERROR( _xlfn.LET( _xlpm.mesNum, E$2, _xlpm.mesTxt, INDEX({"ENERO","FEBRERO","MARZO","ABRIL","MAYO","JUNIO","JULIO","AGOSTO","SEPTIEMBRE","OCTUBRE","NOVIEMBRE","DICIEMBRE"}, _xlpm.mesNum), _xlpm.colIni, MATCH(_xlpm.mesTxt, Minimos!$1:$1, 0), _xlpm.fila, MATCH($A96, Minimos!$A:$A, 0), _xlpm.anio, INDEX(Minimos!$A:$ZZ, _xlpm.fila, _xlpm.colIni+1), _xlpm.dia, INDEX(Minimos!$A:$ZZ, _xlpm.fila, _xlpm.colIni+2), IF(OR(_xlpm.anio="",_xlpm.dia=""), "", DATE(_xlpm.anio, _xlpm.mesNum, _xlpm.dia)) ), "")} -> 36424 | AW96: =IF(OR(AT96="",AU96=""),"NA",IFERROR(AT96-AU96,"NA")) -> 2.8
A97: 24035070 | B97: Guican | C97: Area Operativa 06 - Boyacá-Casanare-Vichada | D97: -72.409194 | E97: 6.4634722 | F97: 2963 | G97: 15 | H97: 15332 | I97: Boyacá | J97: Güicán De La Sierra | K97: 7.9 | L97: 9 | M97: 9.6 | N97: 8 | O97: 7.6 | P97: 8 | AP97: =COUNTIF(K97:AO97,">0") -> 6 | AQ97: =IF(AP97>14,AVERAGE(K97:AO97),"") | AR97: =IFERROR(VLOOKUP(A97,Climatologia!A:U,9+$E$2,FALSE),"") -> 8.3739754 | AS97: =IF(OR(AQ97="",AR97=""),"",IFERROR(AQ97-AR97,"")) | AT97: =IF(COUNT(K97:AO97)=0,"",MIN(K97:AO97)) -> 7.6 | AU97: {=IFERROR( _xlfn.LET( _xlpm.mesTxt, INDEX({"ENERO","FEBRERO","MARZO","ABRIL","MAYO","JUNIO","JULIO","AGOSTO","SEPTIEMBRE","OCTUBRE","NOVIEMBRE","DICIEMBRE"}, E$2), _xlpm.colIni, MATCH(_xlpm.mesTxt, Minimos!$1:$1, 0), _xlpm.fila, MATCH($A97, Minimos!$A:$A, 0), _xlpm.val, INDEX(Minimos!$A:$ZZ, _xlpm.fila, _xlpm.colIni), IF(_xlpm.val="", "", _xlpm.val) ), "")} -> 3.6 | AV97: {=IFERROR( _xlfn.LET( _xlpm.mesNum, E$2, _xlpm.mesTxt, INDEX({"ENERO","FEBRERO","MARZO","ABRIL","MAYO","JUNIO","JULIO","AGOSTO","SEPTIEMBRE","OCTUBRE","NOVIEMBRE","DICIEMBRE"}, _xlpm.mesNum), _xlpm.colIni, MATCH(_xlpm.mesTxt, Minimos!$1:$1, 0), _xlpm.fila, MATCH($A97, Minimos!$A:$A, 0), _xlpm.anio, INDEX(Minimos!$A:$ZZ, _xlpm.fila, _xlpm.colIni+1), _xlpm.dia, INDEX(Minimos!$A:$ZZ, _xlpm.fila, _xlpm.colIni+2), IF(OR(_xlpm.anio="",_xlpm.dia=""), "", DATE(_xlpm.anio, _xlpm.mesNum, _xlpm.dia)) ), "")} -> 39332 | AW97: =IF(OR(AT97="",AU97=""),"NA",IFERROR(AT97-AU97,"NA")) -> 4
A98: 24035120 | B98: Surbata Bonza | C98: Area Operativa 06 - Boyacá-Casanare-Vichada | D98: -73.074472 | E98: 5.8024444 | F98: 2485 | G98: 15 | H98: 15238 | I98: Boyacá | J98: Duitama | K98: 4.8 | L98: 7 | M98: 4.8 | N98: 5.4 | O98: 3.8 | P98: 7.8 | AP98: =COUNTIF(K98:AO98,">0") -> 6 | AQ98: =IF(AP98>14,AVERAGE(K98:AO98),"") | AR98: =IFERROR(VLOOKUP(A98,Climatologia!A:U,9+$E$2,FALSE),"") -> 6.2010254 | AS98: =IF(OR(AQ98="",AR98=""),"",IFERROR(AQ98-AR98,"")) | AT98: =IF(COUNT(K98:AO98)=0,"",MIN(K98:AO98)) -> 3.8 | AU98: {=IFERROR( _xlfn.LET( _xlpm.mesTxt, INDEX({"ENERO","FEBRERO","MARZO","ABRIL","MAYO","JUNIO","JULIO","AGOSTO","SEPTIEMBRE","OCTUBRE","NOVIEMBRE","DICIEMBRE"}, E$2), _xlpm.colIni, MATCH(_xlpm.mesTxt, Minimos!$1:$1, 0), _xlpm.fila, MATCH($A98, Minimos!$A:$A, 0), _xlpm.val, INDEX(Minimos!$A:$ZZ, _xlpm.fila, _xlpm.colIni), IF(_xlpm.val="", "", _xlpm.val) ), "")} -> -0.2 | AV98: {=IFERROR( _xlfn.LET( _xlpm.mesNum, E$2, _xlpm.mesTxt, INDEX({"ENERO","FEBRERO","MARZO","ABRIL","MAYO","JUNIO","JULIO","AGOSTO","SEPTIEMBRE","OCTUBRE","NOVIEMBRE","DICIEMBRE"}, _xlpm.mesNum), _xlpm.colIni, MATCH(_xlpm.mesTxt, Minimos!$1:$1, 0), _xlpm.fila, MATCH($A98, Minimos!$A:$A, 0), _xlpm.anio, INDEX(Minimos!$A:$ZZ, _xlpm.fila, _xlpm.colIni+1), _xlpm.dia, INDEX(Minimos!$A:$ZZ, _xlpm.fila, _xlpm.colIni+2), IF(OR(_xlpm.anio="",_xlpm.dia=""), "", DATE(_xlpm.anio, _xlpm.mesNum, _xlpm.dia)) ), "")} -> 31671 | AW98: =IF(OR(AT98="",AU98=""),"NA",IFERROR(AT98-AU98,"NA")) -> 4
A99: 24035130 | B99: U P T C | C99: Area Operativa 06 - Boyacá-Casanare-Vichada | D99: -73.360813 | E99: 5.5430775 | F99: 2690 | G99: 15 | H99: 15001 | I99: Boyacá | J99: Tunja | K99: 7 | L99: 8.8 | M99: 9.8 | N99: 10.2 | O99: 9.6 | P99: 10.6 | AP99: =COUNTIF(K99:AO99,">0") -> 6 | AQ99: =IF(AP99>14,AVERAGE(K99:AO99),"") | AR99: =IFERROR(VLOOKUP(A99,Climatologia!A:U,9+$E$2,FALSE),"") -> 8.1596185 | AS99: =IF(OR(AQ99="",AR99=""),"",IFERROR(AQ99-AR99,"")) | AT99: =IF(COUNT(K99:AO99)=0,"",MIN(K99:AO99)) -> 7 | AU99: {=IFERROR( _xlfn.LET( _xlpm.mesTxt, INDEX({"ENERO","FEBRERO","MARZO","ABRIL","MAYO","JUNIO","JULIO","AGOSTO","SEPTIEMBRE","OCTUBRE","NOVIEMBRE","DICIEMBRE"}, E$2), _xlpm.colIni, MATCH(_xlpm.mesTxt, Minimos!$1:$1, 0), _xlpm.fila, MATCH($A99, Minimos!$A:$A, 0), _xlpm.val, INDEX(Minimos!$A:$ZZ, _xlpm.fila, _xlpm.colIni), IF(_xlpm.val="", "", _xlpm.val) ), "")} -> 2.9 | AV99: {=IFERROR( _xlfn.LET( _xlpm.mesNum, E$2, _xlpm.mesTxt, INDEX({"ENERO","FEBRERO","MARZO","ABRIL","MAYO","JUNIO","JULIO","AGOSTO","SEPTIEMBRE","OCTUBRE","NOVIEMBRE","DICIEMBRE"}, _xlpm.mesNum), _xlpm.colIni, MATCH(_xlpm.mesTxt, Minimos!$1:$1, 0), _xlpm.fila, MATCH($A99, Minimos!$A:$A, 0), _xlpm.anio, INDEX(Minimos!$A:$ZZ, _xlpm.fila, _xlpm.colIni+1), _xlpm.dia, INDEX(Minimos!$A:$ZZ, _xlpm.fila, _xlpm.colIni+2), IF(OR(_xlpm.anio="",_xlpm.dia=""), "", DATE(_xlpm.anio, _xlpm.mesNum, _xlpm.dia)) ), "")} -> 44096 | AW99: =IF(OR(AT99="",AU99=""),"NA",IFERROR(AT99-AU99,"NA")) -> 4.1
A100: 24035250 | B100: Chita - Aut | C100: Area Operativa 06 - Boyacá-Casanare-Vichada | D100: -72.46556 | E100: 6.18778 | F100: 2961 | G100: 15 | H100: 15183 | I100: Boyacá | J100: Chita | K100: 6.4 | M100: 7 | N100: 7.2 | P100: 7.8 | AP100: =COUNTIF(K100:AO100,">0") -> 4 | AQ100: =IF(AP100>14,AVERAGE(K100:AO100),"") | AR100: =IFERROR(VLOOKUP(A100,Climatologia!A:U,9+$E$2,FALSE),"") -> 6.6991656 | AS100: =IF(OR(AQ100="",AR100=""),"",IFERROR(AQ100-AR100,"")) | AT100: =IF(COUNT(K100:AO100)=0,"",MIN(K100:AO100)) -> 6.4 | AU100: {=IFERROR( _xlfn.LET( _xlpm.mesTxt, INDEX({"ENERO","FEBRERO","MARZO","ABRIL","MAYO","JUNIO","JULIO","AGOSTO","SEPTIEMBRE","OCTUBRE","NOVIEMBRE","DICIEMBRE"}, E$2), _xlpm.colIni, MATCH(_xlpm.mesTxt, Minimos!$1:$1, 0), _xlpm.fila, MATCH($A100, Minimos!$A:$A, 0), _xlpm.val, INDEX(Minimos!$A:$ZZ, _xlpm.fila, _xlpm.colIni), IF(_xlpm.val="", "", _xlpm.val) ), "")} | AV100: {=IFERROR( _xlfn.LET( _xlpm.mesNum, E$2, _xlpm.mesTxt, INDEX({"ENERO","FEBRERO","MARZO","ABRIL","MAYO","JUNIO","JULIO","AGOSTO","SEPTIEMBRE","OCTUBRE","NOVIEMBRE","DICIEMBRE"}, _xlpm.mesNum), _xlpm.colIni, MATCH(_xlpm.mesTxt, Minimos!$1:$1, 0), _xlpm.fila, MATCH($A100, Minimos!$A:$A, 0), _xlpm.anio, INDEX(Minimos!$A:$ZZ, _xlpm.fila, _xlpm.colIni+1), _xlpm.dia, INDEX(Minimos!$A:$ZZ, _xlpm.fila, _xlpm.colIni+2), IF(OR(_xlpm.anio="",_xlpm.dia=""), "", DATE(_xlpm.anio, _xlpm.mesNum, _xlpm.dia)) ), "")} | AW100: =IF(OR(AT100="",AU100=""),"NA",IFERROR(AT100-AU100,"NA")) -> NA
A101: 24035260 | B101: Capitanejo | C101: Area Operativa 06 - Boyacá-Casanare-Vichada | D101: -72.696611 | E101: 6.5207222 | F101: 1160 | G101: 68 | H101: 68147 | I101: Santander | J101: Capitanejo | AP101: =COUNTIF(K101:AO101,">0") -> 0 | AQ101: =IF(AP101>14,AVERAGE(K101:AO101),"") | AR101: =IFERROR(VLOOKUP(A101,Climatologia!A:U,9+$E$2,FALSE),"") -> 17.8188 | AS101: =IF(OR(AQ101="",AR101=""),"",IFERROR(AQ101-AR101,"")) | AT101: =IF(COUNT(K101:AO101)=0,"",MIN(K101:AO101)) | AU101: {=IFERROR( _xlfn.LET( _xlpm.mesTxt, INDEX({"ENERO","FEBRERO","MARZO","ABRIL","MAYO","JUNIO","JULIO","AGOSTO","SEPTIEMBRE","OCTUBRE","NOVIEMBRE","DICIEMBRE"}, E$2), _xlpm.colIni, MATCH(_xlpm.mesTxt, Minimos!$1:$1, 0), _xlpm.fila, MATCH($A101, Minimos!$A:$A, 0), _xlpm.val, INDEX(Minimos!$A:$ZZ, _xlpm.fila, _xlpm.colIni), IF(_xlpm.val="", "", _xlpm.val) ), "")} -> 14 | AV101: {=IFERROR( _xlfn.LET( _xlpm.mesNum, E$2, _xlpm.mesTxt, INDEX({"ENERO","FEBRERO","MARZO","ABRIL","MAYO","JUNIO","JULIO","AGOSTO","SEPTIEMBRE","OCTUBRE","NOVIEMBRE","DICIEMBRE"}, _xlpm.mesNum), _xlpm.colIni, MATCH(_xlpm.mesTxt, Minimos!$1:$1, 0), _xlpm.fila, MATCH($A101, Minimos!$A:$A, 0), _xlpm.anio, INDEX(Minimos!$A:$ZZ, _xlpm.fila, _xlpm.colIni+1), _xlpm.dia, INDEX(Minimos!$A:$ZZ, _xlpm.fila, _xlpm.colIni+2), IF(OR(_xlpm.anio="",_xlpm.dia=""), "", DATE(_xlpm.anio, _xlpm.mesNum, _xlpm.dia)) ), "")} -> 36068 | AW101: =IF(OR(AT101="",AU101=""),"NA",IFERROR(AT101-AU101,"NA")) -> NA
A102: 24035310 | B102: Chiscas | C102: Area Operativa 06 - Boyacá-Casanare-Vichada | D102: -72.504722 | E102: 6.5495278 | F102: 2350 | G102: 15 | H102: 15180 | I102: Boyacá | J102: Chiscas | AP102: =COUNTIF(K102:AO102,">0") -> 0 | AQ102: =IF(AP102>14,AVERAGE(K102:AO102),"") | AR102: =IFERROR(VLOOKUP(A102,Climatologia!A:U,9+$E$2,FALSE),"") -> 10.55201 | AS102: =IF(OR(AQ102="",AR102=""),"",IFERROR(AQ102-AR102,"")) | AT102: =IF(COUNT(K102:AO102)=0,"",MIN(K102:AO102)) | AU102: {=IFERROR( _xlfn.LET( _xlpm.mesTxt, INDEX({"ENERO","FEBRERO","MARZO","ABRIL","MAYO","JUNIO","JULIO","AGOSTO","SEPTIEMBRE","OCTUBRE","NOVIEMBRE","DICIEMBRE"}, E$2), _xlpm.colIni, MATCH(_xlpm.mesTxt, Minimos!$1:$1, 0), _xlpm.fila, MATCH($A102, Minimos!$A:$A, 0), _xlpm.val, INDEX(Minimos!$A:$ZZ, _xlpm.fila, _xlpm.colIni), IF(_xlpm.val="", "", _xlpm.val) ), "")} -> 4.8 | AV102: {=IFERROR( _xlfn.LET( _xlpm.mesNum, E$2, _xlpm.mesTxt, INDEX({"ENERO","FEBRERO","MARZO","ABRIL","MAYO","JUNIO","JULIO","AGOSTO","SEPTIEMBRE","OCTUBRE","NOVIEMBRE","DICIEMBRE"}, _xlpm.mesNum), _xlpm.colIni, MATCH(_xlpm.mesTxt, Minimos!$1:$1, 0), _xlpm.fila, MATCH($A102, Minimos!$A:$A, 0), _xlpm.anio, INDEX(Minimos!$A:$ZZ, _xlpm.fila, _xlpm.colIni+1), _xlpm.dia, INDEX(Minimos!$A:$ZZ, _xlpm.fila, _xlpm.colIni+2), IF(OR(_xlpm.anio="",_xlpm.dia=""), "", DATE(_xlpm.anio, _xlpm.mesNum, _xlpm.dia)) ), "")} -> 30944 | AW102: =IF(OR(AT102="",AU102=""),"NA",IFERROR(AT102-AU102,"NA")) -> NA
A103: 24035330 | B103: Boavita | C103: Area Operativa 06 - Boyacá-Casanare-Vichada | D103: -72.582278 | E103: 6.3289722 | F103: 2150 | G103: 15 | H103: 15097 | I103: Boyacá | J103: Boavita | K103: 11 | L103: 13 | M103: 12 | N103: 12.2 | O103: 10.2 | P103: 12 | AP103: =COUNTIF(K103:AO103,">0") -> 6 | AQ103: =IF(AP103>14,AVERAGE(K103:AO103),"") | AR103: =IFERROR(VLOOKUP(A103,Climatologia!A:U,9+$E$2,FALSE),"") -> 11.245521 | AS103: =IF(OR(AQ103="",AR103=""),"",IFERROR(AQ103-AR103,"")) | AT103: =IF(COUNT(K103:AO103)=0,"",MIN(K103:AO103)) -> 10.2 | AU103: {=IFERROR( _xlfn.LET( _xlpm.mesTxt, INDEX({"ENERO","FEBRERO","MARZO","ABRIL","MAYO","JUNIO","JULIO","AGOSTO","SEPTIEMBRE","OCTUBRE","NOVIEMBRE","DICIEMBRE"}, E$2), _xlpm.colIni, MATCH(_xlpm.mesTxt, Minimos!$1:$1, 0), _xlpm.fila, MATCH($A103, Minimos!$A:$A, 0), _xlpm.val, INDEX(Minimos!$A:$ZZ, _xlpm.fila, _xlpm.colIni), IF(_xlpm.val="", "", _xlpm.val) ), "")} -> 6.6 | AV103: {=IFERROR( _xlfn.LET( _xlpm.mesNum, E$2, _xlpm.mesTxt, INDEX({"ENERO","FEBRERO","MARZO","ABRIL","MAYO","JUNIO","JULIO","AGOSTO","SEPTIEMBRE","OCTUBRE","NOVIEMBRE","DICIEMBRE"}, _xlpm.mesNum), _xlpm.colIni, MATCH(_xlpm.mesTxt, Minimos!$1:$1, 0), _xlpm.fila, MATCH($A103, Minimos!$A:$A, 0), _xlpm.anio, INDEX(Minimos!$A:$ZZ, _xlpm.fila, _xlpm.colIni+1), _xlpm.dia, INDEX(Minimos!$A:$ZZ, _xlpm.fila, _xlpm.colIni+2), IF(OR(_xlpm.anio="",_xlpm.dia=""), "", DATE(_xlpm.anio, _xlpm.mesNum, _xlpm.dia)) ), "")} -> 33131 | AW103: =IF(OR(AT103="",AU103=""),"NA",IFERROR(AT103-AU103,"NA")) -> 3.6
A104: 24035420 | B104: Cerinza | C104: Area Operativa 06 - Boyacá-Casanare-Vichada | D104: -72.9385 | E104: 5.96225 | F104: 2643 | G104: 15 | H104: 15162 | I104: Boyacá | J104: Cerinza | K104: 2.2 | L104: 5.4 | AP104: =COUNTIF(K104:AO104,">0") -> 2 | AQ104: =IF(AP104>14,AVERAGE(K104:AO104),"") | AR104: =IFERROR(VLOOKUP(A104,Climatologia!A:U,9+$E$2,FALSE),"") -> 5.5502937 | AS104: =IF(OR(AQ104="",AR104=""),"",IFERROR(AQ104-AR104,"")) | AT104: =IF(COUNT(K104:AO104)=0,"",MIN(K104:AO104)) -> 2.2 | AU104: {=IFERROR( _xlfn.LET( _xlpm.mesTxt, INDEX({"ENERO","FEBRERO","MARZO","ABRIL","MAYO","JUNIO","JULIO","AGOSTO","SEPTIEMBRE","OCTUBRE","NOVIEMBRE","DICIEMBRE"}, E$2), _xlpm.colIni, MATCH(_xlpm.mesTxt, Minimos!$1:$1, 0), _xlpm.fila, MATCH($A104, Minimos!$A:$A, 0), _xlpm.val, INDEX(Minimos!$A:$ZZ, _xlpm.fila, _xlpm.colIni), IF(_xlpm.val="", "", _xlpm.val) ), "")} -> 0 | AV104: {=IFERROR( _xlfn.LET( _xlpm.mesNum, E$2, _xlpm.mesTxt, INDEX({"ENERO","FEBRERO","MARZO","ABRIL","MAYO","JUNIO","JULIO","AGOSTO","SEPTIEMBRE","OCTUBRE","NOVIEMBRE","DICIEMBRE"}, _xlpm.mesNum), _xlpm.colIni, MATCH(_xlpm.mesTxt, Minimos!$1:$1, 0), _xlpm.fila, MATCH($A104, Minimos!$A:$A, 0), _xlpm.anio, INDEX(Minimos!$A:$ZZ, _xlpm.fila, _xlpm.colIni+1), _xlpm.dia, INDEX(Minimos!$A:$ZZ, _xlpm.fila, _xlpm.colIni+2), IF(OR(_xlpm.anio="",_xlpm.dia=""), "", DATE(_xlpm.anio, _xlpm.mesNum, _xlpm.dia)) ), "")} -> 40062 | AW104: =IF(OR(AT104="",AU104=""),"NA",IFERROR(AT104-AU104,"NA")) -> 2.2
A105: 24035430 | B105: Tunguavita - Aut | C105: Area Operativa 06 - Boyacá-Casanare-Vichada | D105: -73.11636 | E105: 5.74583 | F105: 2521 | G105: 15 | H105: 15516 | I105: Boyacá | J105: Paipa | K105: 4.6 | L105: 8.4 | M105: 3.4 | N105: 3.8 | O105: 2.6 | P105: 2.4 | AP105: =COUNTIF(K105:AO105,">0") -> 6 | AQ105: =IF(AP105>14,AVERAGE(K105:AO105),"") | AR105: =IFERROR(VLOOKUP(A105,Climatologia!A:U,9+$E$2,FALSE),"") -> 6.5770046 | AS105: =IF(OR(AQ105="",AR105=""),"",IFERROR(AQ105-AR105,"")) | AT105: =IF(COUNT(K105:AO105)=0,"",MIN(K105:AO105)) -> 2.4 | AU105: {=IFERROR( _xlfn.LET( _xlpm.mesTxt, INDEX({"ENERO","FEBRERO","MARZO","ABRIL","MAYO","JUNIO","JULIO","AGOSTO","SEPTIEMBRE","OCTUBRE","NOVIEMBRE","DICIEMBRE"}, E$2), _xlpm.colIni, MATCH(_xlpm.mesTxt, Minimos!$1:$1, 0), _xlpm.fila, MATCH($A105, Minimos!$A:$A, 0), _xlpm.val, INDEX(Minimos!$A:$ZZ, _xlpm.fila, _xlpm.colIni), IF(_xlpm.val="", "", _xlpm.val) ), "")} -> -0.4 | AV105: {=IFERROR( _xlfn.LET( _xlpm.mesNum, E$2, _xlpm.mesTxt, INDEX({"ENERO","FEBRERO","MARZO","ABRIL","MAYO","JUNIO","JULIO","AGOSTO","SEPTIEMBRE","OCTUBRE","NOVIEMBRE","DICIEMBRE"}, _xlpm.mesNum), _xlpm.colIni, MATCH(_xlpm.mesTxt, Minimos!$1:$1, 0), _xlpm.fila, MATCH($A105, Minimos!$A:$A, 0), _xlpm.anio, INDEX(Minimos!$A:$ZZ, _xlpm.fila, _xlpm.colIni+1), _xlpm.dia, INDEX(Minimos!$A:$ZZ, _xlpm.fila, _xlpm.colIni+2), IF(OR(_xlpm.anio="",_xlpm.dia=""), "", DATE(_xlpm.anio, _xlpm.mesNum, _xlpm.dia)) ), "")} -> 31670 | AW105: =IF(OR(AT105="",AU105=""),"NA",IFERROR(AT105-AU105,"NA")) -> 2.8
A106: 35075010 | B106: Nuevo Colon | C106: Area Operativa 06 - Boyacá-Casanare-Vichada | D106: -73.453778 | E106: 5.3526944 | F106: 2438 | G106: 15 | H106: 15494 | I106: Boyacá | J106: Nuevo Colón | K106: 10 | L106: 9.8 | M106: 10.4 | N106: 10.4 | O106: 10.6 | P106: 9.4 | AP106: =COUNTIF(K106:AO106,">0") -> 6 | AQ106: =IF(AP106>14,AVERAGE(K106:AO106),"") | AR106: =IFERROR(VLOOKUP(A106,Climatologia!A:U,9+$E$2,FALSE),"") -> 9.5729657 | AS106: =IF(OR(AQ106="",AR106=""),"",IFERROR(AQ106-AR106,"")) | AT106: =IF(COUNT(K106:AO106)=0,"",MIN(K106:AO106)) -> 9.4 | AU106: {=IFERROR( _xlfn.LET( _xlpm.mesTxt, INDEX({"ENERO","FEBRERO","MARZO","ABRIL","MAYO","JUNIO","JULIO","AGOSTO","SEPTIEMBRE","OCTUBRE","NOVIEMBRE","DICIEMBRE"}, E$2), _xlpm.colIni, MATCH(_xlpm.mesTxt, Minimos!$1:$1, 0), _xlpm.fila, MATCH($A106, Minimos!$A:$A, 0), _xlpm.val, INDEX(Minimos!$A:$ZZ, _xlpm.fila, _xlpm.colIni), IF(_xlpm.val="", "", _xlpm.val) ), "")} -> 3.8 | AV106: {=IFERROR( _xlfn.LET( _xlpm.mesNum, E$2, _xlpm.mesTxt, INDEX({"ENERO","FEBRERO","MARZO","ABRIL","MAYO","JUNIO","JULIO","AGOSTO","SEPTIEMBRE","OCTUBRE","NOVIEMBRE","DICIEMBRE"}, _xlpm.mesNum), _xlpm.colIni, MATCH(_xlpm.mesTxt, Minimos!$1:$1, 0), _xlpm.fila, MATCH($A106, Minimos!$A:$A, 0), _xlpm.anio, INDEX(Minimos!$A:$ZZ, _xlpm.fila, _xlpm.colIni+1), _xlpm.dia, INDEX(Minimos!$A:$ZZ, _xlpm.fila, _xlpm.colIni+2), IF(OR(_xlpm.anio="",_xlpm.dia=""), "", DATE(_xlpm.anio, _xlpm.mesNum, _xlpm.dia)) ), "")} -> 38238 | AW106: =IF(OR(AT106="",AU106=""),"NA",IFERROR(AT106-AU106,"NA")) -> 5.6
A107: 35075020 | B107: Sutatenza | C107: Area Operativa 06 - Boyacá-Casanare-Vichada | D107: -73.449167 | E107: 5.0222778 | F107: 1930 | G107: 15 | H107: 15778 | I107: Boyacá | J107: Sutatenza | L107: 13.6 | M107: 13.6 | N107: 14.4 | O107: 13.8 | P107: 13.6 | AP107: =COUNTIF(K107:AO107,">0") -> 5 | AQ107: =IF(AP107>14,AVERAGE(K107:AO107),"") | AR107: =IFERROR(VLOOKUP(A107,Climatologia!A:U,9+$E$2,FALSE),"") -> 13.603047 | AS107: =IF(OR(AQ107="",AR107=""),"",IFERROR(AQ107-AR107,"")) | AT107: =IF(COUNT(K107:AO107)=0,"",MIN(K107:AO107)) -> 13.6 | AU107: {=IFERROR( _xlfn.LET( _xlpm.mesTxt, INDEX({"ENERO","FEBRERO","MARZO","ABRIL","MAYO","JUNIO","JULIO","AGOSTO","SEPTIEMBRE","OCTUBRE","NOVIEMBRE","DICIEMBRE"}, E$2), _xlpm.colIni, MATCH(_xlpm.mesTxt, Minimos!$1:$1, 0), _xlpm.fila, MATCH($A107, Minimos!$A:$A, 0), _xlpm.val, INDEX(Minimos!$A:$ZZ, _xlpm.fila, _xlpm.colIni), IF(_xlpm.val="", "", _xlpm.val) ), "")} -> 7.3 | AV107: {=IFERROR( _xlfn.LET( _xlpm.mesNum, E$2, _xlpm.mesTxt, INDEX({"ENERO","FEBRERO","MARZO","ABRIL","MAYO","JUNIO","JULIO","AGOSTO","SEPTIEMBRE","OCTUBRE","NOVIEMBRE","DICIEMBRE"}, _xlpm.mesNum), _xlpm.colIni, MATCH(_xlpm.mesTxt, Minimos!$1:$1, 0), _xlpm.fila, MATCH($A107, Minimos!$A:$A, 0), _xlpm.anio, INDEX(Minimos!$A:$ZZ, _xlpm.fila, _xlpm.colIni+1), _xlpm.dia, INDEX(Minimos!$A:$ZZ, _xlpm.fila, _xlpm.colIni+2), IF(OR(_xlpm.anio="",_xlpm.dia=""), "", DATE(_xlpm.anio, _xlpm.mesNum, _xlpm.dia)) ), "")} -> 31294 | AW107: =IF(OR(AT107="",AU107=""),"NA",IFERROR(AT107-AU107,"NA")) -> 6.3
A108: 35075030 | B108: Villa Luisa | C108: Area Operativa 06 - Boyacá-Casanare-Vichada | D108: -73.349417 | E108: 5.4222222 | F108: 2200 | G108: 15 | H108: 15599 | I108: Boyacá | J108: Ramiriquí | K108: 9.8 | L108: 11.6 | M108: 12.8 | N108: 11 | O108: 11 | P108: 9.6 | AP108: =COUNTIF(K108:AO108,">0") -> 6 | AQ108: =IF(AP108>14,AVERAGE(K108:AO108),"") | AR108: =IFERROR(VLOOKUP(A108,Climatologia!A:U,9+$E$2,FALSE),"") -> 11.188895 | AS108: =IF(OR(AQ108="",AR108=""),"",IFERROR(AQ108-AR108,"")) | AT108: =IF(COUNT(K108:AO108)=0,"",MIN(K108:AO108)) -> 9.6 | AU108: {=IFERROR( _xlfn.LET( _xlpm.mesTxt, INDEX({"ENERO","FEBRERO","MARZO","ABRIL","MAYO","JUNIO","JULIO","AGOSTO","SEPTIEMBRE","OCTUBRE","NOVIEMBRE","DICIEMBRE"}, E$2), _xlpm.colIni, MATCH(_xlpm.mesTxt, Minimos!$1:$1, 0), _xlpm.fila, MATCH($A108, Minimos!$A:$A, 0), _xlpm.val, INDEX(Minimos!$A:$ZZ, _xlpm.fila, _xlpm.colIni), IF(_xlpm.val="", "", _xlpm.val) ), "")} -> 1.2 | AV108: {=IFERROR( _xlfn.LET( _xlpm.mesNum, E$2, _xlpm.mesTxt, INDEX({"ENERO","FEBRERO","MARZO","ABRIL","MAYO","JUNIO","JULIO","AGOSTO","SEPTIEMBRE","OCTUBRE","NOVIEMBRE","DICIEMBRE"}, _xlpm.mesNum), _xlpm.colIni, MATCH(_xlpm.mesTxt, Minimos!$1:$1, 0), _xlpm.fila, MATCH($A108, Minimos!$A:$A, 0), _xlpm.anio, INDEX(Minimos!$A:$ZZ, _xlpm.fila, _xlpm.colIni+1), _xlpm.dia, INDEX(Minimos!$A:$ZZ, _xlpm.fila, _xlpm.colIni+2), IF(OR(_xlpm.anio="",_xlpm.dia=""), "", DATE(_xlpm.anio, _xlpm.mesNum, _xlpm.dia)) ), "")} -> 34216 | AW108: =IF(OR(AT108="",AU108=""),"NA",IFERROR(AT108-AU108,"NA")) -> 8.4
A109: 35075040 | B109: Institucion Agricola Macanal | C109: Area Operativa 06 - Boyacá-Casanare-Vichada | D109: -73.31675 | E109: 4.9743611 | F109: 1300 | G109: 15 | H109: 15425 | I109: Boyacá | J109: Macanal | K109: 14.2 | L109: 15.4 | M109: 14 | N109: 15.4 | O109: 14 | P109: 14.2 | AP109: =COUNTIF(K109:AO109,">0") -> 6 | AQ109: =IF(AP109>14,AVERAGE(K109:AO109),"") | AR109: =IFERROR(VLOOKUP(A109,Climatologia!A:U,9+$E$2,FALSE),"") -> 13.358972 | AS109: =IF(OR(AQ109="",AR109=""),"",IFERROR(AQ109-AR109,"")) | AT109: =IF(COUNT(K109:AO109)=0,"",MIN(K109:AO109)) -> 14 | AU109: {=IFERROR( _xlfn.LET( _xlpm.mesTxt, INDEX({"ENERO","FEBRERO","MARZO","ABRIL","MAYO","JUNIO","JULIO","AGOSTO","SEPTIEMBRE","OCTUBRE","NOVIEMBRE","DICIEMBRE"}, E$2), _xlpm.colIni, MATCH(_xlpm.mesTxt, Minimos!$1:$1, 0), _xlpm.fila, MATCH($A109, Minimos!$A:$A, 0), _xlpm.val, INDEX(Minimos!$A:$ZZ, _xlpm.fila, _xlpm.colIni), IF(_xlpm.val="", "", _xlpm.val) ), "")} -> 9.4 | AV109: {=IFERROR( _xlfn.LET( _xlpm.mesNum, E$2, _xlpm.mesTxt, INDEX({"ENERO","FEBRERO","MARZO","ABRIL","MAYO","JUNIO","JULIO","AGOSTO","SEPTIEMBRE","OCTUBRE","NOVIEMBRE","DICIEMBRE"}, _xlpm.mesNum), _xlpm.colIni, MATCH(_xlpm.mesTxt, Minimos!$1:$1, 0), _xlpm.fila, MATCH($A109, Minimos!$A:$A, 0), _xlpm.anio, INDEX(Minimos!$A:$ZZ, _xlpm.fila, _xlpm.colIni+1), _xlpm.dia, INDEX(Minimos!$A:$ZZ, _xlpm.fila, _xlpm.colIni+2), IF(OR(_xlpm.anio="",_xlpm.dia=""), "", DATE(_xlpm.anio, _xlpm.mesNum, _xlpm.dia)) ), "")} -> 30567 | AW109: =IF(OR(AT109="",AU109=""),"NA",IFERROR(AT109-AU109,"NA")) -> 4.6
A110: 35085040 | B110: El Vivero | C110: Area Operativa 06 - Boyacá-Casanare-Vichada | D110: -73.144778 | E110: 5.1925556 | F110: 1640 | G110: 15 | H110: 15455 | I110: Boyacá | J110: Miraflores | K110: 15.4 | L110: 15.4 | M110: 15.2 | N110: 15.2 | O110: 14.8 | P110: 14.6 | AP110: =COUNTIF(K110:AO110,">0") -> 6 | AQ110: =IF(AP110>14,AVERAGE(K110:AO110),"") | AR110: =IFERROR(VLOOKUP(A110,Climatologia!A:U,9+$E$2,FALSE),"") -> 13.685589 | AS110: =IF(OR(AQ110="",AR110=""),"",IFERROR(AQ110-AR110,"")) | AT110: =IF(COUNT(K110:AO110)=0,"",MIN(K110:AO110)) -> 14.6 | AU110: {=IFERROR( _xlfn.LET( _xlpm.mesTxt, INDEX({"ENERO","FEBRERO","MARZO","ABRIL","MAYO","JUNIO","JULIO","AGOSTO","SEPTIEMBRE","OCTUBRE","NOVIEMBRE","DICIEMBRE"}, E$2), _xlpm.colIni, MATCH(_xlpm.mesTxt, Minimos!$1:$1, 0), _xlpm.fila, MATCH($A110, Minimos!$A:$A, 0), _xlpm.val, INDEX(Minimos!$A:$ZZ, _xlpm.fila, _xlpm.colIni), IF(_xlpm.val="", "", _xlpm.val) ), "")} -> 8 | AV110: {=IFERROR( _xlfn.LET( _xlpm.mesNum, E$2, _xlpm.mesTxt, INDEX({"ENERO","FEBRERO","MARZO","ABRIL","MAYO","JUNIO","JULIO","AGOSTO","SEPTIEMBRE","OCTUBRE","NOVIEMBRE","DICIEMBRE"}, _xlpm.mesNum), _xlpm.colIni, MATCH(_xlpm.mesTxt, Minimos!$1:$1, 0), _xlpm.fila, MATCH($A110, Minimos!$A:$A, 0), _xlpm.anio, INDEX(Minimos!$A:$ZZ, _xlpm.fila, _xlpm.colIni+1), _xlpm.dia, INDEX(Minimos!$A:$ZZ, _xlpm.fila, _xlpm.colIni+2), IF(OR(_xlpm.anio="",_xlpm.dia=""), "", DATE(_xlpm.anio, _xlpm.mesNum, _xlpm.dia)) ), "")} -> 39340 | AW110: =IF(OR(AT110="",AU110=""),"NA",IFERROR(AT110-AU110,"NA")) -> 6.6
A111: 35085050 | B111: Campohermoso | C111: Area Operativa 06 - Boyacá-Casanare-Vichada | D111: -73.103667 | E111: 5.0345 | F111: 1300 | G111: 15 | H111: 15135 | I111: Boyacá | J111: Campohermoso | K111: 17.6 | L111: 18.6 | M111: 17.8 | N111: 19.2 | AP111: =COUNTIF(K111:AO111,">0") -> 4 | AQ111: =IF(AP111>14,AVERAGE(K111:AO111),"") | AR111: =IFERROR(VLOOKUP(A111,Climatologia!A:U,9+$E$2,FALSE),"") -> 16.876051 | AS111: =IF(OR(AQ111="",AR111=""),"",IFERROR(AQ111-AR111,"")) | AT111: =IF(COUNT(K111:AO111)=0,"",MIN(K111:AO111)) -> 17.6 | AU111: {=IFERROR( _xlfn.LET( _xlpm.mesTxt, INDEX({"ENERO","FEBRERO","MARZO","ABRIL","MAYO","JUNIO","JULIO","AGOSTO","SEPTIEMBRE","OCTUBRE","NOVIEMBRE","DICIEMBRE"}, E$2), _xlpm.colIni, MATCH(_xlpm.mesTxt, Minimos!$1:$1, 0), _xlpm.fila, MATCH($A111, Minimos!$A:$A, 0), _xlpm.val, INDEX(Minimos!$A:$ZZ, _xlpm.fila, _xlpm.colIni), IF(_xlpm.val="", "", _xlpm.val) ), "")} -> 13.4 | AV111: {=IFERROR( _xlfn.LET( _xlpm.mesNum, E$2, _xlpm.mesTxt, INDEX({"ENERO","FEBRERO","MARZO","ABRIL","MAYO","JUNIO","JULIO","AGOSTO","SEPTIEMBRE","OCTUBRE","NOVIEMBRE","DICIEMBRE"}, _xlpm.mesNum), _xlpm.colIni, MATCH(_xlpm.mesTxt, Minimos!$1:$1, 0), _xlpm.fila, MATCH($A111, Minimos!$A:$A, 0), _xlpm.anio, INDEX(Minimos!$A:$ZZ, _xlpm.fila, _xlpm.colIni+1), _xlpm.dia, INDEX(Minimos!$A:$ZZ, _xlpm.fila, _xlpm.colIni+2), IF(OR(_xlpm.anio="",_xlpm.dia=""), "", DATE(_xlpm.anio, _xlpm.mesNum, _xlpm.dia)) ), "")} -> 35697 | AW111: =IF(OR(AT111="",AU111=""),"NA",IFERROR(AT111-AU111,"NA")) -> 4.2
A112: 35195030 | B112: Aguazul | C112: Area Operativa 06 - Boyacá-Casanare-Vichada | D112: -72.547389 | E112: 5.1770833 | F112: 380 | G112: 85 | H112: 85010 | I112: Casanare | J112: Aguazul | K112: 24.8 | L112: 21.6 | M112: 23.6 | N112: 24 | O112: 23.2 | P112: 21 | AP112: =COUNTIF(K112:AO112,">0") -> 6 | AQ112: =IF(AP112>14,AVERAGE(K112:AO112),"") | AR112: =IFERROR(VLOOKUP(A112,Climatologia!A:U,9+$E$2,FALSE),"") -> 22.868439 | AS112: =IF(OR(AQ112="",AR112=""),"",IFERROR(AQ112-AR112,"")) | AT112: =IF(COUNT(K112:AO112)=0,"",MIN(K112:AO112)) -> 21 | AU112: {=IFERROR( _xlfn.LET( _xlpm.mesTxt, INDEX({"ENERO","FEBRERO","MARZO","ABRIL","MAYO","JUNIO","JULIO","AGOSTO","SEPTIEMBRE","OCTUBRE","NOVIEMBRE","DICIEMBRE"}, E$2), _xlpm.colIni, MATCH(_xlpm.mesTxt, Minimos!$1:$1, 0), _xlpm.fila, MATCH($A112, Minimos!$A:$A, 0), _xlpm.val, INDEX(Minimos!$A:$ZZ, _xlpm.fila, _xlpm.colIni), IF(_xlpm.val="", "", _xlpm.val) ), "")} | AV112: {=IFERROR( _xlfn.LET( _xlpm.mesNum, E$2, _xlpm.mesTxt, INDEX({"ENERO","FEBRERO","MARZO","ABRIL","MAYO","JUNIO","JULIO","AGOSTO","SEPTIEMBRE","OCTUBRE","NOVIEMBRE","DICIEMBRE"}, _xlpm.mesNum), _xlpm.colIni, MATCH(_xlpm.mesTxt, Minimos!$1:$1, 0), _xlpm.fila, MATCH($A112, Minimos!$A:$A, 0), _xlpm.anio, INDEX(Minimos!$A:$ZZ, _xlpm.fila, _xlpm.colIni+1), _xlpm.dia, INDEX(Minimos!$A:$ZZ, _xlpm.fila, _xlpm.colIni+2), IF(OR(_xlpm.anio="",_xlpm.dia=""), "", DATE(_xlpm.anio, _xlpm.mesNum, _xlpm.dia)) ), "")} | AW112: =IF(OR(AT112="",AU112=""),"NA",IFERROR(AT112-AU112,"NA")) -> NA
A113: 35195050 | B113: Corinto | C113: Area Operativa 06 - Boyacá-Casanare-Vichada | D113: -72.717222 | E113: 5.4072778 | F113: 1550 | G113: 15 | H113: 15518 | I113: Boyacá | J113: Pajarito | K113: 14.4 | L113: 14.6 | M113: 16.5 | N113: 14.2 | O113: 15.5 | P113: 14.2 | AP113: =COUNTIF(K113:AO113,">0") -> 6 | AQ113: =IF(AP113>14,AVERAGE(K113:AO113),"") | AR113: =IFERROR(VLOOKUP(A113,Climatologia!A:U,9+$E$2,FALSE),"") -> 15.184621 | AS113: =IF(OR(AQ113="",AR113=""),"",IFERROR(AQ113-AR113,"")) | AT113: =IF(COUNT(K113:AO113)=0,"",MIN(K113:AO113)) -> 14.2 | AU113: {=IFERROR( _xlfn.LET( _xlpm.mesTxt, INDEX({"ENERO","FEBRERO","MARZO","ABRIL","MAYO","JUNIO","JULIO","AGOSTO","SEPTIEMBRE","OCTUBRE","NOVIEMBRE","DICIEMBRE"}, E$2), _xlpm.colIni, MATCH(_xlpm.mesTxt, Minimos!$1:$1, 0), _xlpm.fila, MATCH($A113, Minimos!$A:$A, 0), _xlpm.val, INDEX(Minimos!$A:$ZZ, _xlpm.fila, _xlpm.colIni), IF(_xlpm.val="", "", _xlpm.val) ), "")} -> 8.4 | AV113: {=IFERROR( _xlfn.LET( _xlpm.mesNum, E$2, _xlpm.mesTxt, INDEX({"ENERO","FEBRERO","MARZO","ABRIL","MAYO","JUNIO","JULIO","AGOSTO","SEPTIEMBRE","OCTUBRE","NOVIEMBRE","DICIEMBRE"}, _xlpm.mesNum), _xlpm.colIni, MATCH(_xlpm.mesTxt, Minimos!$1:$1, 0), _xlpm.fila, MATCH($A113, Minimos!$A:$A, 0), _xlpm.anio, INDEX(Minimos!$A:$ZZ, _xlpm.fila, _xlpm.colIni+1), _xlpm.dia, INDEX(Minimos!$A:$ZZ, _xlpm.fila, _xlpm.colIni+2), IF(OR(_xlpm.anio="",_xlpm.dia=""), "", DATE(_xlpm.anio, _xlpm.mesNum, _xlpm.dia)) ), "")} -> 34593 | AW113: =IF(OR(AT113="",AU113=""),"NA",IFERROR(AT113-AU113,"NA")) -> 5.8
A114: 35215020 | B114: Aeropuerto Yopal - Aut | C114: Area Operativa 06 - Boyacá-Casanare-Vichada | D114: -72.3875 | E114: 5.3204444 | F114: 325 | G114: 85 | H114: 85001 | I114: Casanare | J114: Yopal | K114: 21.4 | L114: 18.4 | M114: 19.2 | N114: 19.4 | O114: 19 | P114: 17.6 | AP114: =COUNTIF(K114:AO114,">0") -> 6 | AQ114: =IF(AP114>14,AVERAGE(K114:AO114),"") | AR114: =IFERROR(VLOOKUP(A114,Climatologia!A:U,9+$E$2,FALSE),"") -> 22.39664 | AS114: =IF(OR(AQ114="",AR114=""),"",IFERROR(AQ114-AR114,"")) | AT114: =IF(COUNT(K114:AO114)=0,"",MIN(K114:AO114)) -> 17.6 | AU114: {=IFERROR( _xlfn.LET( _xlpm.mesTxt, INDEX({"ENERO","FEBRERO","MARZO","ABRIL","MAYO","JUNIO","JULIO","AGOSTO","SEPTIEMBRE","OCTUBRE","NOVIEMBRE","DICIEMBRE"}, E$2), _xlpm.colIni, MATCH(_xlpm.mesTxt, Minimos!$1:$1, 0), _xlpm.fila, MATCH($A114, Minimos!$A:$A, 0), _xlpm.val, INDEX(Minimos!$A:$ZZ, _xlpm.fila, _xlpm.colIni), IF(_xlpm.val="", "", _xlpm.val) ), "")} -> 18 | AV114: {=IFERROR( _xlfn.LET( _xlpm.mesNum, E$2, _xlpm.mesTxt, INDEX({"ENERO","FEBRERO","MARZO","ABRIL","MAYO","JUNIO","JULIO","AGOSTO","SEPTIEMBRE","OCTUBRE","NOVIEMBRE","DICIEMBRE"}, _xlpm.mesNum), _xlpm.colIni, MATCH(_xlpm.mesTxt, Minimos!$1:$1, 0), _xlpm.fila, MATCH($A114, Minimos!$A:$A, 0), _xlpm.anio, INDEX(Minimos!$A:$ZZ, _xlpm.fila, _xlpm.colIni+1), _xlpm.dia, INDEX(Minimos!$A:$ZZ, _xlpm.fila, _xlpm.colIni+2), IF(OR(_xlpm.anio="",_xlpm.dia=""), "", DATE(_xlpm.anio, _xlpm.mesNum, _xlpm.dia)) ), "")} -> 30947 | AW114: =IF(OR(AT114="",AU114=""),"NA",IFERROR(AT114-AU114,"NA")) -> -0.4
A115: 35235040 | B115: Trinidad - Aut | C115: Area Operativa 06 - Boyacá-Casanare-Vichada | D115: -71.666167 | E115: 5.4190278 | F115: 265 | G115: 85 | H115: 85430 | I115: Casanare | J115: Trinidad | L115: 21.6 | P115: 22 | AP115: =COUNTIF(K115:AO115,">0") -> 2 | AQ115: =IF(AP115>14,AVERAGE(K115:AO115),"") | AR115: =IFERROR(VLOOKUP(A115,Climatologia!A:U,9+$E$2,FALSE),"") | AS115: =IF(OR(AQ115="",AR115=""),"",IFERROR(AQ115-AR115,"")) | AT115: =IF(COUNT(K115:AO115)=0,"",MIN(K115:AO115)) -> 21.6 | AU115: {=IFERROR( _xlfn.LET( _xlpm.mesTxt, INDEX({"ENERO","FEBRERO","MARZO","ABRIL","MAYO","JUNIO","JULIO","AGOSTO","SEPTIEMBRE","OCTUBRE","NOVIEMBRE","DICIEMBRE"}, E$2), _xlpm.colIni, MATCH(_xlpm.mesTxt, Minimos!$1:$1, 0), _xlpm.fila, MATCH($A115, Minimos!$A:$A, 0), _xlpm.val, INDEX(Minimos!$A:$ZZ, _xlpm.fila, _xlpm.colIni), IF(_xlpm.val="", "", _xlpm.val) ), "")} | AV115: {=IFERROR( _xlfn.LET( _xlpm.mesNum, E$2, _xlpm.mesTxt, INDEX({"ENERO","FEBRERO","MARZO","ABRIL","MAYO","JUNIO","JULIO","AGOSTO","SEPTIEMBRE","OCTUBRE","NOVIEMBRE","DICIEMBRE"}, _xlpm.mesNum), _xlpm.colIni, MATCH(_xlpm.mesTxt, Minimos!$1:$1, 0), _xlpm.fila, MATCH($A115, Minimos!$A:$A, 0), _xlpm.anio, INDEX(Minimos!$A:$ZZ, _xlpm.fila, _xlpm.colIni+1), _xlpm.dia, INDEX(Minimos!$A:$ZZ, _xlpm.fila, _xlpm.colIni+2), IF(OR(_xlpm.anio="",_xlpm.dia=""), "", DATE(_xlpm.anio, _xlpm.mesNum, _xlpm.dia)) ), "")} | AW115: =IF(OR(AT115="",AU115=""),"NA",IFERROR(AT115-AU115,"NA")) -> NA
A116: 35235050 | B116: Tamara - Aut | C116: Area Operativa 06 - Boyacá-Casanare-Vichada | D116: -72.166778 | E116: 5.8185833 | F116: 117 | G116: 85 | H116: 85400 | I116: Casanare | J116: Támara | K116: 20.2 | L116: 19.4 | M116: 20.2 | N116: 21.2 | O116: 22.4 | P116: 20.2 | AP116: =COUNTIF(K116:AO116,">0") -> 6 | AQ116: =IF(AP116>14,AVERAGE(K116:AO116),"") | AR116: =IFERROR(VLOOKUP(A116,Climatologia!A:U,9+$E$2,FALSE),"") -> 18.540485 | AS116: =IF(OR(AQ116="",AR116=""),"",IFERROR(AQ116-AR116,"")) | AT116: =IF(COUNT(K116:AO116)=0,"",MIN(K116:AO116)) -> 19.4 | AU116: {=IFERROR( _xlfn.LET( _xlpm.mesTxt, INDEX({"ENERO","FEBRERO","MARZO","ABRIL","MAYO","JUNIO","JULIO","AGOSTO","SEPTIEMBRE","OCTUBRE","NOVIEMBRE","DICIEMBRE"}, E$2), _xlpm.colIni, MATCH(_xlpm.mesTxt, Minimos!$1:$1, 0), _xlpm.fila, MATCH($A116, Minimos!$A:$A, 0), _xlpm.val, INDEX(Minimos!$A:$ZZ, _xlpm.fila, _xlpm.colIni), IF(_xlpm.val="", "", _xlpm.val) ), "")} -> 14.5 | AV116: {=IFERROR( _xlfn.LET( _xlpm.mesNum, E$2, _xlpm.mesTxt, INDEX({"ENERO","FEBRERO","MARZO","ABRIL","MAYO","JUNIO","JULIO","AGOSTO","SEPTIEMBRE","OCTUBRE","NOVIEMBRE","DICIEMBRE"}, _xlpm.mesNum), _xlpm.colIni, MATCH(_xlpm.mesTxt, Minimos!$1:$1, 0), _xlpm.fila, MATCH($A116, Minimos!$A:$A, 0), _xlpm.anio, INDEX(Minimos!$A:$ZZ, _xlpm.fila, _xlpm.colIni+1), _xlpm.dia, INDEX(Minimos!$A:$ZZ, _xlpm.fila, _xlpm.colIni+2), IF(OR(_xlpm.anio="",_xlpm.dia=""), "", DATE(_xlpm.anio, _xlpm.mesNum, _xlpm.dia)) ), "")} -> 41901 | AW116: =IF(OR(AT116="",AU116=""),"NA",IFERROR(AT116-AU116,"NA")) -> 4.9
A117: 36015010 | B117: Paz De Ariporo | C117: Area Operativa 06 - Boyacá-Casanare-Vichada | D117: -71.887194 | E117: 5.8785278 | F117: 342 | G117: 85 | H117: 85250 | I117: Casanare | J117: Paz De Ariporo | K117: 22.2 | M117: 22.4 | N117: 22.2 | O117: 22 | P117: 22.2 | AP117: =COUNTIF(K117:AO117,">0") -> 5 | AQ117: =IF(AP117>14,AVERAGE(K117:AO117),"") | AR117: =IFERROR(VLOOKUP(A117,Climatologia!A:U,9+$E$2,FALSE),"") -> 22.37427 | AS117: =IF(OR(AQ117="",AR117=""),"",IFERROR(AQ117-AR117,"")) | AT117: =IF(COUNT(K117:AO117)=0,"",MIN(K117:AO117)) -> 22 | AU117: {=IFERROR( _xlfn.LET( _xlpm.mesTxt, INDEX({"ENERO","FEBRERO","MARZO","ABRIL","MAYO","JUNIO","JULIO","AGOSTO","SEPTIEMBRE","OCTUBRE","NOVIEMBRE","DICIEMBRE"}, E$2), _xlpm.colIni, MATCH(_xlpm.mesTxt, Minimos!$1:$1, 0), _xlpm.fila, MATCH($A117, Minimos!$A:$A, 0), _xlpm.val, INDEX(Minimos!$A:$ZZ, _xlpm.fila, _xlpm.colIni), IF(_xlpm.val="", "", _xlpm.val) ), "")} -> 18 | AV117: {=IFERROR( _xlfn.LET( _xlpm.mesNum, E$2, _xlpm.mesTxt, INDEX({"ENERO","FEBRERO","MARZO","ABRIL","MAYO","JUNIO","JULIO","AGOSTO","SEPTIEMBRE","OCTUBRE","NOVIEMBRE","DICIEMBRE"}, _xlpm.mesNum), _xlpm.colIni, MATCH(_xlpm.mesTxt, Minimos!$1:$1, 0), _xlpm.fila, MATCH($A117, Minimos!$A:$A, 0), _xlpm.anio, INDEX(Minimos!$A:$ZZ, _xlpm.fila, _xlpm.colIni+1), _xlpm.dia, INDEX(Minimos!$A:$ZZ, _xlpm.fila, _xlpm.colIni+2), IF(OR(_xlpm.anio="",_xlpm.dia=""), "", DATE(_xlpm.anio, _xlpm.mesNum, _xlpm.dia)) ), "")} -> 39345 | AW117: =IF(OR(AT117="",AU117=""),"NA",IFERROR(AT117-AU117,"NA")) -> 4
...

Sheet Climatologia
A1: INFORMACIÓN GENERAL ESTACIONES | J1: NORMAL CLIMATOLÓGICA ESTÁNDAR DE LA TEMPERATURA MINIMA PARA EL PERIODO 1991-2020 (°C) | W1: Cumplen la directriz No 1203 del 2017 de la OMM
A2: CÓDIGO | B2: CATEGORÍA | C2: NOMBRE | D2: MUNICIPIO | E2: DEPARTAMENTO | F2: AO | G2: ELEVACIÓN (m) | H2: LONGITUD | I2: LATITUD | J2: ENE | K2: FEB | L2: MAR | M2: ABR | N2: MAY | O2: JUN | P2: JUL | Q2: AGO | R2: SEP | S2: OCT | T2: NOV | U2: DIC | V2: ANUAL | W2: Número de meses | X2: % de cumplimiento
A3: 48015050 | B3: SP | C3: Aeropuerto Vásquez Cobo | D3: Leticia | E3: Amazonas | F3: 11 | G3: 84 | H3: -69.940917 | I3: -4.1938611 | J3: 23.177079 | K3: 23.144265 | L3: 23.220972 | M3: 23.19556 | N3: 23.001741 | O3: 22.229531 | P3: 21.59282 | Q3: 21.82883 | R3: 22.350397 | S3: 22.908834 | T3: 23.161927 | U3: 23.166595 | V3: 22.748213 | W3: 314 | X3: 0.87222222
A4: 23085030 | B4: CO | C4: Alejandría | D4: Alejandría | E4: Antioquia | F4: 1 | G4: 1712 | H4: -75.143389 | I4: 6.37625 | J4: 14.716171 | K4: 14.811488 | L4: 15.177771 | M4: 15.437553 | N4: 15.617673 | O4: 15.226738 | P4: 14.773956 | Q4: 14.785404 | R4: 15.029762 | S4: 15.194157 | T4: 15.422869 | U4: 15.010688 | V4: 15.100352 | W4: 343 | X4: 0.95277778
A5: 26195020 | B5: PM | C5: Ita Andes | D5: Andes | E5: Antioquia | F5: 1 | G5: 1180 | H5: -75.880222 | I5: 5.691 | J5: 16.488765 | K5: 16.979963 | L5: 17.115707 | M5: 17.057628 | N5: 17.102392 | O5: 16.660917 | P5: 16.495189 | Q5: 16.446428 | R5: 16.628005 | S5: 16.630249 | T5: 16.973087 | U5: 16.863381 | V5: 16.786809 | W5: 293 | X5: 0.81388889
A6: 27025030 | B6: CO | C6: Anorí | D6: Anorí | E6: Antioquia | F6: 1 | G6: 1601 | H6: -75.150528 | I6: 7.0719167 | J6: 14.830824 | K6: 15.149268 | L6: 15.562986 | M6: 15.921864 | N6: 16.136926 | O6: 15.907921 | P6: 15.700556 | Q6: 15.713385 | R6: 15.594401 | S6: 15.594886 | T6: 15.581394 | U6: 15.31599 | V6: 15.5842 | W6: 316 | X6: 0.87777778
A7: 12015020 | B7: AM | C7: Uniban | D7: Apartadó | E7: Antioquia | F7: 1 | G7: 43 | H7: -76.651333 | I7: 7.8259167 | J7: 23.478517 | K7: 23.520371 | L7: 23.698444 | M7: 23.86102 | N7: 23.718104 | O7: 23.506471 | P7: 23.317239 | Q7: 23.414845 | R7: 23.367964 | S7: 23.197178 | T7: 23.157932 | U7: 23.336842 | V7: 23.464577 | W7: 293 | X7: 0.81388889
A8: 27015090 | B8: CO | C8: Tulio Ospina | D8: Bello | E8: Antioquia | F8: 1 | G8: 1453 | H8: -75.55325 | I8: 6.3196944 | J8: 16.9981 | K8: 17.30888 | L8: 17.500943 | M8: 17.755935 | N8: 17.754916 | O8: 17.42114 | P8: 17.205067 | Q8: 17.32409 | R8: 17.370087 | S8: 17.338957 | T8: 17.363827 | U8: 17.283107 | V8: 17.385421 | W8: 310 | X8: 0.86111111
A9: 26225040 | B9: CO | C9: Hacienda Piunti | D9: Buriticá | E9: Antioquia | F9: 1 | G9: 1650 | H9: -75.912972 | I9: 6.7295 | J9: 16.283264 | K9: 16.448349 | L9: 16.569784 | M9: 16.606958 | N9: 16.570344 | O9: 16.555581 | P9: 16.367986 | Q9: 16.3928 | R9: 16.291944 | S9: 16.309027 | T9: 16.344598 | U9: 16.376738 | V9: 16.426448 | W9: 222 | X9: 0.925
A10: 27015260 | B10: AM | C10: La Salada | D10: Caldas | E10: Antioquia | F10: 1 | G10: 1923 | H10: -75.624667 | I10: 6.0483611 | J10: 12.682619 | K10: 12.892049 | L10: 13.210012 | M10: 13.458282 | N10: 13.751722 | O10: 13.236944 | P10: 12.945465 | Q10: 13.024959 | R10: 13.010984 | S10: 13.219427 | T10: 13.404811 | U10: 13.140323 | V10: 13.1648 | W10: 215 | X10: 0.89583333
A11: 11115020 | B11: CO | C11: Cañasgordas - Aut | D11: Cañasgordas | E11: Antioquia | F11: 1 | G11: 1294 | H11: -76.029667 | I11: 6.7580278 | J11: 15.872612 | K11: 16.068372 | L11: 16.303646 | M11: 16.576727 | N11: 16.819651 | O11: 16.794557 | P11: 16.588551 | Q11: 16.522879 | R11: 16.438869 | S11: 16.389007 | T11: 16.355192 | U11: 16.172913 | V11: 16.408581 | W11: 341 | X11: 0.94722222
A12: 12015070 | B12: SP | C12: Aeropuerto Los Cedros | D12: Carepa | E12: Antioquia | F12: 1 | G12: 41 | H12: -76.717889 | I12: 7.8163889 | J12: 23.728305 | K12: 23.896131 | L12: 23.9766 | M12: 24.109386 | N12: 23.818532 | O12: 23.515431 | P12: 23.317826 | Q12: 23.404405 | R12: 23.201043 | S12: 23.207567 | T12: 23.186159 | U12: 23.541934 | V12: 23.575276 | W12: 342 | X12: 0.95
A13: 12015060 | B13: CO | C13: Tulenapa | D13: Carepa | E13: Antioquia | F13: 1 | G13: 39 | H13: -76.67 | I13: 7.77 | J13: 23.233484 | K13: 23.423158 | L13: 23.568392 | M13: 23.97538 | N13: 23.840457 | O13: 23.296313 | P13: 23.243949 | Q13: 23.515384 | R13: 23.352842 | S13: 23.361908 | T13: 23.219752 | U13: 23.238537 | V13: 23.43913 | W13: 207 | X13: 0.8625
A14: 11025010 | B14: CO | C14: La Mansa | D14: Ciudad Bolívar | E14: Antioquia | F14: 1 | G14: 2018 | H14: -76.084333 | I14: 5.8783056 | J14: 13.09284 | K14: 13.481901 | L14: 13.593113 | M14: 13.79912 | N14: 13.846824 | O14: 13.509455 | P14: 13.086423 | Q14: 12.977878 | R14: 13.187741 | S14: 13.22638 | T14: 13.468376 | U14: 13.446296 | V14: 13.393029 | W14: 346 | X14: 0.96111111
... A384: 38015030 | B384: SP | C384: Aeropuerto Puerto Carreño | D384: Puerto Carreño | E384: Vichada | F384: 3 | G384: 57 | H384: -67.491222 | I384: 6.1824361 | J384: 23.443766 | K384: 24.164324 | L384: 24.873619 | M384: 24.745169 | N384: 24.258017 | O384: 23.567556 | P384: 23.359037 | Q384: 23.545662 | R384: 23.916766 | S384: 24.089849 | T384: 24.321463 | U384: 23.950756 | V384: 24.019665 | W384: 353 | X384: 0.98055556

Sheet Minimos
A1: COD | B1: ESTACION | C1: LAT | D1: LON | E1: ELEV | F1: MUNICIPIO | G1: DPTO | H1: ENERO | K1: FEBRERO | N1: MARZO | Q1: ABRIL | T1: MAYO | W1: JUNIO | Z1: JULIO | AC1: AGOSTO | AF1: SEPTIEMBRE | AI1: OCTUBRE | AL1: NOVIEMBRE | AO1: DICIEMBRE | AS1: Mes | AT1: Nombre | AU1: Días
H2: DATO | I2: AÑO | J2: DIA | K2: DATO | L2: AÑO | M2: DIA | N2: DATO | O2: AÑO | P2: DIA | Q2: DATO | R2: AÑO | S2: DIA | T2: DATO | U2: AÑO | V2: DIA | W2: DATO | X2: AÑO | Y2: DIA | Z2: DATO | AA2: AÑO | AB2: DIA | AC2: DATO | AD2: AÑO | AE2: DIA | AF2: DATO | AG2: AÑO | AH2: DIA | AI2: DATO | AJ2: AÑO | AK2: DIA | AL2: DATO | AM2: AÑO | AN2: DIA | AO2: DATO | AP2: AÑO | AQ2: DIA | AS2: 1 | AT2: ENERO | AU2: 31
A3: 15075030 | B3: MANAURE [15075030] | C3: 11.781056 | D3: -72.4635 | E3: 1 | F3: Manaure | G3: La Guajira | H3: 17.8 | I3: 1994 | J3: 29 | K3: 18.4 | L3: 1994 | M3: 15 | N3: 17.6 | O3: 1986 | P3: 1 | Q3: 18 | R3: 1994 | S3: 17 | T3: 19.4 | U3: 1994 | V3: 22 | W3: 17.6 | X3: 1994 | Y3: 8 | Z3: 17.6 | AA3: 1994 | AB3: 27 | AC3: 18.4 | AD3: 1986 | AE3: 29 | AF3: 17.8 | AG3: 1986 | AH3: 7 | AI3: 18 | AJ3: 1986 | AK3: 15 | AL3: 17.4 | AM3: 1986 | AN3: 30 | AO3: 17.6 | AP3: 1986 | AQ3: 17 | AS3: 2 | AT3: FEBRERO | AU3: 28
A4: 51035020 | B4: CCCP DL PACIFICO [51035020] | C4: 1.8191667 | D4: -78.73 | E4: 1 | F4: Tumaco | G4: Nariño | H4: 19 | I4: 2012 | J4: 8 | K4: 19 | L4: 2011 | M4: 4 | N4: 19.8 | O4: 1995 | P4: 16 | Q4: 19.8 | R4: 1995 | S4: 17 | T4: 19.3 | U4: 1995 | V4: 19 | W4: 19 | X4: 1997 | Y4: 17 | Z4: 19.5 | AA4: 2002 | AB4: 17 | AC4: 19 | AD4: 1994 | AE4: 2 | AF4: 19 | AG4: 2000 | AH4: 4 | AI4: 20 | AJ4: 1998 | AK4: 15 | AL4: 19.2 | AM4: 2013 | AN4: 20 | AO4: 20 | AP4: 1994 | AQ4: 14 | AS4: 3 | AT4: MARZO | AU4: 31
A5: 14015080 | B5: AEROPUERTO RAFAEL NUNEZ [14015080] | C5: 10.44725 | D5: -75.516028 | E5: 2 | F5: Cartagena De Indias | G5: Bolivar | H5: 20.8 | I5: 2000 | J5: 19 | K5: 20.5 | L5: 2001 | M5: 23 | N5: 20.4 | O5: 2002 | P5: 1 | Q5: 20.8 | R5: 1981 | S5: 20 | T5: 20.2 | U5: 1981 | V5: 26 | W5: 21.6 | X5: 1981 | Y5: 1 | Z5: 20.4 | AA5: 2004 | AB5: 4 | AC5: 20.2 | AD5: 1981 | AE5: 9 | AF5: 21.6 | AG5: 1984 | AH5: 30 | AI5: 21 | AJ5: 1985 | AK5: 22 | AL5: 21.4 | AM5: 1984 | AN5: 9 | AO5: 21.6 | AP5: 1991 | AQ5: 24 | AS5: 4 | AT5: ABRIL | AU5: 30
A6: 17015010 | B6: AEROPUERTO SESQUICENTENARIO [17015010] | C6: 12.587849 | D6: -81.701117 | E6: 3 | F6: San Andrés | G6: Archipielago De San Andres, Providencia Y Santa Catalina | H6: 21.2 | I6: 1983 | J6: 17 | K6: 21.7 | L6: 2017 | M6: 16 | N6: 21.8 | O6: 1981 | P6: 29 | Q6: 22.8 | R6: 1989 | S6: 23 | T6: 21.9 | U6: 2004 | V6: 19 | W6: 21.8 | X6: 2004 | Y6: 7 | Z6: 21.1 | AA6: 2012 | AB6: 7 | AC6: 21 | AD6: 1986 | AE6: 13 | AF6: 21.2 | AG6: 1986 | AH6: 22 | AI6: 21.1 | AJ6: 1992 | AK6: 21 | AL6: 21.8 | AM6: 1985 | AN6: 19 | AO6: 21.4 | AP6: 1981 | AQ6: 10 | AS6: 5 | AT6: MAYO | AU6: 31
A7: 12045010 | B7: ARBOLETES [12045010] | C7: 8.8469444 | D7: -76.431944 | E7: 4 | F7: Arboletes | G7: Antioquia | H7: 18 | I7: 2023 | J7: 29 | K7: 17.8 | L7: 2023 | M7: 3 | N7: 18 | O7: 2008 | P7: 5 | Q7: 18.8 | R7: 1991 | S7: 16 | T7: 18 | U7: 1991 | V7: 24 | W7: 18 | X7: 1990 | Y7: 2 | Z7: 18 | AA7: 2001 | AB7: 26 | AC7: 17.2 | AD7: 1991 | AE7: 11 | AF7: 17.6 | AG7: 2002 | AH7: 24 | AI7: 17.6 | AJ7: 2002 | AK7: 4 | AL7: 18.2 | AM7: 1989 | AN7: 1 | AO7: 18 | AP7: 1990 | AQ7: 8 | AS7: 6 | AT7: JUNIO | AU7: 30
A8: 15015050 | B8: AEROPUERTO SIMON BOLIVAR [15015050] | C8: 11.114694 | D8: -74.231028 | E8: 4 | F8: Santa Marta | G8: Magdalena | H8: 18.8 | I8: 1995 | J8: 12 | K8: 19.8 | L8: 2001 | M8: 23 | N8: 20.3 | O8: 1982 | P8: 4 | Q8: 21.6 | R8: 1977 | S8: 4 | T8: 20.8 | U8: 2008 | V8: 28 | W8: 22.2 | X8: 2007 | Y8: 10 | Z8: 20.6 | AA8: 1985 | AB8: 9 | AC8: 20.6 | AD8: 1978 | AE8: 2 | AF8: 21 | AG8: 1999 | AH8: 27 | AI8: 20.8 | AJ8: 1999 | AK8: 8 | AL8: 20.2 | AM8: 1985 | AN8: 24 | AO8: 18.2 | AP8: 1994 | AQ8: 30 | AS8: 7 | AT8: JULIO | AU8: 31
A9: 15035020 | B9: TERMOGUAJIRA - AUT [15035020] | C9: 11.2525 | D9: -73.411389 | E9: 5 | F9: Dibulla | G9: La Guajira | H9: 16 | I9: 2007 | J9: 19 | K9: 14.4 | L9: 2008 | M9: 5 | N9: 15 | O9: 2008 | P9: 10 | Q9: 17 | R9: 1997 | S9: 4 | T9: 17.6 | U9: 2008 | V9: 24 | W9: 18.2 | X9: 1999 | Y9: 18 | Z9: 18 | AA9: 1998 | AB9: 19 | AC9: 17 | AD9: 1998 | AE9: 6 | AF9: 16 | AG9: 1998 | AH9: 26 | AI9: 17 | AJ9: 1994 | AK9: 23 | AL9: 16.8 | AM9: 1994 | AN9: 7 | AO9: 15 | AP9: 2006 | AQ9: 15 | AS9: 8 | AT9: AGOSTO | AU9: 31
A10: 15015120 | B10: UNIVERSIDAD TECNOLOGICA - AUT [15015120] | C10: 11.223056 | D10: -74.185917 | E10: 7 | F10: Santa Marta | G10: Magdalena | H10: 18.4 | I10: 1987 | J10: 8 | K10: 18.2 | L10: 1989 | M10: 18 | N10: 18.6 | O10: 1992 | P10: 3 | Q10: 18.8 | R10: 1981 | S10: 28 | T10: 19.4 | U10: 1989 | V10: 26 | W10: 17.8 | X10: 1979 | Y10: 15 | Z10: 19.8 | AA10: 1979 | AB10: 4 | AC10: 20 | AD10: 1978 | AE10: 17 | AF10: 17.8 | AG10: 1989 | AH10: 26 | AI10: 20 | AJ10: 1989 | AK10: 12 | AL10: 19 | AM10: 1978 | AN10: 28 | AO10: 18.4 | AP10: 1986 | AQ10: 28 | AS10: 9 | AT10: SEPTIEMBRE | AU10: 30
A11: 17025020 | B11: AEROPUERTO EL EMBRUJO AUT [17025020] | C11: 13.3595 | D11: -81.357722 | E11: 7 | F11: San Andres Y Providencia (Santa Isabel) | G11: Archipielago De San Andres, Providencia Y Santa Catalina | H11: 20.2 | I11: 2006 | J11: 7 | K11: 19.4 | L11: 1991 | M11: 9 | N11: 19.2 | O11: 1999 | P11: 2 | Q11: 21 | R11: 2003 | S11: 12 | T11: 20.8 | U11: 2011 | V11: 16 | W11: 21 | X11: 1990 | Y11: 18 | Z11: 21 | AA11: 2005 | AB11: 19 | AC11: 20.4 | AD11: 2008 | AE11: 12 | AF11: 22 | AG11: 1986 | AH11: 25 | AI11: 21.6 | AJ11: 2008 | AK11: 14 | AL11: 20.4 | AM11: 2010 | AN11: 10 | AO11: 20.2 | AP11: 2008 | AQ11: 21 | AS11: 10 | AT11: OCTUBRE | AU11: 31
A12: 15075501 | B12: AEROPUERTO PUERTO BOLIVAR - AUT [15075501] | C12: 12.224306 | D12: -71.982889 | E12: 10 | F12: Uribia | G12: La Guajira | H12: 19.8 | I12: 2025 | J12: 4 | K12: 19.6 | L12: 2017 | M12: 19 | N12: 20.2 | O12: 2025 | P12: 7 | Q12: 20.8 | R12: 2025 | S12: 3 | T12: 21.6 | U12: 2023 | V12: 19 | W12: 21.4 | X12: 2021 | Y12: 3 | Z12: 21 | AA12: 2024 | AB12: 2 | AC12: 20.8 | AD12: 2024 | AE12: 13 | AF12: 20 | AG12: 2024 | AH12: 29 | AI12: 20.8 | AJ12: 2022 | AK12: 9 | AL12: 19.4 | AM12: 2024 | AN12: 4 | AO12: 20 | AP12: 2024 | AQ12: 24 | AS12: 11 | AT12: NOVIEMBRE | AU12: 30
A13: 25025210 | B13: PINILLOS [25025210] | C13: 8.9113889 | D13: -74.457778 | E13: 10 | F13: Pinillos | G13: Bolivar | H13: 19.3 | I13: 2019 | J13: 2 | K13: 19.2 | L13: 2023 | M13: 3 | N13: 20.2 | O13: 1995 | P13: 24 | Q13: 20.2 | R13: 2018 | S13: 27 | T13: 19.2 | U13: 1986 | V13: 4 | W13: 20.2 | X13: 2018 | Y13: 20 | Z13: 20 | AA13: 2019 | AB13: 27 | AC13: 19.2 | AD13: 2018 | AE13: 26 | AF13: 18.4 | AG13: 2019 | AH13: 24 | AI13: 19.1 | AJ13: 2019 | AK13: 14 | AL13: 19.2 | AM13: 2020 | AN13: 30 | AO13: 19.4 | AP13: 2019 | AQ13: 18 | AS13: 12 | AT13: DICIEMBRE | AU13: 31
A14: 29035000 | B14: SINCERIN - AUT [29035000] | C14: 10.142583 | D14: -75.278278 | E14: 10 | F14: Arjona | G14: Bolivar | H14: 18.2 | I14: 1985 | J14: 8 | K14: 16.2 | L14: 1984 | M14: 12 | N14: 19 | O14: 1986 | P14: 30 | Q14: 18.6 | R14: 1985 | S14: 28 | T14: 18.2 | U14: 1985 | V14: 4 | W14: 21 | X14: 1980 | Y14: 23 | Z14: 20 | AA14: 2011 | AB14: 14 | AC14: 20 | AD14: 1995 | AE14: 19 | AF14: 20 | AG14: 1985 | AH14: 6 | AI14: 18.8 | AJ14: 1985 | AK14: 11 | AL14: 19 | AM14: 1985 | AN14: 9 | AO14: 18.2 | AP14: 1991 | AQ14: 22
A15: 29035080 | B15: NORMAL MANATI - AUT [29035080] | C15: 10.453966 | D15: -74.954726 | E15: 10 | F15: Manatí | G15: Atlantico | H15: 18.2 | I15: 1983 | J15: 22 | K15: 19.2 | L15: 1994 | M15: 10 | N15: 18.4 | O15: 2018 | P15: 19 | Q15: 19.2 | R15: 1982 | S15: 8 | T15: 18.4 | U15: 1997 | V15: 5 | W15: 19.8 | X15: 1997 | Y15: 11 | Z15: 18.8 | AA15: 1980 | AB15: 9 | AC15: 18.6 | AD15: 1981 | AE15: 19 | AF15: 18.6 | AG15: 1998 | AH15: 13 | AI15: 19.2 | AJ15: 2001 | AK15: 21 | AL15: 19 | AM15: 1982 | AN15: 12 | AO15: 18.8 | AP15: 1985 | AQ15: 18
A16: 29035200 | B16: REPELON - AUT [29035200] | C16: 10.49 | D16: -75.126944 | E16: 10 | F16: Repelón | G16: Atlantico | H16: 19.4 | I16: 1979 | J16: 8 | K16: 18.6 | L16: 1985 | M16: 1 | N16: 19.3 | O16: 2017 | P16: 2 | Q16: 19 | R16: 2008 | S16: 15 | T16: 20.2 | U16: 1983 | V16: 1 | W16: 20 | X16: 1978 | Y16: 30 | Z16: 19.6 | AA16: 1980 | AB16: 18 | AC16: 18.4 | AD16: 1981 | AE16: 14 | AF16: 18.6 | AG16: 1982 | AH16: 17 | AI16: 20.4 | AJ16: 2004 | AK16: 21 | AL16: 20 | AM16: 1979 | AN16: 4 | AO16: 18.9 | AP16: 2005 | AQ16: 23
A17: 29035040 | B17: NUEVA FLORIDA [29035040] | C17: 9.944806 | D17: -75.351561 | E17: 13 | F17: María La Baja | G17: Bolivar | H17: 16 | I17: 1992 | J17: 31 | K17: 16.6 | L17: 1985 | M17: 9 | N17: 17.6 | O17: 1988 | P17: 1 | Q17: 18.2 | R17: 1984 | S17: 30 | T17: 19.8 | U17: 2002 | V17: 30 | W17: 17 | X17: 1985 | Y17: 14 | Z17: 16.2 | AA17: 1985 | AB17: 26 | AC17: 15.6 | AD17: 1985 | AE17: 16 | AF17: 17 | AG17: 1987 | AH17: 4 | AI17: 15.8 | AJ17: 1985 | AK17: 14 | AL17: 15 | AM17: 1984 | AN17: 24 | AO17: 17 | AP17: 1985 | AQ17: 26
A18: 29045190 | B18: AEROPUERTO E. CORTISSOZ - AUT [29045190] | C18: 10.917778 | D18: -74.779722 | E18: 14 | F18: Soledad | G18: Atlantico | H18: 19.6 | I18: 1994 | J18: 7 | K18: 20.2 | L18: 2001 | M18: 24 | N18: 20.2 | O18: 1989 | P18: 22 | Q18: 20.1 | R18: 2002 | S18: 14 | T18: 20.2 | U18: 1993 | V18: 26 | W18: 20.6 | X18: 2016 | Y18: 13 | Z18: 21 | AA18: 1988 | AB18: 15 | AC18: 20.4 | AD18: 1997 | AE18: 10 | AF18: 20.4 | AG18: 1996 | AH18: 25 | AI18: 20.2 | AJ18: 2011 | AK18: 21 | AL18: 19.8 | AM18: 1981 | AN18: 3 | AO18: 20 | AP18: 2003 | AQ18: 4
A19: 54075040 | B19: MISION LA [54075040] | C19: 4.2225 | D19: -77.276333 | E19: 14 | F19: Buenaventura | G19: Valle Del Cauca | H19: 16.2 | I19: 1983 | J19: 1 | K19: 15.4 | L19: 1983 | M19: 6 | N19: 20 | O19: 2011 | P19: 20 | Q19: 18.6 | R19: 1983 | S19: 13 | T19: 20.2 | U19: 2015 | V19: 8 | W19: 18.2 | X19: 1983 | Y19: 27 | Z19: 13.6 | AA19: 1984 | AB19: 19 | AC19: 18.2 | AD19: 1983 | AE19: 15 | AF19: 19.4 | AG19: 1983 | AH19: 25 | AI19: 19.6 | AJ19: 1992 | AK19: 13 | AL19: 20 | AM19: 1996 | AN19: 13 | AO19: 20 | AP19: 2010 | AQ19: 14
A20: 15065180 | B20: AEROPUERTO ALM. PADILLA - [15065180] | C20: 11.528444 | D20: -72.917722 | E20: 15 | F20: Riohacha | G20: La Guajira | H20: 17.2 | I20: 1995 | J20: 10 | K20: 18 | L20: 1976 | M20: 2 | N20: 18 | O20: 1976 | P20: 30 | Q20: 19.2 | R20: 1976 | S20: 2 | T20: 20.8 | U20: 1977 | V20: 1 | W20: 20.4 | X20: 1986 | Y20: 8 | Z20: 20.2 | AA20: 2013 | AB20: 29 | AC20: 21.4 | AD20: 1986 | AE20: 24 | AF20: 19.2 | AG20: 1994 | AH20: 22 | AI20: 20 | AJ20: 1987 | AK20: 11 | AL20: 18.8 | AM20: 1990 | AN20: 25 | AO20: 18 | AP20: 2008 | AQ20: 21
A21: 25025100 | B21: AEROPUERTO BARACOA [25025100] | C21: 9.2819444 | D21: -74.845278 | E21: 18 | F21: Magangué | G21: Bolivar | H21: 17.4 | I21: 1979 | J21: 6 | K21: 17.4 | L21: 2015 | M21: 7 | N21: 18.2 | O21: 1999 | P21: 15 | Q21: 20 | R21: 1992 | S21: 30 | T21: 18 | U21: 1999 | V21: 16 | W21: 17.8 | X21: 1999 | Y21: 14 | Z21: 17.6 | AA21: 1999 | AB21: 10 | AC21: 17.2 | AD21: 1992 | AE21: 24 | AF21: 17.4 | AG21: 1992 | AH21: 17 | AI21: 17.2 | AJ21: 1992 | AK21: 2 | AL21: 18 | AM21: 1992 | AN21: 13 | AO21: 18.2 | AP21: 1992 | AQ21: 3
A22: 13035501 | B22: AEROPUERTO LOS GARZONES [13035501] | C22: 8.8258333 | D22: -75.825139 | E22: 20 | F22: Montería | G22: Cordoba | H22: 19.2 | I22: 2008 | J22: 3 | K22: 18.7 | L22: 2008 | M22: 3 | N22: 19.4 | O22: 1995 | P22: 25 | Q22: 19 | R22: 1978 | S22: 24 | T22: 20 | U22: 1979 | V22: 22 | W22: 20.2 | X22: 2013 | Y22: 28 | Z22: 19.8 | AA22: 1988 | AB22: 4 | AC22: 19.8 | AD22: 2000 | AE22: 13 | AF22: 19.8 | AG22: 2000 | AH22: 24 | AI22: 19.6 | AJ22: 2011 | AK22: 22 | AL22: 20.8 | AM22: 2015 | AN22: 2 | AO22: 20.2 | AP22: 1994 | AQ22: 29
A23: 13075010 | B23: CHIMA [13075010] | C23: 9.15075 | D23: -75.622083 | E23: 20 | F23: Chima | G23: Cordoba | H23: 17.3 | I23: 1991 | J23: 31 | K23: 18.2 | L23: 1985 | M23: 28 | N23: 18.8 | O23: 2018 | P23: 1 | Q23: 18.8 | R23: 2018 | S23: 7 | T23: 18.6 | U23: 2018 | V23: 9 | W23: 17.1 | X23: 1991 | Y23: 18 | Z23: 17.2 | AA23: 1991 | AB23: 5 | AC23: 16.2 | AD23: 1990 | AE23: 10 | AF23: 17.2 | AG23: 1990 | AH23: 2 | AI23: 16.2 | AJ23: 1990 | AK23: 1 | AL23: 18.3 | AM23: 1992 | AN23: 17 | AO23: 18.4 | AP23: 1990 | AQ23: 5
A24: 13075030 | B24: TURIPANA [13075030] | C24: 8.8395278 | D24: -75.801889 | E24: 20 | F24: Cereté | G24: Cordoba | H24: 18 | I24: 1979 | J24: 5 | K24: 16.8 | L24: 1989 | M24: 16 | N24: 18.6 | O24: 1988 | P24: 25 | Q24: 19 | R24: 1974 | S24: 12 | T24: 18.5 | U24: 1979 | V24: 22 | W24: 18 | X24: 1980 | Y24: 9 | Z24: 20 | AA24: 1983 | AB24: 8 | AC24: 19 | AD24: 2002 | AE24: 29 | AF24: 18.5 | AG24: 1978 | AH24: 28 | AI24: 20 | AJ24: 1971 | AK24: 22 | AL24: 18 | AM24: 1988 | AN24: 16 | AO24: 18 | AP24: 1978 | AQ24: 15
A25: 13085010 | B25: DOCTRINA LA [13085010] | C25: 9.2972222 | D25: -75.892778 | E25: 20 | F25: Lorica | G25: Cordoba | H25: 19.4 | I25: 2017 | J25: 24 | K25: 19.6 | L25: 1989 | M25: 16 | N25: 21 | O25: 1979 | P25: 12 | Q25: 20.3 | R25: 1994 | S25: 1 | T25: 21.2 | U25: 1995 | V25: 17 | W25: 20 | X25: 2017 | Y25: 21 | Z25: 19.8 | AA25: 1985 | AB25: 11 | AC25: 20.8 | AD25: 1982 | AE25: 3 | AF25: 20.6 | AG25: 1993 | AH25: 23 | AI25: 20.4 | AJ25: 1996 | AK25: 23 | AL25: 20.8 | AM25: 2005 | AN25: 24 | AO25: 20.4 | AP25: 1985 | AQ25: 18
... A358: 26135140 | B358: LAGUNA LA [26135140] | C358: 4.7764167 | D358: -75.4125 | E358: 3950 | F358: Pereira | G358: Risaralda | H358: -5 | I358: 2002 | J358: 11 | K358: -8 | L358: 2002 | M358: 11 | N358: -4 | O358: 2000 | P358: 10 | Q358: -3 | R358: 1996 | S358: 17 | T358: -2.2 | U358: 1996 | V358: 15 | W358: -2.6 | X358: 2002 | Y358: 7 | Z358: -2.8 | AA358: 1997 | AB358: 21 | AC358: -2 | AD358: 1997 | AE358: 14 | AF358: -3 | AG358: 2001 | AH358: 7 | AI358: -2.8 | AJ358: 2001 | AK358: 1 | AL358: -3 | AM358: 2000 | AN358: 21 | AO358: -2.8 | AP358: 1997 | AQ358: 14

Sheet Control_Cambios
A1: Fecha | B1: Hoja | C1: Descripción | D1: Responsale
A2: 46071 | B2: Temperatura | C2: Se ajusto formula de MIN_MES, agregando condicionante para las estaciones que no presentan datos en el periodo de tiempo evaluado, se ajusta formula de RECORD_DIA con el fin de definir que se evalue el ultimo dato evaluado. | D2: ntoussaint
A3: 46076 | B3: Temperatura | C3: Se ajusta orden de las estaciones que llegan al CLIMAT, se adiciona actualización automatica del nombre el mes, y la cantidad del numero de dias, se elimina formula de busqueda del CLIMAT y se elimina hoja del CLIMAT, se renombran hoja del de Climatologia y Maximos con el sobrenombre del TMIN. | D3: ntoussaint
